FirstName,LastName,StartDate,ExitDate,Title,Supervisor,ADEmail,BusinessUnit,EmployeeStatus,EmployeeType,EmployeeClassificationType,TerminationType,DepartmentType,Division,DOB,State,GenderCode,Performance Score,Employee ID,Survey Date,Engagement Score,Satisfaction Score,Training Program Name,Training Type,Training Outcome,Location,Training Cost
Latia,Costa,2022-04-06,2023-07-03,Area Sales Manager,Jacob Braun,latia.costa@bilearner.com,WBL,Active,Full-Time,Temporary,Involuntary,Sales,General - Eng,1942-07-01,CA,Female,Exceeds,3433,2023-03-25,1,5,Customer Service,External,Passed,Lancehaven,295.08
Sharlene,Terry,2020-11-06,2023-01-29,Area Sales Manager,Tracy Marquez,sharlene.terry@bilearner.com,CCDR,Active,Contract,Full-Time,Involuntary,Sales,Engineers,1957-03-07,OR,Female,Fully Meets,3434,2023-04-21,1,4,Leadership Development,Internal,Passed,Jeremyshire,790.15
Joseph,Martins,2022-01-21,2023-06-29,Area Sales Manager,George Jenkins,joseph.martins@bilearner.com,BPC,Active,Part-Time,Temporary,Resignation,Sales,Engineers,1949-11-11,TX,Male,Fully Meets,3436,2023-07-30,5,5,Leadership Development,Internal,Failed,Nicolebury,192.61
Dheepa,Nguyen,2018-08-10,2019-11-04,Area Sales Manager,Brian Miller,dheepa.nguyen@bilearner.com,MSC,Active,Full-Time,Temporary,Retirement,Sales,General - Con,1948-04-06,GA,Female,Fully Meets,3438,2022-10-28,4,2,Technical Skills,Internal,Failed,Nunezmouth,208.17
Bartholemew,Khemmich,2022-05-25,2022-11-27,Area Sales Manager,Charles Parks,bartholemew.khemmich@bilearner.com,EW,Active,Full-Time,Temporary,Involuntary,Sales,Splicing,1981-11-24,CO,Male,Fully Meets,3439,2022-10-30,1,2,Technical Skills,External,Incomplete,Port Margaretview,421.07
Xana,Potts,2019-12-05,2023-02-17,Area Sales Manager,Gregory Walker,xana.potts@bilearner.com,CCDR,Active,Contract,Full-Time,Resignation,Sales,Finance & Accounting,1951-11-06,KY,Female,Fully Meets,3440,2022-09-24,1,4,Communication Skills,External,Failed,Nancyview,649.03
Kaylah,Moon,2019-07-09,2022-06-16,Area Sales Manager,Ashley Scott,kaylah.moon@bilearner.com,PYZ,Active,Full-Time,Full-Time,Retirement,IT/IS,Field Operations,1952-11-24,MA,Male,Exceeds,3442,2022-10-31,2,5,Project Management,External,Failed,Port Davidshire,286.87
Kristen,Tate,2021-04-05,2023-05-12,Area Sales Manager,Lauren Jones,kristen.tate@bilearner.com,WBL,Active,Full-Time,Part-Time,Voluntary,IT/IS,Project Management - Con,1994-04-08,KY,Male,Fully Meets,3443,2023-04-29,2,2,Technical Skills,External,Failed,East Katie,402.13
Bobby,Rodgers,2021-11-28,2022-02-04,Area Sales Manager,Matthew Jackson,bobby.rodgers@bilearner.com,NEL,Active,Contract,Part-Time,Voluntary,Sales,Engineers,1983-11-15,KY,Male,Fully Meets,3444,2022-12-14,1,2,Technical Skills,External,Failed,Jacobburgh,388.84
Mariela,Schultz,2020-05-26,2023-06-18,Area Sales Manager,Michelle Evans MD,mariela.schultz@bilearner.com,CCDR,Future Start,Part-Time,Part-Time,Involuntary,Sales,General - Con,1964-02-17,TX,Female,Fully Meets,3447,2023-05-08,5,1,Customer Service,Internal,Incomplete,Kristenton,353.21
Angela,Molina,2019-10-01,2020-11-06,Area Sales Manager,Patricia Cook,angela.molina@bilearner.com,SVG,Future Start,Full-Time,Temporary,Retirement,Sales,Engineers,1958-05-12,TX,Male,Fully Meets,3448,2023-03-28,5,1,Communication Skills,Internal,Completed,West Jamesview,911.05
Gerald,Preston,2023-05-10,2023-05-27,Area Sales Manager,Ashley Reeves,gerald.preston@bilearner.com,EW,Future Start,Contract,Temporary,Involuntary,Sales,General - Eng,1992-09-18,CO,Male,Fully Meets,3449,2023-06-30,3,2,Communication Skills,External,Completed,Josebury,242.21
Reilly,Moyer,2020-09-01,2022-12-04,Area Sales Manager,Stanley Harvey,reilly.moyer@bilearner.com,MSC,Active,Contract,Temporary,Resignation,Sales,Field Operations,1994-08-11,CO,Male,Exceeds,3450,2023-01-18,4,3,Technical Skills,Internal,Completed,South Benjaminfurt,186.07
Carlee,French,2021-02-18,2022-11-11,Area Sales Manager,Michael Bradshaw,carlee.french@bilearner.com,TNS,Active,Contract,Full-Time,Voluntary,Sales,General - Con,1968-01-15,CO,Male,Exceeds,3451,2023-04-29,5,1,Technical Skills,External,Completed,Duncanview,921.97
Charity,Miranda,2021-06-29,2022-07-05,Area Sales Manager,Daniel Rodriguez,charity.miranda@bilearner.com,WBL,Active,Full-Time,Temporary,Resignation,Sales,Project Management - Eng,1999-01-18,KY,Male,Exceeds,3455,2022-08-12,2,1,Project Management,External,Passed,Wadefurt,220.41
Cory,Robinson,2022-04-28,2023-05-24,Area Sales Manager,Elizabeth Anderson,cory.robinson@bilearner.com,BPC,Future Start,Contract,Full-Time,Voluntary,Sales,Field Operations,1996-08-12,TX,Female,Needs Improvement,3458,2023-02-14,2,5,Communication Skills,Internal,Failed,North Deborahville,409.27
Saniya,Yu,2021-04-18,2022-06-21,Area Sales Manager,Erin Bailey,saniya.yu@bilearner.com,CCDR,Future Start,Part-Time,Full-Time,Retirement,Sales,General - Con,1944-02-09,TX,Male,Exceeds,3459,2022-10-26,4,4,Communication Skills,Internal,Passed,Chapmanbury,168.32
Lincoln,Compton,2019-07-18,2021-10-01,Area Sales Manager,Tammy Conner,lincoln.compton@bilearner.com,EW,Future Start,Full-Time,Part-Time,Resignation,Sales,General - Con,1997-12-29,CO,Male,Needs Improvement,3461,2023-04-24,1,4,Technical Skills,External,Completed,Taylorland,948.43
Aliana,Nolan,2018-09-13,2021-09-17,Area Sales Manager,Brianna Mathews,aliana.nolan@bilearner.com,MSC,Active,Contract,Full-Time,Involuntary,Sales,Field Operations,1942-08-09,CO,Male,Needs Improvement,3462,2022-11-08,3,3,Project Management,External,Completed,Erinville,320.01
Kayden,Dodson,2020-04-30,2021-07-18,Area Sales Manager,Jessica Peters,kayden.dodson@bilearner.com,TNS,Active,Part-Time,Temporary,Retirement,Sales,Field Operations,1951-06-21,IN,Male,Fully Meets,3463,2022-09-18,4,3,Technical Skills,Internal,Incomplete,Harperchester,926.19
James,Duke,2018-12-03,2022-09-09,Area Sales Manager,Mark Harris,james.duke@bilearner.com,PYZ,Active,Contract,Full-Time,Involuntary,Sales,Shop (Fleet),1998-06-17,MA,Male,Needs Improvement,3464,2022-12-29,2,5,Customer Service,External,Passed,Trevorside,290.47
Clayton,Walker,2022-04-13,2023-04-10,Area Sales Manager,Jon Holden,clayton.walker@bilearner.com,PYZ,Active,Part-Time,Full-Time,Retirement,IT/IS,Aerial,1979-01-26,KY,Male,Exceeds,3466,2023-08-04,1,3,Customer Service,External,Passed,West Angelaside,447.66
Ryland,Shepherd,2020-07-29,2023-01-05,Area Sales Manager,James Berry,ryland.shepherd@bilearner.com,PL,Future Start,Contract,Full-Time,Resignation,Sales,Field Operations,1945-02-21,TX,Female,Needs Improvement,3469,2023-08-01,5,5,Communication Skills,Internal,Failed,North Jeanetteville,552.54
Esteban,Gilbert,2018-11-14,2019-10-28,Area Sales Manager,Gail Ali,esteban.gilbert@bilearner.com,BPC,Future Start,Contract,Part-Time,Retirement,Sales,Field Operations,1997-05-31,TX,Female,Needs Improvement,3470,2023-05-06,1,2,Project Management,External,Passed,New Molly,986.96
Vance,Trujillo,2021-09-21,2023-04-13,Area Sales Manager,Rebecca Simpson,vance.trujillo@bilearner.com,TNS,Active,Full-Time,Temporary,Resignation,Sales,General - Con,1957-12-25,IN,Male,Fully Meets,3475,2023-01-25,4,3,Customer Service,Internal,Passed,South Taylorfurt,648.76
Charlie,Koch,2023-06-12,2023-07-06,Area Sales Manager,Samantha Cardenas,charlie.koch@bilearner.com,PYZ,Active,Part-Time,Temporary,Voluntary,Sales,Fielders,1945-06-20,MA,Male,Needs Improvement,3476,2023-03-03,5,5,Leadership Development,Internal,Incomplete,Stephanieshire,533.5
Thomas,Chandler,2018-09-17,2019-01-09,Area Sales Manager,Richard Hodges,thomas.chandler@bilearner.com,WBL,Active,Full-Time,Temporary,Resignation,Sales,Wireline Construction,1957-10-10,KY,Female,Fully Meets,3478,2022-11-29,3,4,Technical Skills,External,Incomplete,Port Matthew,526.74
Sarai,Stone,2022-08-02,2023-04-02,Area Sales Manager,Madison Wilson,sarai.stone@bilearner.com,NEL,Active,Contract,Part-Time,Involuntary,Sales,Project Management - Con,1962-05-17,TX,Female,Fully Meets,3479,2022-11-03,4,4,Communication Skills,Internal,Passed,Stephanieburgh,443.45
Jerimiah,Harmon,2022-09-08,2022-10-16,Area Sales Manager,Eric King,jerimiah.harmon@bilearner.com,PL,Future Start,Full-Time,Temporary,Retirement,Sales,Catv,1946-08-09,TX,Female,Fully Meets,3480,2023-07-25,1,5,Leadership Development,External,Failed,North Amyfurt,887.15
Leland,Allen,2019-03-07,2021-05-31,Area Sales Manager,Brandon Harris,leland.allen@bilearner.com,BPC,Future Start,Full-Time,Part-Time,Voluntary,Sales,Wireline Construction,1965-12-11,TX,Male,Fully Meets,3481,2023-03-02,5,2,Technical Skills,External,Incomplete,East Charleston,758.95
Cristal,Bolton,2019-10-29,2021-02-07,Area Sales Manager,Matthew Flores,cristal.bolton@bilearner.com,CCDR,Future Start,Full-Time,Temporary,Resignation,Sales,Catv,1990-02-11,TX,Male,Needs Improvement,3482,2022-10-22,4,5,Technical Skills,Internal,Failed,Saraland,627.11
Brendon,Mcconnell,2022-10-31,2023-06-08,Area Sales Manager,Victoria Krause,brendon.mcconnell@bilearner.com,TNS,Active,Part-Time,Temporary,Involuntary,Sales,Fielders,1990-11-14,IN,Male,Fully Meets,3486,2022-08-27,3,1,Project Management,Internal,Completed,Lake Angelafort,812.59
Tia,Ellis,2023-06-22,2023-07-22,Area Sales Manager,Daniel Cabrera,tia.ellis@bilearner.com,TNS,Active,Part-Time,Temporary,Retirement,Sales,Wireline Construction,1993-01-27,IN,Male,Fully Meets,3495,2022-09-08,4,3,Customer Service,External,Passed,Port Andrew,701.55
Joel,Mcmillan,2023-04-26,2023-06-22,Area Sales Manager,Peter Harvey,joel.mcmillan@bilearner.com,PYZ,Active,Full-Time,Full-Time,Voluntary,Sales,General - Sga,1998-10-17,KY,Female,Fully Meets,3498,2023-06-19,3,3,Project Management,External,Failed,Yorkport,208.43
Maci,Frost,2018-09-25,2021-12-20,Area Sales Manager,Patrick Daniel,maci.frost@bilearner.com,WBL,Active,Part-Time,Temporary,Involuntary,Sales,Field Operations,1971-01-16,KY,Female,Fully Meets,3499,2023-07-21,5,3,Technical Skills,Internal,Incomplete,East Bradley,762.45
Nevaeh,Lucas,2018-11-20,2020-06-21,Area Sales Manager,Bryan Douglas,nevaeh.lucas@bilearner.com,NEL,Active,Full-Time,Part-Time,Voluntary,Sales,Shop (Fleet),2000-02-25,TX,Female,Fully Meets,3500,2023-05-14,4,1,Leadership Development,External,Incomplete,Smithchester,779.79
Garrett,Zimmerman,2020-08-30,2022-08-30,Area Sales Manager,Destiny Hopkins,garrett.zimmerman@bilearner.com,PL,Future Start,Part-Time,Part-Time,Retirement,Sales,General - Con,1959-04-19,TX,Male,Fully Meets,3501,2023-02-20,2,3,Project Management,External,Passed,South Kaylachester,135.95
Laila,Woodard,2019-08-27,2023-05-10,Area Sales Manager,Jordan Vega,laila.woodard@bilearner.com,MSC,Active,Full-Time,Temporary,Voluntary,Sales,Field Operations,1988-07-06,IN,Male,Fully Meets,3506,2023-06-27,2,2,Leadership Development,Internal,Completed,Deleonport,781.81
Ivan,Huff,2021-02-25,2023-04-07,Area Sales Manager,John Miller,ivan.huff@bilearner.com,TNS,Active,Full-Time,Full-Time,Retirement,Sales,Project Management - Con,1973-03-24,CA,Male,Fully Meets,3507,2023-03-31,2,5,Project Management,Internal,Passed,Loriberg,651.77
Karli,Barker,2021-08-17,2021-12-31,Area Sales Manager,Shawn Dudley,karli.barker@bilearner.com,WBL,Active,Part-Time,Full-Time,Resignation,Sales,Finance & Accounting,1997-02-18,KY,Female,Fully Meets,3511,2023-05-11,5,4,Technical Skills,Internal,Completed,Anthonyville,344.44
Tyrone,Sosa,2023-04-17,2023-06-22,Area Sales Manager,Lindsay Chang,tyrone.sosa@bilearner.com,NEL,Future Start,Contract,Temporary,Voluntary,Sales,Yard (Material Handling),1996-10-25,TX,Female,Fully Meets,3512,2023-02-20,5,1,Communication Skills,Internal,Failed,Bryantport,206.44
Damaris,Cisneros,2022-09-02,2023-05-24,Area Sales Manager,Sharon Ruiz,damaris.cisneros@bilearner.com,PL,Future Start,Contract,Temporary,Involuntary,Sales,General - Con,1959-11-13,TX,Male,Fully Meets,3513,2023-05-11,4,1,Communication Skills,External,Completed,East Adam,599.0
Kinsley,Flowers,2022-03-09,2022-12-10,Area Sales Manager,Mary Reilly,kinsley.flowers@bilearner.com,CCDR,Future Start,Part-Time,Part-Time,Retirement,Sales,Finance & Accounting,1997-04-29,CO,Male,Fully Meets,3515,2023-07-03,3,5,Customer Service,Internal,Completed,West Keith,143.96
Deborah,Love,2022-04-07,2023-01-22,Area Sales Manager,Eric Goodman,deborah.love@bilearner.com,SVG,Active,Contract,Part-Time,Retirement,Sales,Project Management - Con,1988-06-25,CO,Male,Fully Meets,3516,2022-11-15,2,3,Technical Skills,Internal,Incomplete,Lake Stephen,570.42
Roberto,Michael,2021-04-10,2022-07-04,Area Sales Manager,Cheryl Henry,roberto.michael@bilearner.com,MSC,Active,Contract,Part-Time,Involuntary,Sales,General - Eng,1969-05-24,CA,Female,Fully Meets,3518,2023-05-13,4,2,Customer Service,Internal,Completed,Port Vanessafort,826.58
Elaine,Ewing,2021-12-19,2022-03-02,Area Sales Manager,Dan Hernandez,elaine.ewing@bilearner.com,TNS,Active,Part-Time,Temporary,Resignation,Sales,Aerial,1951-03-28,CA,Male,Fully Meets,3519,2023-06-10,1,3,Leadership Development,External,Incomplete,Deborahshire,930.69
Caiden,Munoz,2020-12-13,2023-01-13,Area Sales Manager,Teresa Daniel,caiden.munoz@bilearner.com,TNS,Active,Full-Time,Temporary,Involuntary,Sales,Project Management - Con,1963-03-01,ND,Female,Fully Meets,3520,2022-09-17,5,1,Customer Service,External,Incomplete,North Anthonybury,607.93
Rohan,Chapman,2021-06-25,2022-08-25,Area Sales Manager,Tony Mcconnell,rohan.chapman@bilearner.com,CCDR,Active,Full-Time,Temporary,Resignation,Sales,General - Con,1978-12-19,KY,Female,Fully Meets,3523,2023-02-27,3,2,Leadership Development,External,Incomplete,South William,451.18
Emmanuel,Franklin,2021-07-26,2022-05-04,Area Sales Manager,Adam Gibson,emmanuel.franklin@bilearner.com,EW,Future Start,Contract,Full-Time,Resignation,Sales,Field Operations,1999-11-11,TX,Male,Fully Meets,3524,2023-05-19,3,2,Communication Skills,Internal,Completed,Wilsonmouth,124.65
Clayton,Mccormick,2022-07-03,2023-01-10,Area Sales Manager,Stephanie Duke,clayton.mccormick@bilearner.com,MSC,Future Start,Contract,Temporary,Retirement,Sales,General - Con,1967-01-29,TX,Male,Fully Meets,3525,2023-02-01,1,2,Leadership Development,External,Incomplete,East Michaelburgh,237.75
Ahmed,Hawkins,2020-05-01,2021-02-25,Area Sales Manager,Hannah Snyder,ahmed.hawkins@bilearner.com,PL,Active,Full-Time,Temporary,Retirement,Sales,Aerial,1974-10-15,CO,Male,Fully Meets,3527,2023-02-27,1,3,Project Management,Internal,Failed,Berryland,396.28
Callum,Mcdaniel,2020-01-03,2020-08-24,Area Sales Manager,Samuel Moore,callum.mcdaniel@bilearner.com,SVG,Active,Part-Time,Full-Time,Voluntary,Sales,Field Operations,1994-06-18,IN,Male,Fully Meets,3529,2023-07-15,2,3,Project Management,Internal,Incomplete,South Andretown,515.56
Slade,Griffith,2021-06-01,2023-07-16,Area Sales Manager,Kelsey Gibson,slade.griffith@bilearner.com,MSC,Active,Contract,Full-Time,Voluntary,Sales,General - Sga,1966-11-12,ND,Male,Fully Meets,3533,2023-01-08,2,5,Leadership Development,Internal,Completed,North Janet,418.4
Veronica,Rowe,2018-12-11,2022-06-02,Area Sales Manager,Brian Morton,veronica.rowe@bilearner.com,PYZ,Active,Full-Time,Temporary,Retirement,Sales,Fielders,1994-02-02,KY,Female,Fully Meets,3535,2022-11-01,1,5,Technical Skills,External,Incomplete,Derrickview,936.96
Neveah,Rowe,2022-05-28,2023-02-24,Area Sales Manager,Dawn Perez,neveah.rowe@bilearner.com,NEL,Future Start,Contract,Part-Time,Retirement,Sales,Field Operations,1954-07-11,TX,Male,Fully Meets,3537,2022-09-09,4,2,Leadership Development,Internal,Completed,Griffintown,853.77
Keith,Baxter,2019-06-16,2022-03-05,Area Sales Manager,Diane Parker,keith.baxter@bilearner.com,PL,Future Start,Part-Time,Part-Time,Resignation,Sales,Fielders,1959-08-29,TX,Male,Fully Meets,3538,2023-04-20,1,5,Technical Skills,Internal,Failed,East Crystal,141.07
Maya,Mccann,2020-03-12,2022-10-09,Area Sales Manager,Dakota Robinson,maya.mccann@bilearner.com,CCDR,Active,Full-Time,Part-Time,Retirement,Sales,Splicing,1983-06-09,CO,Male,Exceeds,3540,2023-06-25,2,2,Communication Skills,External,Incomplete,West Josephmouth,903.46
Aaron,Weber,2020-04-06,2023-07-24,Area Sales Manager,Melanie Garcia,aaron.weber@bilearner.com,SVG,Active,Full-Time,Full-Time,Involuntary,Sales,Field Operations,1991-10-27,IN,Male,Exceeds,3541,2022-11-28,1,3,Customer Service,External,Passed,East Timothy,380.3
Samara,Mcbride,2023-06-29,2023-07-09,Area Sales Manager,Laura Salinas,samara.mcbride@bilearner.com,TNS,Active,Contract,Temporary,Retirement,Sales,Aerial,2000-09-16,CA,Male,Fully Meets,3544,2022-09-14,3,5,Leadership Development,External,Passed,Rayborough,842.93
Paris,Carr,2021-07-31,2023-01-27,Area Sales Manager,Jeffrey Huffman,paris.carr@bilearner.com,CCDR,Active,Full-Time,Part-Time,Voluntary,Sales,General - Con,1980-07-14,ND,Male,Exceeds,3546,2023-05-10,2,5,Project Management,External,Passed,New Faith,426.45
Sanaa,Glass,2021-07-11,2022-10-10,Area Sales Manager,Stephen Garcia,sanaa.glass@bilearner.com,WBL,Active,Part-Time,Full-Time,Resignation,Sales,General - Con,1964-01-25,KY,Female,Fully Meets,3548,2022-10-06,5,5,Leadership Development,External,Passed,Lake Tinamouth,368.8
Ryan,Lynch,2018-10-15,2020-10-18,Area Sales Manager,Tracy Castro MD,ryan.lynch@bilearner.com,TNS,Active,Full-Time,Full-Time,Retirement,Sales,Field Operations,1955-03-17,GA,Female,Fully Meets,3549,2023-04-19,1,4,Communication Skills,External,Failed,Claudiashire,788.67
Charlie,Atkinson,2021-11-26,2022-10-14,Area Sales Manager,Jennifer Hicks,charlie.atkinson@bilearner.com,SVG,Future Start,Part-Time,Temporary,Resignation,Sales,Wireline Construction,1988-03-26,TX,Male,Fully Meets,3550,2023-01-23,3,5,Project Management,Internal,Completed,New Bonnie,363.11
Harper,Ramos,2020-02-16,2020-06-03,Area Sales Manager,Maria Chan,harper.ramos@bilearner.com,PL,Active,Full-Time,Full-Time,Retirement,Sales,Field Operations,1942-08-11,CO,Male,Needs Improvement,3552,2022-10-14,3,4,Leadership Development,External,Failed,Charlottebury,480.87
Matilda,Randall,2023-01-06,2023-05-07,Area Sales Manager,Daniel Wolf,matilda.randall@bilearner.com,EW,Active,Full-Time,Temporary,Resignation,Sales,General - Eng,1988-01-11,IN,Female,Fully Meets,3555,2023-01-13,2,5,Leadership Development,External,Passed,Nashview,566.12
Damien,Howe,2019-07-18,2020-01-15,Area Sales Manager,Sarah Petersen,damien.howe@bilearner.com,CCDR,Active,Full-Time,Temporary,Retirement,Sales,Wireline Construction,1961-06-16,CA,Male,Exceeds,3556,2023-06-11,2,2,Customer Service,Internal,Incomplete,Christinastad,513.92
Wilson K,Adinolfi,2019-11-06,2020-09-06,Production Technician I,Andrea Gutierrez,wilson k.adinolfi@bilearner.com,NEL,Active,Part-Time,Full-Time,Retirement,Production       ,Field Operations,1991-11-18,MA,Male,Fully Meets,3559,2022-12-27,3,2,Project Management,External,Failed,West Michelletown,959.81
Jean,Crimmings,2019-05-21,2023-01-05,Production Technician I,Stephen Rodriguez,jean.crimmings@bilearner.com,CCDR,Future Start,Contract,Full-Time,Retirement,Production       ,Shop (Fleet),1954-04-09,MA,Female,Exceeds,3562,2022-11-27,2,1,Project Management,External,Failed,West William,808.05
Susan,Lundy,2019-01-26,2020-12-02,Production Technician II,Diana Johnson,susan.lundy@bilearner.com,SVG,Voluntarily Terminated,Full-Time,Temporary,Resignation,Production       ,Aerial,1994-11-07,MA,Female,Fully Meets,3564,2023-03-12,4,4,Technical Skills,External,Incomplete,North Richard,106.14
Quinn,Rarrick,2023-07-11,2023-07-29,Production Technician I,Susan Brown,quinn.rarrick@bilearner.com,EW,Voluntarily Terminated,Full-Time,Part-Time,Involuntary,Production       ,Field Operations,1974-12-08,MA,Male,Fully Meets,3568,2023-02-07,2,4,Project Management,Internal,Incomplete,Frenchside,201.76
Beatrice,Chace,2019-02-09,2020-08-28,Production Technician I,Margaret Hampton,beatrice.chace@bilearner.com,MSC,Active,Part-Time,Temporary,Involuntary,Production       ,Catv,1995-07-19,MA,Female,Fully Meets,3569,2022-12-24,1,3,Technical Skills,External,Incomplete,Fernandezborough,730.04
Adrienne J,Homberger,2019-04-19,2021-10-26,Production Technician II,Brandon Miller,adrienne j.homberger@bilearner.com,TNS,Voluntarily Terminated,Full-Time,Temporary,Voluntary,Production       ,Fielders,1974-11-23,MA,Female,Fully Meets,3570,2023-01-02,2,5,Project Management,External,Failed,Port Kristopherfurt,796.88
Marilyn,Linares,2022-07-07,2023-07-17,Production Technician I,Dr. Matthew Schmitt,marilyn.linares@bilearner.com,NEL,Voluntarily Terminated,Part-Time,Full-Time,Resignation,Production       ,Field Operations,1947-08-29,MA,Female,Fully Meets,3571,2022-11-23,4,1,Project Management,External,Completed,North William,834.44
Timothy,Sullivan,2019-03-12,2020-05-19,Production Technician I,Shawn Berry,timothy.sullivan@bilearner.com,WBL,Active,Contract,Part-Time,Retirement,Production       ,Fielders,1994-06-07,MA,Male,Fully Meets,3572,2022-12-05,5,5,Leadership Development,Internal,Failed,Port Dennis,569.17
Jennifer,Medeiros,2020-03-09,2021-10-17,Production Technician I,Brittany Martin,jennifer.medeiros@bilearner.com,NEL,Active,Contract,Full-Time,Involuntary,Production       ,Field Operations,1983-10-26,MA,Female,Exceeds,3573,2022-12-31,4,1,Customer Service,Internal,Completed,Port Desireeburgh,386.07
Anna,Von Massenbach,2021-05-18,2022-01-04,Production Technician I,Timothy Weaver,anna.von massenbach@bilearner.com,WBL,Future Start,Contract,Full-Time,Involuntary,Production       ,Underground,1951-05-06,MA,Female,Fully Meets,3574,2023-07-07,3,3,Customer Service,Internal,Completed,Port Amy,309.56
George,Johnson,2021-04-28,2022-01-18,Production Technician I,Amanda Smith,george.johnson@bilearner.com,MSC,Voluntarily Terminated,Part-Time,Temporary,Resignation,Production       ,Field Operations,1987-03-05,MA,Male,Exceeds,3575,2023-06-26,5,1,Technical Skills,Internal,Incomplete,South Paulport,583.21
Angela,Erilus,2021-07-21,2023-04-26,Production Technician II,Marc Cummings,angela.erilus@bilearner.com,PL,Active,Full-Time,Full-Time,Voluntary,Production       ,Engineers,1992-04-26,MA,Female,Exceeds,3576,2023-03-23,2,3,Project Management,External,Completed,East Taylor,398.65
Ross,Strickland,2020-11-20,2023-05-01,Production Technician I,Paul Walker,ross.strickland@bilearner.com,SVG,Active,Full-Time,Part-Time,Voluntary,Production       ,Wireline Construction,1943-03-08,MA,Male,Fully Meets,3581,2022-08-29,3,4,Communication Skills,External,Completed,Michaelberg,122.07
Augustus,Drake,2020-08-19,2022-05-04,Production Technician I,Elizabeth Robertson,augustus.drake@bilearner.com,TNS,Active,Part-Time,Part-Time,Retirement,Production       ,Yard (Material Handling),1968-08-09,MA,Male,Fully Meets,3582,2022-09-17,2,2,Communication Skills,Internal,Completed,Lopezborough,875.02
Gracelyn,Huynh,2021-04-28,2022-04-18,Production Technician I,Tasha Mayer,gracelyn.huynh@bilearner.com,WBL,Active,Full-Time,Temporary,Retirement,Production       ,Field Operations,1958-11-20,MA,Female,Needs Improvement,3583,2023-07-05,4,1,Communication Skills,Internal,Incomplete,Philipburgh,116.4
Jaqueline,Terrell,2019-02-01,2019-02-10,Production Technician I,Veronica Wiley,jaqueline.terrell@bilearner.com,EW,Active,Part-Time,Full-Time,Resignation,Production       ,People Services,2000-12-27,MA,Female,Fully Meets,3586,2023-01-31,4,2,Communication Skills,External,Completed,Browntown,502.7
Quinn,Mccullough,2021-05-10,2021-12-17,Production Technician I,Katherine Gay,quinn.mccullough@bilearner.com,MSC,Active,Full-Time,Temporary,Resignation,Production       ,General - Eng,1977-12-25,MA,Male,Fully Meets,3587,2023-05-24,1,2,Leadership Development,External,Completed,New Larryshire,570.04
Selena,Greer,2019-06-25,2019-08-15,Production Technician I,Paul Lopez,selena.greer@bilearner.com,NEL,Active,Full-Time,Full-Time,Retirement,Production       ,Shop (Fleet),1972-03-08,MA,Male,Fully Meets,3588,2023-05-10,4,2,Communication Skills,External,Passed,Montgomeryland,538.83
Dominik,Mullen,2021-02-25,2022-10-13,Production Technician I,Jessica Allen,dominik.mullen@bilearner.com,PYZ,Future Start,Part-Time,Full-Time,Retirement,Production       ,Field Operations,1995-05-31,MA,Male,Fully Meets,3590,2022-12-06,2,5,Leadership Development,External,Completed,North Janetbury,274.33
Abdullah,Ellison,2021-11-23,2023-05-29,Production Technician I,Dr. William Thompson,abdullah.ellison@bilearner.com,SVG,Future Start,Contract,Part-Time,Voluntary,Production       ,Field Operations,1998-11-14,MA,Female,Needs Improvement,3591,2023-07-27,2,1,Customer Service,Internal,Failed,Michaelfurt,247.01
Andre,Guzman,2021-10-05,2022-06-18,Production Technician I,Mrs. Audrey Gonzalez DDS,andre.guzman@bilearner.com,TNS,Future Start,Contract,Full-Time,Voluntary,Production       ,Field Operations,1998-12-23,MA,Male,Fully Meets,3592,2022-11-15,4,1,Leadership Development,External,Incomplete,Williamsborough,734.68
Fisher,Stafford,2020-09-22,2022-09-14,Production Technician I,Nicole Delgado,fisher.stafford@bilearner.com,WBL,Active,Contract,Temporary,Resignation,Production       ,Engineers,1952-03-02,MA,Male,Fully Meets,3595,2023-01-19,2,3,Technical Skills,External,Passed,Popetown,252.88
Brenton,Monroe,2020-06-06,2021-04-14,Production Technician II,Autumn Decker,brenton.monroe@bilearner.com,PYZ,Future Start,Contract,Part-Time,Retirement,Production       ,General - Con,1986-10-31,MA,Female,Fully Meets,3597,2022-10-27,5,4,Technical Skills,External,Incomplete,Port Jennifershire,505.59
Derick,Rocha,2018-09-28,2023-08-05,Production Technician II,Alex Moore,derick.rocha@bilearner.com,SVG,Voluntarily Terminated,Part-Time,Full-Time,Resignation,Production       ,Project Management - Eng,1950-10-06,MA,Female,Needs Improvement,3598,2023-07-01,2,5,Technical Skills,Internal,Passed,Aliciahaven,373.87
Helena,Davenport,2021-04-11,2023-05-24,Production Technician II,Crystal Mcneil,helena.davenport@bilearner.com,CCDR,Voluntarily Terminated,Full-Time,Part-Time,Involuntary,Production       ,Engineers,1994-10-12,MA,Female,Fully Meets,3602,2023-08-04,3,3,Technical Skills,External,Incomplete,New Michael,632.59
Houston,Aguirre,2018-11-29,2019-02-21,Production Technician II,Christine Costa,houston.aguirre@bilearner.com,EW,Voluntarily Terminated,Full-Time,Part-Time,Resignation,Production       ,Field Operations,1977-02-15,MA,Female,Fully Meets,3603,2022-10-08,5,1,Technical Skills,External,Incomplete,East Kristaton,680.48
Kane,Owen,2019-01-16,2022-08-31,Production Technician II,Mark Hale,kane.owen@bilearner.com,MSC,Active,Part-Time,Full-Time,Resignation,Production       ,Field Operations,1948-03-09,MA,Female,Needs Improvement,3604,2022-12-15,3,5,Project Management,External,Failed,Lake Scotttown,287.71
Clarissa,Winters,2019-08-01,2023-01-20,Production Technician I,Eric Gonzales,clarissa.winters@bilearner.com,SVG,Voluntarily Terminated,Part-Time,Full-Time,Involuntary,Production       ,Billable Consultants,1965-03-13,MA,Male,Fully Meets,3606,2023-03-27,3,5,Project Management,Internal,Passed,New Derrick,255.6
Frankie,Atkins,2019-06-18,2021-04-14,Production Technician I,Christopher Murray,frankie.atkins@bilearner.com,EW,Active,Full-Time,Full-Time,Resignation,Production       ,Project Management - Con,1976-08-03,MA,Male,Fully Meets,3607,2023-07-18,2,4,Customer Service,External,Passed,Port Tammyside,321.91
Bridget,Deleon,2020-01-08,2021-07-02,Production Technician I,Clifford Martinez,bridget.deleon@bilearner.com,BPC,Active,Contract,Temporary,Voluntary,Production       ,Project Management - Con,1973-08-31,MA,Male,Fully Meets,3614,2023-07-04,4,5,Leadership Development,External,Passed,Emilymouth,868.85
Martin,Weber,2021-05-13,2022-09-22,Production Technician I,Lee Hudson,martin.weber@bilearner.com,CCDR,Future Start,Full-Time,Part-Time,Retirement,Production       ,General - Con,1986-05-14,MA,Male,Exceeds,3615,2023-02-06,3,1,Communication Skills,Internal,Passed,New Paul,701.34
Karissa,Bowers,2023-03-23,2023-05-01,Production Technician I,Robert Wright,karissa.bowers@bilearner.com,TNS,Active,Full-Time,Full-Time,Involuntary,Production       ,General - Con,1984-03-17,MA,Male,Fully Meets,3619,2023-04-30,1,5,Project Management,Internal,Passed,Davismouth,656.68
Noel,Ramirez,2023-03-22,2023-07-14,Production Technician I,Mr. Nicholas Austin,noel.ramirez@bilearner.com,PYZ,Active,Part-Time,Temporary,Involuntary,Production       ,General - Eng,1994-10-12,MA,Male,Fully Meets,3620,2022-08-29,1,2,Technical Skills,Internal,Completed,North Ebony,654.22
Danika,Fleming,2020-07-09,2021-07-10,Production Technician II,Christopher Ayers,danika.fleming@bilearner.com,SVG,Active,Part-Time,Temporary,Resignation,Production       ,Field Operations,1995-10-16,MA,Female,Fully Meets,3622,2023-07-26,3,1,Project Management,External,Completed,East Kevinport,977.23
Gabriel,Dodson,2021-11-11,2022-07-31,Production Technician II,Tammy Navarro,gabriel.dodson@bilearner.com,TNS,Voluntarily Terminated,Contract,Part-Time,Resignation,Production       ,Engineers,1975-12-14,MA,Female,Fully Meets,3625,2022-08-28,5,2,Technical Skills,External,Incomplete,East Jaime,617.27
Ruth,Harrell,2019-08-21,2022-10-28,Production Technician II,Jesse Wilson,ruth.harrell@bilearner.com,WBL,Voluntarily Terminated,Contract,Full-Time,Resignation,Production       ,Field Operations,1967-02-23,MA,Female,Fully Meets,3627,2023-01-29,1,1,Leadership Development,Internal,Incomplete,West Amandaburgh,113.89
Reginald,Lowery,2022-08-27,2022-12-03,Production Technician I,Dr. David Austin Jr.,reginald.lowery@bilearner.com,NEL,Voluntarily Terminated,Contract,Full-Time,Voluntary,Production       ,Field Operations,1983-11-26,MA,Male,Fully Meets,3629,2022-11-18,2,4,Technical Skills,Internal,Incomplete,Jacksonville,343.76
Shaniya,Becker,2022-08-08,2022-10-25,Production Technician I,Kristin Salinas,shaniya.becker@bilearner.com,EW,Active,Contract,Full-Time,Retirement,Production       ,Wireline Construction,1947-04-28,MA,Male,Fully Meets,3631,2023-02-10,4,1,Customer Service,Internal,Completed,Smithchester,691.12
Ryan,Oconnell,2022-09-24,2022-10-24,Production Technician I,Bridget Jones,ryan.oconnell@bilearner.com,CCDR,Active,Contract,Full-Time,Involuntary,Production       ,Field Operations,1945-10-03,MA,Male,Fully Meets,3632,2023-02-27,3,4,Technical Skills,Internal,Completed,West Stacystad,174.85
Keyon,Haley,2023-06-23,2023-07-26,Production Technician I,Eric Cunningham,keyon.haley@bilearner.com,PYZ,Active,Part-Time,Full-Time,Retirement,Production       ,General - Sga,1962-04-26,MA,Female,Fully Meets,3634,2023-06-25,2,5,Technical Skills,External,Incomplete,Mariabury,254.68
Jaylen,Acosta,2019-09-19,2020-04-14,Production Technician I,Mark Knight,jaylen.acosta@bilearner.com,CCDR,Future Start,Contract,Full-Time,Retirement,Production       ,Field Operations,1966-01-08,MA,Female,Fully Meets,3639,2023-03-17,3,2,Communication Skills,External,Completed,Mcleanchester,160.86
Kiersten,Ellis,2020-02-07,2021-05-01,Production Technician I,Eric Michael,kiersten.ellis@bilearner.com,EW,Future Start,Contract,Full-Time,Voluntary,Production       ,General - Con,1971-01-15,MA,Male,Fully Meets,3641,2022-11-07,2,5,Leadership Development,Internal,Passed,Toddburgh,831.52
Karissa,Carrillo,2020-04-29,2021-11-12,Production Technician I,Alexandra Martin,karissa.carrillo@bilearner.com,MSC,Future Start,Contract,Full-Time,Retirement,Production       ,Field Operations,1978-05-31,MA,Male,Fully Meets,3642,2022-10-08,4,1,Communication Skills,Internal,Completed,Michelleshire,234.74
Nathen,Arias,2020-12-28,2021-01-30,Production Technician II,Craig Leblanc,nathen.arias@bilearner.com,EW,Voluntarily Terminated,Part-Time,Part-Time,Involuntary,Production       ,Engineers,1966-07-24,MA,Female,Fully Meets,3647,2022-12-28,2,4,Technical Skills,Internal,Completed,Duarteside,199.55
Amirah,Stanley,2019-10-03,2022-02-28,Production Technician II,Jason Jenkins,amirah.stanley@bilearner.com,PYZ,Voluntarily Terminated,Full-Time,Part-Time,Retirement,Production       ,Field Operations,1991-12-25,MA,Female,Fully Meets,3650,2023-06-30,3,2,Communication Skills,External,Passed,Mirandaburgh,242.71
Owen,Dillon,2019-08-30,2022-08-27,Production Technician I,Victoria Maldonado,owen.dillon@bilearner.com,NEL,Voluntarily Terminated,Part-Time,Part-Time,Resignation,Production       ,Field Operations,1946-08-16,MA,Male,Fully Meets,3652,2022-09-01,1,5,Communication Skills,External,Incomplete,Adamsberg,962.45
Bridget,Bray,2021-02-04,2023-07-30,Production Technician I,William Watson,bridget.bray@bilearner.com,PL,Voluntarily Terminated,Contract,Part-Time,Voluntary,Production       ,General - Con,1995-06-29,MA,Male,Exceeds,3653,2023-05-31,4,4,Customer Service,External,Failed,Lake Carlmouth,791.72
Emery,Gillespie,2022-11-04,2023-07-07,Production Technician I,Thomas Jackson,emery.gillespie@bilearner.com,BPC,Active,Part-Time,Temporary,Involuntary,Production       ,Project Management - Con,1966-11-25,MA,Female,Fully Meets,3658,2023-08-02,5,4,Leadership Development,External,Incomplete,South Sean,799.88
Kaylee,Baldwin,2019-10-02,2019-10-13,Production Technician I,Eric Powell,kaylee.baldwin@bilearner.com,CCDR,Active,Full-Time,Part-Time,Voluntary,Production       ,Field Operations,1989-10-30,MA,Male,Exceeds,3659,2022-08-26,3,1,Leadership Development,External,Passed,North Ashleytown,242.87
Reagan,Brennan,2022-02-28,2022-09-05,Production Technician I,Denise Roman,reagan.brennan@bilearner.com,MSC,Active,Contract,Temporary,Involuntary,Production       ,Executive,1952-05-22,MA,Male,Fully Meets,3661,2023-07-06,3,2,Customer Service,External,Passed,Tyroneburgh,471.5
Brandon,Anderson,2019-10-07,2022-01-22,Production Technician I,Sean Kennedy,brandon.anderson@bilearner.com,PL,Future Start,Part-Time,Full-Time,Retirement,Production       ,General - Con,1977-11-23,MA,Female,Exceeds,3663,2023-04-26,2,3,Technical Skills,Internal,Passed,Judyburgh,816.64
Diana,Garza,2020-10-06,2022-01-12,Production Technician I,Robert Reid,diana.garza@bilearner.com,PYZ,Future Start,Full-Time,Part-Time,Involuntary,Production       ,Field Operations,1956-08-15,MA,Female,Fully Meets,3664,2023-05-30,5,3,Communication Skills,Internal,Incomplete,Schaeferhaven,210.44
Davin,Peters,2022-04-29,2023-01-21,Production Technician I,Melissa Shaw,davin.peters@bilearner.com,TNS,Active,Full-Time,Full-Time,Involuntary,Production       ,Field Operations,1956-05-19,MA,Male,Fully Meets,3666,2023-04-26,5,2,Project Management,Internal,Completed,New Betty,343.52
Leyla,Warren,2022-12-11,2023-04-28,Production Technician I,Brooke Meyer,leyla.warren@bilearner.com,WBL,Active,Part-Time,Temporary,Resignation,Production       ,Billable Consultants,1998-08-23,MA,Male,Fully Meets,3667,2022-11-18,1,1,Leadership Development,Internal,Completed,North Williamborough,860.31
Victoria,Allen,2023-08-06,2023-08-06,Production Technician I,Christopher Clark,victoria.allen@bilearner.com,BPC,Active,Full-Time,Full-Time,Voluntary,Production       ,Underground,1996-05-24,MA,Male,Needs Improvement,3668,2023-06-29,1,5,Customer Service,External,Completed,East John,265.55
Tyler,Hines,2020-03-28,2023-03-12,Production Technician I,Joshua Francis,tyler.hines@bilearner.com,CCDR,Voluntarily Terminated,Contract,Temporary,Retirement,Production       ,Finance & Accounting,1967-01-16,MA,Male,Fully Meets,3669,2023-04-11,4,2,Project Management,Internal,Completed,Stacyhaven,183.85
Sandra,Atkinson,2022-08-11,2023-03-27,Production Technician II,Walter Shaw,sandra.atkinson@bilearner.com,SVG,Active,Full-Time,Full-Time,Resignation,Production       ,Billable Consultants,1969-01-17,MA,Female,Needs Improvement,3670,2022-08-16,2,2,Project Management,External,Completed,East Rhonda,942.09
Simone,Hayes,2023-01-26,2023-06-19,Production Technician II,Alexander Roberts,simone.hayes@bilearner.com,EW,Voluntarily Terminated,Part-Time,Temporary,Involuntary,Production       ,Splicing,1989-12-29,MA,Female,Needs Improvement,3671,2023-01-10,3,4,Communication Skills,External,Passed,East Andrew,381.94
Lane,Zuniga,2022-06-11,2023-01-10,Production Technician II,Casey Morris,lane.zuniga@bilearner.com,TNS,Voluntarily Terminated,Full-Time,Temporary,Voluntary,Production       ,People Services,1973-02-19,MA,Female,Fully Meets,3673,2023-06-08,3,3,Customer Service,External,Passed,Davisfort,578.02
Isabelle,Shields,2020-06-25,2022-03-02,Production Technician II,Sarah Williamson,isabelle.shields@bilearner.com,BPC,Voluntarily Terminated,Part-Time,Part-Time,Voluntary,Production       ,Engineers,1996-05-01,MA,Female,Fully Meets,3674,2023-04-02,4,4,Project Management,Internal,Completed,South Robin,223.29
Mario,Mays,2020-06-08,2022-12-29,Production Technician II,Melissa Torres,mario.mays@bilearner.com,CCDR,Active,Full-Time,Full-Time,Resignation,Production       ,Engineers,1952-08-28,MA,Female,Fully Meets,3675,2023-05-05,5,3,Customer Service,Internal,Passed,East Biancabury,992.37
Kai,Gaines,2021-11-02,2021-12-11,Production Technician I,Mackenzie Porter,kai.gaines@bilearner.com,WBL,Active,Part-Time,Temporary,Involuntary,Production       ,Finance & Accounting,1956-01-06,MA,Male,Fully Meets,3683,2022-10-25,2,1,Project Management,Internal,Completed,Wongchester,990.69
Noelle,Levy,2019-12-01,2022-12-25,Production Technician I,Robert Simmons,noelle.levy@bilearner.com,NEL,Active,Contract,Part-Time,Involuntary,Production       ,Field Operations,1954-08-03,MA,Male,Fully Meets,3684,2023-04-16,5,5,Communication Skills,Internal,Completed,Lake Janet,939.39
Kylie,Jimenez,2022-08-16,2022-11-10,Production Technician I,Jordan Harrison,kylie.jimenez@bilearner.com,PL,Active,Full-Time,Full-Time,Retirement,Production       ,Project Management - Con,1986-06-22,MA,Male,Fully Meets,3685,2023-01-03,4,3,Leadership Development,External,Passed,Mcclureshire,941.12
Carly,Figueroa,2021-04-25,2022-12-12,Production Technician I,Jesse Farmer,carly.figueroa@bilearner.com,BPC,Future Start,Part-Time,Full-Time,Retirement,Production       ,Engineers,1998-04-20,MA,Male,Exceeds,3686,2023-01-03,3,3,Project Management,Internal,Incomplete,Lake Katelyn,878.11
Brynn,Harding,2019-05-04,2021-08-03,Production Technician I,Kathleen Clark,brynn.harding@bilearner.com,SVG,Future Start,Contract,Full-Time,Involuntary,Production       ,Wireline Construction,1951-09-19,MA,Female,Exceeds,3688,2022-12-02,4,4,Customer Service,Internal,Failed,Edwinfurt,269.88
Jaylene,Deleon,2020-08-04,2021-02-27,Production Technician I,Adam Barber,jaylene.deleon@bilearner.com,MSC,Active,Part-Time,Temporary,Voluntary,Production       ,Yard (Material Handling),1950-11-14,MA,Male,Needs Improvement,3690,2023-05-31,4,3,Technical Skills,Internal,Completed,Davidside,589.5
Amya,Vega,2019-05-20,2020-08-30,Production Technician II,Alexa Smith,amya.vega@bilearner.com,SVG,Active,Part-Time,Temporary,Involuntary,Production       ,Project Management - Con,1977-08-01,MA,Female,Exceeds,3693,2023-04-09,3,1,Project Management,External,Completed,Martineztown,861.5
Nickolas,West,2019-11-05,2022-04-16,Production Technician II,Sue Harper,nickolas.west@bilearner.com,EW,Voluntarily Terminated,Full-Time,Part-Time,Involuntary,Production       ,Field Operations,1961-03-11,MA,Female,PIP,3694,2023-03-20,3,3,Leadership Development,External,Completed,Elizabethview,649.18
Cason,Neal,2018-09-20,2021-02-04,Production Technician II,Savannah Schneider,cason.neal@bilearner.com,MSC,Voluntarily Terminated,Contract,Temporary,Voluntary,Production       ,Catv,1989-11-28,MA,Female,PIP,3695,2022-08-28,1,1,Project Management,External,Failed,Zacharytown,492.2
Aldo,Dyer,2020-09-02,2023-05-26,Production Technician II,Chase Ramirez,aldo.dyer@bilearner.com,TNS,Voluntarily Terminated,Contract,Part-Time,Resignation,Production       ,Wireless,1989-10-07,MA,Female,PIP,3696,2022-12-01,2,1,Technical Skills,Internal,Passed,South Hannahmouth,299.59
Julien,Banks,2023-03-22,2023-05-30,Production Technician II,Savannah Weber,julien.banks@bilearner.com,WBL,Active,Full-Time,Full-Time,Involuntary,Production       ,Catv,1984-06-12,MA,Female,PIP,3698,2023-01-19,2,5,Leadership Development,External,Passed,Jessicamouth,830.36
Madelyn,Mcdonald,2022-08-30,2022-09-20,Production Technician I,Justin Harris,madelyn.mcdonald@bilearner.com,PYZ,Voluntarily Terminated,Part-Time,Temporary,Involuntary,Production       ,Engineers,1977-01-31,MA,Male,PIP,3699,2023-06-21,2,4,Customer Service,External,Passed,Jessicaberg,973.34
Addisyn,Guerrero,2020-08-31,2022-06-26,Production Technician I,Cory Lee,addisyn.guerrero@bilearner.com,EW,Active,Part-Time,Part-Time,Resignation,Production       ,Engineers,1951-02-15,MA,Female,Exceeds,3703,2023-06-02,5,5,Communication Skills,External,Completed,West Aprilfort,121.45
Addisyn,Aguilar,2019-01-25,2021-10-26,Production Technician I,April Stevens,addisyn.aguilar@bilearner.com,CCDR,Active,Full-Time,Part-Time,Involuntary,Production       ,Field Operations,1976-02-05,MA,Female,Exceeds,3704,2023-07-07,2,4,Technical Skills,External,Incomplete,Huynhfort,669.3
Marcos,Gallagher,2020-11-21,2023-04-09,Production Technician I,Bridget Little,marcos.gallagher@bilearner.com,BPC,Active,Full-Time,Part-Time,Involuntary,Production       ,General - Sga,1967-05-27,MA,Female,Exceeds,3705,2023-05-25,3,1,Technical Skills,Internal,Completed,West Wendy,983.59
Case,Gaines,2020-08-21,2022-09-20,Production Technician I,Morgan Smith,case.gaines@bilearner.com,SVG,Active,Full-Time,Part-Time,Resignation,Production       ,Fielders,1974-02-19,MA,Male,Exceeds,3708,2022-08-21,5,5,Customer Service,External,Passed,Youngbury,136.15
Jacey,Reyes,2019-02-04,2023-04-17,Production Technician I,Donald Powell,jacey.reyes@bilearner.com,PYZ,Active,Full-Time,Part-Time,Voluntary,Production       ,Splicing,1969-09-18,MA,Male,Exceeds,3709,2023-05-08,3,5,Leadership Development,Internal,Incomplete,Lake Lisastad,339.84
Kyra,Ray,2019-04-28,2022-09-01,Production Technician I,Christopher Robertson,kyra.ray@bilearner.com,MSC,Future Start,Part-Time,Temporary,Retirement,Production       ,Field Operations,1956-04-03,MA,Male,Needs Improvement,3712,2023-01-25,2,3,Project Management,Internal,Incomplete,New Christopherchester,214.12
Chaim,Chase,2022-07-31,2023-02-18,Production Technician II,David Goodman,chaim.chase@bilearner.com,SVG,Voluntarily Terminated,Full-Time,Full-Time,Voluntary,Production       ,General - Con,1993-06-27,MA,Female,Fully Meets,3716,2022-11-19,5,3,Project Management,Internal,Incomplete,East Michellemouth,959.78
Dalton,Frazier,2021-05-25,2021-10-22,Production Technician II,Claudia White,dalton.frazier@bilearner.com,MSC,Voluntarily Terminated,Contract,Temporary,Voluntary,Production       ,Field Operations,1946-09-15,MA,Female,Fully Meets,3718,2022-10-05,1,1,Communication Skills,Internal,Completed,Washingtonshire,325.7
Crystal,Brandt,2019-05-23,2020-09-12,Production Technician II,Andrew Schneider,crystal.brandt@bilearner.com,PYZ,Active,Part-Time,Full-Time,Resignation,Production       ,Field Operations,1958-12-18,MA,Female,Fully Meets,3720,2023-05-15,2,1,Project Management,Internal,Passed,Danielland,845.21
Johnny,Goodman,2020-02-12,2020-04-07,Production Technician I,Loretta Gonzalez,johnny.goodman@bilearner.com,NEL,Active,Full-Time,Full-Time,Resignation,Production       ,Fielders,1960-03-24,MA,Male,Fully Meets,3721,2023-02-07,5,4,Technical Skills,External,Incomplete,Maryborough,327.82
Nehemiah,Hancock,2020-02-16,2022-01-09,Production Technician I,Alice Key,nehemiah.hancock@bilearner.com,PL,Voluntarily Terminated,Part-Time,Full-Time,Involuntary,Production       ,Field Operations,1947-08-31,MA,Male,Fully Meets,3722,2023-06-01,1,5,Communication Skills,Internal,Passed,Johnsonshire,512.55
Elliana,Villanueva,2022-04-29,2022-07-16,Production Technician I,Ryan Downs,elliana.villanueva@bilearner.com,BPC,Voluntarily Terminated,Full-Time,Temporary,Retirement,Production       ,Wireline Construction,1972-08-30,MA,Male,Fully Meets,3723,2023-06-18,2,1,Communication Skills,Internal,Completed,Hesterville,457.17
Essence,Schwartz,2019-10-10,2021-10-30,Production Technician I,Alyssa Johnson,essence.schwartz@bilearner.com,CCDR,Voluntarily Terminated,Part-Time,Temporary,Retirement,Production       ,Field Operations,1969-11-25,MA,Male,Fully Meets,3724,2023-02-04,1,2,Communication Skills,Internal,Incomplete,Port Christianmouth,573.33
Ryker,Cox,2019-04-07,2023-07-09,Production Technician I,Stephanie Patterson,ryker.cox@bilearner.com,SVG,Active,Contract,Part-Time,Voluntary,Production       ,Aerial,1955-08-21,MA,Male,Fully Meets,3725,2023-05-17,4,3,Customer Service,External,Failed,Garcialand,135.18
Averi,Stevenson,2020-07-13,2021-09-18,Production Technician I,Sandra Richardson,averi.stevenson@bilearner.com,EW,Active,Contract,Full-Time,Voluntary,Production       ,General - Con,1995-07-25,MA,Female,Fully Meets,3726,2022-10-01,1,4,Communication Skills,External,Failed,Paulstad,911.12
Heaven,Walls,2022-12-08,2023-07-04,Production Technician I,Natasha Spears,heaven.walls@bilearner.com,BPC,Active,Contract,Part-Time,Voluntary,Production       ,Wireline Construction,1943-01-01,MA,Male,Fully Meets,3729,2023-03-19,4,5,Customer Service,External,Failed,Lake Riley,693.56
Maximus,Fields,2020-02-28,2022-12-14,Production Technician I,Kimberly Phelps,maximus.fields@bilearner.com,EW,Active,Part-Time,Part-Time,Retirement,Production       ,Field Operations,1998-07-04,MA,Male,Fully Meets,3731,2023-04-11,2,4,Project Management,External,Passed,Brookeport,773.63
Halle,Boyd,2020-04-20,2022-07-23,Production Technician I,Deborah Stevens,halle.boyd@bilearner.com,NEL,Future Start,Contract,Part-Time,Retirement,Production       ,Field Operations,1994-10-15,MA,Female,Fully Meets,3733,2023-08-05,1,3,Communication Skills,Internal,Incomplete,Phillipsside,246.16
Carsen,Wheeler,2020-10-18,2023-03-22,Production Technician I,Kimberly Soto,carsen.wheeler@bilearner.com,SVG,Active,Full-Time,Part-Time,Resignation,Production       ,Wireline Construction,1976-07-02,MA,Male,Fully Meets,3736,2022-09-14,3,1,Project Management,Internal,Incomplete,Lake Cathyshire,119.82
Kaitlynn,Blair,2022-04-15,2023-01-09,Production Technician II,Steven Carter,kaitlynn.blair@bilearner.com,SVG,Voluntarily Terminated,Full-Time,Temporary,Involuntary,Production       ,General - Con,2000-09-03,MA,Female,Fully Meets,3738,2022-09-19,3,3,Technical Skills,Internal,Completed,Mathewburgh,791.98
Amir,Melendez,2018-08-24,2021-03-22,Production Technician II,Rachel Pham,amir.melendez@bilearner.com,EW,Voluntarily Terminated,Full-Time,Temporary,Voluntary,Production       ,Field Operations,1951-03-09,MA,Female,Fully Meets,3739,2023-05-23,1,3,Customer Service,External,Incomplete,North Stephen,752.97
Monique,Buckley,2022-10-15,2023-02-17,Production Technician II,Christopher Cunningham,monique.buckley@bilearner.com,MSC,Voluntarily Terminated,Full-Time,Part-Time,Voluntary,Production       ,People Services,2001-05-24,MA,Female,Fully Meets,3740,2023-06-23,2,2,Leadership Development,External,Completed,Kyleland,916.21
Clark,Blanchard,2023-02-27,2023-03-28,Production Technician II,Brittany Marshall,clark.blanchard@bilearner.com,TNS,Voluntarily Terminated,Full-Time,Temporary,Voluntary,Production       ,Field Operations,1948-09-14,MA,Female,Fully Meets,3741,2022-09-01,2,5,Project Management,External,Completed,New Daniel,751.04
Gabriel,Pearson,2021-09-22,2023-05-15,Production Technician II,Ryan Anderson,gabriel.pearson@bilearner.com,PYZ,Active,Contract,Temporary,Resignation,Production       ,Field Operations,1981-09-12,MA,Female,Fully Meets,3742,2023-01-07,2,1,Communication Skills,Internal,Passed,West Randyland,620.63
Jordan,Davis,2019-05-31,2020-10-06,Production Technician I,Sarah Cross,jordan.davis@bilearner.com,PL,Voluntarily Terminated,Full-Time,Full-Time,Involuntary,Production       ,General - Con,1978-07-20,MA,Male,Fully Meets,3745,2023-01-13,5,4,Technical Skills,External,Failed,Lake Williammouth,300.33
Gabriel,Kirk,2021-09-09,2023-02-10,Production Technician I,Chelsea Bright,gabriel.kirk@bilearner.com,CCDR,Voluntarily Terminated,Part-Time,Temporary,Retirement,Production       ,Technology / It,1944-02-17,MA,Male,Fully Meets,3747,2023-04-26,2,5,Leadership Development,External,Failed,Lake Andrewport,725.6
George,Villegas,2019-03-05,2020-12-10,Production Technician I,Laura Mcpherson,george.villegas@bilearner.com,WBL,Active,Part-Time,Part-Time,Involuntary,Production       ,Project Management - Eng,1959-09-29,MA,Male,Fully Meets,3753,2023-02-23,1,3,Project Management,External,Failed,South Michaelland,741.95
Arielle,Potts,2020-06-02,2022-01-25,Production Technician I,Sarah Morgan,arielle.potts@bilearner.com,NEL,Active,Full-Time,Full-Time,Voluntary,Production       ,Project Management - Con,1978-05-31,MA,Male,Fully Meets,3754,2023-04-23,3,3,Technical Skills,External,Incomplete,West Carolynbury,132.52
Maxwell,Howell,2020-11-26,2023-02-17,Production Technician I,Emily Church,maxwell.howell@bilearner.com,PL,Future Start,Full-Time,Full-Time,Resignation,Production       ,Executive,2001-04-21,MA,Female,Fully Meets,3755,2023-07-11,5,4,Customer Service,Internal,Completed,Lake Lindaland,736.19
Salvatore,Noble,2022-10-17,2023-03-26,Production Technician I,Debra Yang,salvatore.noble@bilearner.com,CCDR,Future Start,Full-Time,Part-Time,Involuntary,Production       ,Aerial,1993-10-28,MA,Male,Fully Meets,3757,2023-07-24,4,4,Technical Skills,Internal,Incomplete,Port Scott,132.09
Heath,Hodges,2022-11-16,2023-06-24,Production Technician I,Alejandro Palmer,heath.hodges@bilearner.com,SVG,Voluntarily Terminated,Contract,Temporary,Retirement,Production       ,Engineers,1946-12-20,MA,Male,Fully Meets,3758,2022-10-04,2,1,Leadership Development,Internal,Failed,Jenniferfurt,917.17
Gabriella,Warner,2022-05-01,2022-09-25,Production Technician I,Emily Pugh,gabriella.warner@bilearner.com,EW,Active,Contract,Full-Time,Retirement,Production       ,Yard (Material Handling),1958-10-21,MA,Male,Fully Meets,3759,2022-11-28,3,4,Project Management,Internal,Completed,Garyshire,790.71
Hazel,Vincent,2023-06-22,2023-07-10,Production Technician II,Melissa Conrad,hazel.vincent@bilearner.com,CCDR,Active,Contract,Full-Time,Involuntary,Production       ,General - Sga,1987-11-23,MA,Female,Fully Meets,3761,2023-05-30,2,4,Customer Service,External,Failed,Rodriguezview,947.57
Giancarlo,Cross,2023-01-12,2023-02-06,Production Technician II,Randall Williams,giancarlo.cross@bilearner.com,EW,Voluntarily Terminated,Full-Time,Full-Time,Involuntary,Production       ,Finance & Accounting,1950-06-25,MA,Female,Fully Meets,3763,2023-07-09,3,2,Technical Skills,External,Incomplete,New Kathleen,775.59
Elisa,Henry,2019-02-02,2023-02-03,Production Technician II,Taylor Morris,elisa.henry@bilearner.com,PYZ,Active,Part-Time,Part-Time,Resignation,Production       ,Yard (Material Handling),1943-03-10,MA,Female,Fully Meets,3766,2023-05-12,4,4,Technical Skills,Internal,Incomplete,South Adamburgh,466.32
Kale,Fischer,2021-08-26,2022-09-05,Production Technician I,Zachary Nelson,kale.fischer@bilearner.com,TNS,Voluntarily Terminated,Full-Time,Part-Time,Retirement,Production       ,General - Con,1993-03-07,MA,Female,Fully Meets,3767,2023-07-09,2,5,Leadership Development,Internal,Completed,Allisonfort,840.46
Nayeli,Hood,2022-01-13,2023-04-11,Production Technician I,Rachel Jones,nayeli.hood@bilearner.com,PL,Voluntarily Terminated,Contract,Temporary,Involuntary,Production       ,Aerial,1995-01-26,MA,Male,Fully Meets,3770,2023-05-06,1,3,Project Management,Internal,Incomplete,New Ryan,536.2
Marilyn,Smith,2021-01-24,2023-05-07,Production Technician I,Kathryn Jones,marilyn.smith@bilearner.com,NEL,Voluntarily Terminated,Part-Time,Temporary,Retirement,Production       ,General - Con,1981-09-20,MA,Male,Fully Meets,3771,2022-09-25,2,2,Communication Skills,Internal,Incomplete,Gallowaychester,769.97
Zoie,Rowland,2022-02-08,2022-07-22,Production Technician I,Mrs. Rachel Henry,zoie.rowland@bilearner.com,MSC,Active,Full-Time,Temporary,Retirement,Production       ,Engineers,1966-02-05,MA,Female,Fully Meets,3772,2022-09-10,2,5,Communication Skills,External,Completed,New Jason,894.66
Ann,Nguyen,2020-10-11,2022-02-26,Production Technician I,Laura Hernandez,ann.nguyen@bilearner.com,EW,Voluntarily Terminated,Part-Time,Temporary,Retirement,Production       ,Engineers,1972-05-16,MA,Female,Fully Meets,3773,2022-10-16,1,5,Project Management,External,Failed,Ramirezstad,374.02
Ramiro,Savage,2019-06-20,2021-10-13,Production Technician I,Justin Stanley,ramiro.savage@bilearner.com,CCDR,Active,Part-Time,Full-Time,Involuntary,Production       ,Engineers,1998-04-06,MA,Male,Fully Meets,3774,2023-04-11,5,3,Leadership Development,Internal,Passed,Matthewborough,569.42
Karma,Koch,2021-07-13,2022-11-26,Production Technician I,Amy Ross,karma.koch@bilearner.com,BPC,Active,Contract,Part-Time,Resignation,Production       ,Field Operations,1980-10-15,MA,Male,Fully Meets,3775,2023-04-15,2,1,Customer Service,Internal,Completed,East Cristianmouth,172.82
Jacqueline,Hendrix,2021-10-14,2021-10-30,Production Technician I,Benjamin Yates,jacqueline.hendrix@bilearner.com,WBL,Active,Contract,Full-Time,Resignation,Production       ,General - Eng,1980-04-28,MA,Male,Fully Meets,3776,2022-12-13,4,1,Project Management,Internal,Completed,Amberborough,585.84
Semaj,Griffith,2023-04-02,2023-07-27,Production Technician I,Frank Freeman,semaj.griffith@bilearner.com,SVG,Active,Full-Time,Full-Time,Involuntary,Production       ,Wireline Construction,1992-02-09,MA,Male,Fully Meets,3778,2023-02-06,1,5,Customer Service,Internal,Completed,Lake Arielberg,341.74
Damian,Burke,2022-10-19,2023-05-03,Production Technician I,Regina Bryant MD,damian.burke@bilearner.com,PYZ,Future Start,Part-Time,Temporary,Voluntary,Production       ,Shop (Fleet),1963-04-28,MA,Female,Fully Meets,3779,2023-06-18,4,1,Project Management,External,Incomplete,Michaelstad,733.04
Jessie,Smith,2020-05-09,2021-09-14,Production Technician I,Samantha Roberts,jessie.smith@bilearner.com,PL,Future Start,Part-Time,Part-Time,Retirement,Production       ,General - Con,1945-11-16,MA,Female,Fully Meets,3780,2023-05-21,2,3,Customer Service,Internal,Failed,Vincentbury,658.27
Hezekiah,Cummings,2019-08-18,2022-05-05,Production Technician I,Daniel Peterson,hezekiah.cummings@bilearner.com,NEL,Future Start,Contract,Full-Time,Involuntary,Production       ,General - Con,1960-01-23,MA,Male,Fully Meets,3781,2022-08-09,5,3,Customer Service,External,Incomplete,New Mia,124.77
Brody,House,2019-03-09,2020-05-02,Production Technician I,Dr. Matthew Harrell,brody.house@bilearner.com,MSC,Voluntarily Terminated,Full-Time,Temporary,Retirement,Production       ,Field Operations,1984-09-25,MA,Male,Fully Meets,3782,2023-07-19,1,5,Technical Skills,Internal,Passed,New Jordan,506.4
Kyleigh,Bauer,2021-06-22,2022-07-26,Production Technician II,Paul Richards,kyleigh.bauer@bilearner.com,PYZ,Voluntarily Terminated,Full-Time,Part-Time,Resignation,Production       ,Field Operations,1962-06-10,MA,Female,Fully Meets,3786,2022-12-29,3,4,Leadership Development,External,Failed,Jeanetteton,280.06
Ramon,Schultz,2023-01-19,2023-06-20,Production Technician II,Alexis Gutierrez,ramon.schultz@bilearner.com,SVG,Voluntarily Terminated,Full-Time,Part-Time,Resignation,Production       ,General - Sga,1972-08-29,MA,Female,Fully Meets,3787,2023-03-06,1,2,Project Management,External,Passed,New Donald,140.03
Maxim,Houston,2023-05-17,2023-06-13,Production Technician II,Michael Mcclure,maxim.houston@bilearner.com,TNS,Voluntarily Terminated,Part-Time,Full-Time,Involuntary,Production       ,Field Operations,1976-09-06,MA,Female,Fully Meets,3788,2023-05-05,3,4,Customer Service,External,Completed,Russellstad,796.95
Frankie,Figueroa,2023-07-07,2023-07-11,Production Technician II,Matthew Le,frankie.figueroa@bilearner.com,PYZ,Active,Full-Time,Temporary,Resignation,Production       ,Yard (Material Handling),1962-12-11,MA,Female,Fully Meets,3790,2023-07-31,3,2,Communication Skills,External,Completed,East Erichaven,676.95
Alexia,Pham,2019-05-23,2022-05-10,Production Technician I,Angela Shaffer,alexia.pham@bilearner.com,NEL,Active,Part-Time,Full-Time,Retirement,Production       ,Engineers,1998-06-08,MA,Male,Fully Meets,3792,2022-09-25,2,2,Project Management,External,Passed,Brownland,385.62
Jefferson,White,2019-04-17,2021-12-02,Production Technician I,Connie Blackburn,jefferson.white@bilearner.com,SVG,Active,Contract,Part-Time,Resignation,Production       ,General - Con,1964-08-27,MA,Female,Exceeds,3796,2023-06-28,1,5,Technical Skills,External,Incomplete,Jenningsville,255.74
Bryanna,Ibarra,2020-04-04,2023-07-04,Production Technician I,Cheryl Martinez,bryanna.ibarra@bilearner.com,MSC,Active,Full-Time,Full-Time,Voluntary,Production       ,General - Con,1961-12-21,MA,Male,Fully Meets,3798,2022-11-08,1,1,Project Management,External,Passed,New Richard,303.44
Kai,Holt,2021-02-10,2022-01-01,Production Technician I,Jason Haley,kai.holt@bilearner.com,PL,Future Start,Contract,Full-Time,Resignation,Production       ,Field Operations,1985-05-12,MA,Female,Fully Meets,3803,2022-12-07,1,2,Project Management,External,Passed,Mcclurebury,993.68
Isabella,Wilkins,2021-09-23,2023-07-01,Production Technician I,Maria Obrien,isabella.wilkins@bilearner.com,SVG,Active,Contract,Temporary,Resignation,Production       ,Field Operations,1974-09-01,MA,Male,Fully Meets,3806,2023-03-13,4,1,Customer Service,External,Passed,New Henryshire,600.64
Mayra,Moss,2021-09-15,2021-11-10,Production Technician I,George Doyle,mayra.moss@bilearner.com,EW,Active,Contract,Temporary,Resignation,Production       ,Project Management - Con,1964-05-16,MA,Male,Fully Meets,3807,2022-08-17,4,5,Communication Skills,External,Passed,Stevenshire,997.74
Maria,Gonzalez,2019-04-27,2020-03-20,IT Support,Jason Miller,maria.gonzalez@bilearner.com,PYZ,Active,Contract,Full-Time,Resignation,IT/IS,General - Sga,1948-01-16,MA,Female,Fully Meets,3808,2023-01-27,5,4,Technical Skills,External,Passed,Harrisonborough,254.26
Jumil,Turpin,2019-10-06,2020-08-23,Network Engineer,Raymond Bird,jumil.turpin@bilearner.com,TNS,Active,Part-Time,Part-Time,Resignation,IT/IS,Field Operations,2001-01-20,MA,Male,Fully Meets,3809,2022-09-04,3,1,Technical Skills,External,Incomplete,Walterview,786.62
Joe,South,2022-05-14,2022-10-21,Sr. Network Engineer,Robin Wilson,joe.south@bilearner.com,PL,Active,Part-Time,Temporary,Involuntary,IT/IS,Fielders,1958-03-11,CT,Male,Fully Meets,3811,2023-05-18,1,1,Technical Skills,External,Completed,Cervantesland,484.02
Sarah,Warfield,2019-02-13,2020-08-06,Sr. Network Engineer,Julie Lewis,sarah.warfield@bilearner.com,BPC,Active,Contract,Full-Time,Resignation,IT/IS,General - Eng,1985-05-24,MA,Female,Fully Meets,3812,2023-01-11,3,3,Communication Skills,Internal,Failed,Marktown,299.74
Jyoti,Lajiri,2019-01-07,2020-09-05,Sr. Network Engineer,Karen Crawford,jyoti.lajiri@bilearner.com,EW,Leave of Absence,Part-Time,Full-Time,Retirement,IT/IS,Engineers,1955-04-17,MA,Male,Fully Meets,3814,2023-07-08,4,1,Communication Skills,Internal,Failed,Smithchester,655.68
Linda,Dolan,2021-10-10,2023-01-21,IT Support,Jamie Baker,linda.dolan@bilearner.com,CCDR,Active,Part-Time,Full-Time,Resignation,IT/IS,General - Con,1978-01-01,MA,Female,Needs Improvement,3817,2023-06-24,3,3,Customer Service,Internal,Incomplete,Strongfurt,456.65
Carlos,Merlos,2020-01-02,2022-04-03,Network Engineer,Daniel White,carlos.merlos@bilearner.com,CCDR,Active,Part-Time,Part-Time,Voluntary,IT/IS,Wireless,1950-06-15,MA,Male,Fully Meets,3818,2023-01-28,1,1,Leadership Development,External,Incomplete,Thomasview,313.5
Anita,Shepard,2018-08-11,2021-05-21,Network Engineer,George Tran,anita.shepard@bilearner.com,EW,Active,Contract,Full-Time,Voluntary,IT/IS,General - Con,1976-09-29,MA,Female,Fully Meets,3820,2023-07-26,1,3,Project Management,External,Incomplete,Matthewmouth,333.8
Katrina,Lambert,2019-09-24,2022-04-04,Network Engineer,Calvin Williamson,katrina.lambert@bilearner.com,WBL,Active,Full-Time,Part-Time,Retirement,Executive Office,General - Con,1975-09-18,MA,Male,Fully Meets,3822,2023-03-23,4,4,Technical Skills,Internal,Incomplete,Shannonshire,357.58
Alexzander,Pope,2022-10-17,2023-06-26,Network Engineer,David Rodriguez,alexzander.pope@bilearner.com,TNS,Active,Full-Time,Temporary,Involuntary,Executive Office,Shop (Fleet),1987-08-24,MA,Male,Needs Improvement,3823,2022-11-16,5,4,Communication Skills,External,Completed,Wardstad,516.9
Sabrina,Durham,2023-04-26,2023-06-03,IT Support,Jessica Hernandez,sabrina.durham@bilearner.com,PL,Active,Part-Time,Full-Time,Resignation,IT/IS,Field Operations,2001-04-11,MA,Male,Fully Meets,3826,2022-11-17,2,1,Communication Skills,Internal,Completed,West Robert,286.12
Jaqueline,Pittman,2019-01-27,2021-02-26,Sr. Network Engineer,Jesse Newman,jaqueline.pittman@bilearner.com,BPC,Active,Part-Time,Full-Time,Resignation,IT/IS,Project Management - Con,1956-03-12,MA,Male,Exceeds,3829,2022-10-30,3,2,Project Management,External,Incomplete,Davismouth,233.67
Sloane,Rasmussen,2021-08-02,2022-09-29,Sr. DBA,Melinda Mcintyre,sloane.rasmussen@bilearner.com,EW,Leave of Absence,Full-Time,Part-Time,Resignation,IT/IS,Project Management - Eng,1964-09-07,MA,Female,PIP,3832,2022-11-03,1,4,Leadership Development,Internal,Incomplete,Burgessfurt,770.38
Elise,Vazquez,2022-01-26,2022-11-02,Network Engineer,Melissa Baker,elise.vazquez@bilearner.com,PYZ,Active,Full-Time,Part-Time,Retirement,Executive Office,Field Operations,1953-05-12,MA,Male,PIP,3833,2023-02-04,3,5,Leadership Development,External,Completed,East Willieburgh,409.16
Monique,Pierce,2019-05-10,2021-08-05,Network Engineer,Gregory Coleman,monique.pierce@bilearner.com,WBL,Active,Contract,Part-Time,Involuntary,Executive Office,Field Operations,1961-07-11,MA,Male,Fully Meets,3834,2023-01-25,3,5,Technical Skills,External,Passed,Heatherborough,700.53
Axel,Higgins,2019-01-02,2022-12-06,IT Support,Paul Smith,axel.higgins@bilearner.com,NEL,Active,Part-Time,Part-Time,Resignation,IT/IS,Yard (Material Handling),1993-10-11,MA,Male,Fully Meets,3835,2022-10-01,5,3,Customer Service,External,Failed,Howardland,439.63
Mia,Cowan,2022-10-02,2022-11-13,IT Support,Thomas Weaver,mia.cowan@bilearner.com,BPC,Active,Part-Time,Part-Time,Resignation,IT/IS,Finance & Accounting,1956-08-27,MA,Male,PIP,3837,2022-10-15,5,3,Communication Skills,Internal,Failed,North Eileen,320.34
Tanya,Leonard,2018-12-17,2021-04-21,IT Support,Duane Le,tanya.leonard@bilearner.com,CCDR,Active,Part-Time,Full-Time,Voluntary,IT/IS,Field Operations,1979-08-14,MA,Female,PIP,3838,2022-12-05,1,1,Communication Skills,Internal,Failed,West Michael,510.23
Meadow,Boyer,2023-04-01,2023-05-18,Sr. Network Engineer,Alex Lewis,meadow.boyer@bilearner.com,BPC,Active,Part-Time,Full-Time,Voluntary,IT/IS,Field Operations,1969-10-25,MA,Male,Fully Meets,3840,2023-02-03,1,5,Technical Skills,External,Failed,West Jessicamouth,170.61
Kyla,Durham,2020-08-20,2021-08-11,Enterprise Architect,Clayton Robertson,kyla.durham@bilearner.com,SVG,Leave of Absence,Part-Time,Part-Time,Involuntary,IT/IS,Aerial,1951-07-19,MA,Female,Fully Meets,3842,2023-07-31,2,5,Project Management,Internal,Completed,Boothville,584.99
Cassidy,Maddox,2023-07-16,2023-07-30,Sr. DBA,Melissa Pineda,cassidy.maddox@bilearner.com,EW,Leave of Absence,Full-Time,Full-Time,Resignation,IT/IS,Engineers,1977-02-07,MA,Female,Fully Meets,3843,2022-11-16,3,5,Technical Skills,External,Passed,New Richard,582.09
Edgar,Underwood,2021-06-10,2022-08-18,Network Engineer,Melissa Torres,edgar.underwood@bilearner.com,PYZ,Active,Part-Time,Temporary,Voluntary,Executive Office,General - Con,1961-06-02,MA,Male,PIP,3844,2023-02-01,3,2,Project Management,External,Failed,East Normanbury,603.67
Eugene,Potts,2020-05-04,2023-05-15,IT Support,Anthony Neal,eugene.potts@bilearner.com,NEL,Active,Contract,Full-Time,Retirement,IT/IS,Wireline Construction,1975-08-10,MA,Male,Fully Meets,3846,2023-01-27,4,5,Leadership Development,Internal,Incomplete,West Lori,607.97
Gilbert,Klein,2019-02-24,2020-06-11,IT Support,Gregory Rodriguez,gilbert.klein@bilearner.com,PL,Active,Part-Time,Temporary,Retirement,IT/IS,Field Operations,1998-09-06,MA,Male,Fully Meets,3847,2022-10-04,5,3,Technical Skills,Internal,Completed,Keithhaven,130.59
Kylie,Cantrell,2020-01-05,2022-04-25,Sr. Network Engineer,Cheryl Cook,kylie.cantrell@bilearner.com,MSC,Active,Part-Time,Temporary,Voluntary,IT/IS,Yard (Material Handling),1953-08-17,MA,Male,Fully Meets,3850,2022-10-15,1,3,Communication Skills,Internal,Completed,Catherinestad,355.75
Vance,Marquez,2019-01-18,2020-03-30,Sr. Network Engineer,Thomas Hanson,vance.marquez@bilearner.com,NEL,Leave of Absence,Contract,Temporary,Resignation,IT/IS,Executive,1994-07-07,CT,Male,PIP,3851,2022-08-27,5,2,Project Management,Internal,Failed,East Michele,982.51
Dante,Wyatt,2019-03-01,2021-09-25,Principal Data Architect,Dr. Eric Henderson,dante.wyatt@bilearner.com,PL,Leave of Absence,Part-Time,Temporary,Retirement,IT/IS,Field Operations,1987-09-10,CT,Female,PIP,3852,2023-05-30,5,2,Technical Skills,External,Completed,Joanmouth,372.76
Rey,Monroe,2021-08-14,2022-11-05,Enterprise Architect,James Horn,rey.monroe@bilearner.com,PYZ,Leave of Absence,Full-Time,Temporary,Resignation,IT/IS,General - Con,1983-07-18,MA,Female,Fully Meets,3853,2023-02-04,1,3,Leadership Development,External,Failed,New Davidview,348.22
Jayden,Mckee,2019-06-06,2019-09-05,Network Engineer,Matthew Miranda,jayden.mckee@bilearner.com,WBL,Active,Part-Time,Temporary,Retirement,Executive Office,Technology / It,1942-01-24,MA,Male,Fully Meets,3854,2023-07-18,5,2,Communication Skills,External,Incomplete,West Mary,913.62
Brady,Yoder,2021-05-25,2022-08-13,Network Engineer,Jason Patel,brady.yoder@bilearner.com,WBL,Active,Part-Time,Part-Time,Retirement,Executive Office,People Services,1999-10-01,MA,Male,Fully Meets,3855,2023-04-24,5,3,Communication Skills,External,Passed,Lake Melissaborough,157.94
Darwin,Allen,2023-03-17,2023-06-12,Network Engineer,Michael Young,darwin.allen@bilearner.com,TNS,Active,Part-Time,Part-Time,Involuntary,Executive Office,Wireline Construction,1994-05-17,MA,Male,PIP,3856,2023-01-17,5,1,Technical Skills,External,Completed,Jensenborough,527.6
Jasper,Harrison,2022-10-02,2022-10-11,IT Support,Lindsey Osborne,jasper.harrison@bilearner.com,SVG,Active,Contract,Temporary,Voluntary,IT/IS,Fielders,1963-05-24,MA,Male,PIP,3857,2022-09-18,1,1,Leadership Development,External,Completed,South Thomasview,601.2
Clare,English,2019-11-29,2022-08-18,IT Support,Randall Keller,clare.english@bilearner.com,PL,Active,Full-Time,Part-Time,Voluntary,IT/IS,Fielders,1992-04-20,MA,Female,PIP,3859,2023-08-02,1,2,Communication Skills,External,Completed,North Amber,838.69
Amy,Sherman,2020-07-01,2022-09-22,IT Support,Ricky Banks,amy.sherman@bilearner.com,NEL,Active,Contract,Temporary,Resignation,IT/IS,Catv,1996-01-04,MA,Female,Fully Meets,3860,2023-06-26,2,4,Technical Skills,Internal,Completed,West Briana,389.63
Eden,Armstrong,2019-05-13,2023-06-06,Sr. Network Engineer,Lindsey Gibson,eden.armstrong@bilearner.com,BPC,Leave of Absence,Part-Time,Temporary,Involuntary,IT/IS,Project Management - Con,1989-05-05,CT,Male,PIP,3862,2023-01-08,3,1,Communication Skills,Internal,Passed,South Davidmouth,603.03
Tiffany,Washington,2022-12-05,2023-06-13,Enterprise Architect,David Chung,tiffany.washington@bilearner.com,SVG,Leave of Absence,Contract,Full-Time,Resignation,IT/IS,Aerial,1969-04-27,MA,Female,Needs Improvement,3864,2022-11-11,3,4,Leadership Development,External,Incomplete,North Regina,976.03
Sloane,Moss,2020-09-29,2021-10-22,Network Engineer,Jacob Russo,sloane.moss@bilearner.com,MSC,Active,Part-Time,Temporary,Involuntary,Production       ,Sales & Marketing,1963-10-03,MA,Male,Needs Improvement,3865,2023-05-26,1,4,Project Management,External,Completed,Milesshire,399.26
Kaeden,Vargas,2020-09-04,2021-04-17,Network Engineer,Harold Lee,kaeden.vargas@bilearner.com,TNS,Active,Contract,Full-Time,Retirement,Executive Office,Field Operations,1959-11-09,MA,Male,Fully Meets,3866,2022-09-16,2,1,Customer Service,Internal,Incomplete,New Rachelborough,993.08
Damari,Brewer,2019-09-25,2020-02-07,IT Support,Shawn Martin,damari.brewer@bilearner.com,NEL,Active,Full-Time,Temporary,Voluntary,IT/IS,Field Operations,1977-06-10,MA,Male,Fully Meets,3869,2023-01-07,1,4,Project Management,External,Completed,Christophershire,905.51
Annalise,Gross,2023-03-11,2023-03-11,IT Support,Mr. Todd Lawson,annalise.gross@bilearner.com,PL,Active,Contract,Temporary,Resignation,IT/IS,Project Management - Con,1966-11-23,MA,Male,Fully Meets,3870,2023-02-13,1,5,Technical Skills,External,Completed,Kevinville,919.25
Lorena,Rice,2018-08-10,2021-02-08,IT Support,Jeffrey Ramos,lorena.rice@bilearner.com,CCDR,Active,Contract,Part-Time,Resignation,IT/IS,Engineers,1966-01-08,MA,Female,Fully Meets,3872,2022-08-15,5,5,Communication Skills,Internal,Completed,Davisville,499.86
Eliezer,Stokes,2022-03-04,2023-06-22,Sr. Network Engineer,Patricia Johnson,eliezer.stokes@bilearner.com,NEL,Active,Full-Time,Part-Time,Resignation,IT/IS,Executive,1972-10-27,MA,Male,Fully Meets,3873,2023-03-25,3,4,Project Management,Internal,Completed,West Deborahville,598.22
Oscar,Lopez,2018-10-22,2020-04-07,Network Engineer,Christian Ortega,oscar.lopez@bilearner.com,MSC,Active,Part-Time,Full-Time,Resignation,Executive Office,General - Con,1976-01-21,MA,Male,PIP,3877,2023-06-30,3,3,Communication Skills,External,Passed,Markhaven,888.55
Carter,Cook,2018-09-08,2021-08-23,Network Engineer,Michael Morton,carter.cook@bilearner.com,TNS,Active,Contract,Part-Time,Voluntary,Executive Office,Engineers,1967-02-18,MA,Male,Fully Meets,3878,2023-02-23,4,4,Customer Service,Internal,Passed,Fletchermouth,749.69
Liam,Hanna,2019-02-08,2023-02-24,Network Engineer,Brian Aguirre,liam.hanna@bilearner.com,PYZ,Active,Full-Time,Part-Time,Involuntary,IT/IS,Field Operations,1996-01-13,MA,Male,Fully Meets,3879,2022-12-22,1,5,Project Management,Internal,Incomplete,South Jeremyberg,613.95
Zara,Pitts,2021-03-29,2021-06-27,Network Engineer,Richard Gonzalez,zara.pitts@bilearner.com,WBL,Active,Part-Time,Temporary,Voluntary,IT/IS,General - Con,1973-05-15,MA,Male,Fully Meets,3880,2022-09-18,4,3,Communication Skills,Internal,Completed,Randallport,934.92
Noemi,Brewer,2022-05-06,2022-09-26,IT Support,Jacob Hamilton,noemi.brewer@bilearner.com,BPC,Active,Contract,Full-Time,Involuntary,IT/IS,Field Operations,1991-06-16,MA,Female,Fully Meets,3883,2023-03-13,2,2,Communication Skills,Internal,Incomplete,North Erin,842.6
Emanuel,Haas,2022-04-22,2023-05-15,Sr. Network Engineer,Jose Moran,emanuel.haas@bilearner.com,NEL,Leave of Absence,Contract,Temporary,Retirement,IT/IS,General - Con,1954-06-24,CT,Male,Exceeds,3887,2022-11-04,2,3,Communication Skills,External,Failed,Millerville,181.23
Karlie,Drake,2021-09-05,2022-07-08,Principal Data Architect,Jimmy Beck,karlie.drake@bilearner.com,PL,Leave of Absence,Full-Time,Full-Time,Retirement,IT/IS,Engineers,1987-06-20,MA,Female,Fully Meets,3888,2023-05-02,3,1,Project Management,Internal,Completed,Laraside,287.18
Myla,Mullen,2022-09-05,2022-10-30,Network Engineer,Lisa Chase,myla.mullen@bilearner.com,TNS,Active,Contract,Part-Time,Resignation,Executive Office,General - Con,1982-10-15,MA,Male,Fully Meets,3889,2023-01-26,2,1,Technical Skills,External,Incomplete,Courtneyville,292.8
Alan,Holland,2022-07-19,2023-04-25,Network Engineer,Susan Livingston,alan.holland@bilearner.com,WBL,Active,Full-Time,Temporary,Resignation,IT/IS,General - Con,1999-08-20,MA,Male,Fully Meets,3890,2022-10-24,2,3,Project Management,External,Completed,North Rebeccafurt,596.62
Lukas,Freeman,2023-03-22,2023-07-28,IT Support,Allison Shannon,lukas.freeman@bilearner.com,EW,Active,Full-Time,Part-Time,Involuntary,IT/IS,General - Con,1953-04-15,MA,Female,Fully Meets,3893,2023-01-26,3,1,Leadership Development,External,Failed,Port Tracieview,242.36
Myah,Marsh,2020-02-23,2021-09-08,IT Support,Kelly Hall,myah.marsh@bilearner.com,NEL,Active,Full-Time,Full-Time,Retirement,IT/IS,Splicing,1943-05-16,MA,Female,Fully Meets,3895,2023-07-16,2,1,Technical Skills,External,Completed,Robinsonmouth,983.77
Korbin,Gilbert,2019-08-13,2022-07-10,IT Support,Rachel Sanchez,korbin.gilbert@bilearner.com,PL,Active,Part-Time,Temporary,Involuntary,IT/IS,Engineers,1980-11-20,MA,Female,Fully Meets,3896,2023-02-14,5,3,Technical Skills,Internal,Passed,New Jessicatown,293.64
Jenna,Maddox,2019-03-25,2021-09-13,Sr. Network Engineer,Hector Singleton,jenna.maddox@bilearner.com,NEL,Active,Part-Time,Part-Time,Retirement,IT/IS,Aerial,1956-03-31,CT,Female,Fully Meets,3897,2023-02-28,5,4,Technical Skills,Internal,Incomplete,New Katherine,380.61
Anaya,Preston,2018-12-14,2023-02-11,Sr. Network Engineer,Denise Oconnor,anaya.preston@bilearner.com,PL,Leave of Absence,Part-Time,Temporary,Retirement,IT/IS,General - Con,1948-07-11,CT,Male,Fully Meets,3898,2022-11-04,4,5,Technical Skills,Internal,Failed,Lake Michael,942.24
Eugene,Pena,2021-03-07,2021-08-31,Sr. Network Engineer,Ruben Cook,eugene.pena@bilearner.com,BPC,Leave of Absence,Contract,Part-Time,Resignation,IT/IS,Engineers,1943-06-22,CT,Female,Fully Meets,3899,2023-02-04,4,5,Customer Service,Internal,Failed,Singletonborough,662.56
Hadassah,Moran,2023-05-22,2023-06-16,Network Engineer,Michelle Perry,hadassah.moran@bilearner.com,MSC,Active,Contract,Temporary,Resignation,Executive Office,Wireline Construction,1964-06-02,MA,Male,Fully Meets,3902,2023-02-02,3,1,Leadership Development,External,Failed,Mcdonaldshire,768.05
Alayna,Hess,2020-08-04,2022-02-04,Network Engineer,Todd Baker,alayna.hess@bilearner.com,WBL,Active,Full-Time,Full-Time,Involuntary,IT/IS,Billable Consultants,1958-06-08,MA,Female,Fully Meets,3905,2023-06-12,5,5,Project Management,Internal,Failed,West Christopher,233.22
Kimberly,Watson,2019-08-06,2021-03-21,IT Support,Bryan Foley,kimberly.watson@bilearner.com,BPC,Active,Part-Time,Temporary,Resignation,IT/IS,Splicing,1986-07-11,MA,Female,Needs Improvement,3908,2022-12-25,2,5,Project Management,External,Failed,South Scott,489.69
Rebecca,Park,2021-08-01,2021-09-24,IT Support,April Anderson MD,rebecca.park@bilearner.com,CCDR,Active,Part-Time,Part-Time,Resignation,IT/IS,General - Eng,1944-05-26,MA,Female,Needs Improvement,3909,2023-05-18,1,1,Project Management,Internal,Failed,Bennetthaven,436.23
Caleb,Schneider,2022-07-13,2023-01-22,Sr. Network Engineer,Matthew Calderon DDS,caleb.schneider@bilearner.com,WBL,Active,Part-Time,Part-Time,Voluntary,IT/IS,Wireless,1997-02-22,MA,Female,Needs Improvement,3910,2022-11-29,5,3,Leadership Development,External,Incomplete,Haasstad,248.85
Maribel,Copeland,2020-07-06,2021-01-18,Sr. Network Engineer,Alan Harris,maribel.copeland@bilearner.com,PL,Leave of Absence,Part-Time,Full-Time,Involuntary,IT/IS,General - Con,1968-05-19,CT,Male,Needs Improvement,3912,2023-07-23,1,3,Leadership Development,External,Passed,Brittneystad,615.7
Henry,Zimmerman,2020-01-14,2022-06-08,Sr. Network Engineer,Rodney Hart,henry.zimmerman@bilearner.com,BPC,Leave of Absence,Full-Time,Part-Time,Resignation,IT/IS,Project Management - Con,1942-06-02,MA,Female,Fully Meets,3913,2022-09-15,2,2,Technical Skills,Internal,Failed,South Ian,387.35
Nathanial,Booth,2020-02-04,2021-01-29,Network Engineer,Jorge Mayo,nathanial.booth@bilearner.com,SVG,Active,Contract,Temporary,Resignation,Executive Office,Engineers,1958-07-22,MA,Male,Exceeds,3914,2023-03-15,3,5,Leadership Development,Internal,Failed,Smithhaven,559.86
Chris,Vincent,2019-12-19,2023-03-31,Network Engineer,Ethan Allison,chris.vincent@bilearner.com,PYZ,Active,Part-Time,Full-Time,Retirement,IT/IS,General - Con,1993-04-11,MA,Female,Exceeds,3917,2022-09-24,3,1,Project Management,Internal,Failed,New Jacquelineland,328.89
Myah,Waller,2020-09-24,2023-03-27,Network Engineer,Christian Mullen,myah.waller@bilearner.com,WBL,Active,Contract,Full-Time,Voluntary,IT/IS,Field Operations,1960-06-17,MA,Female,Fully Meets,3918,2023-05-30,3,3,Communication Skills,External,Completed,Cruztown,701.83
Haley,Weaver,2021-04-11,2022-12-19,IT Support,Cynthia Willis,haley.weaver@bilearner.com,PL,Active,Full-Time,Part-Time,Involuntary,IT/IS,Field Operations,1961-11-04,MA,Female,Fully Meets,3920,2022-11-14,2,1,Customer Service,Internal,Failed,Bowmanberg,809.39
Alessandra,Lee,2020-02-12,2022-07-15,IT Support,Lauren Douglas,alessandra.lee@bilearner.com,BPC,Active,Contract,Part-Time,Retirement,IT/IS,Splicing,1943-11-30,MA,Female,Fully Meets,3921,2023-06-30,4,3,Customer Service,External,Completed,Lisaborough,393.54
Giancarlo,Juarez,2021-12-25,2023-06-19,Sr. Network Engineer,Jennifer Lester,giancarlo.juarez@bilearner.com,WBL,Active,Full-Time,Part-Time,Involuntary,IT/IS,Aerial,1955-03-16,MA,Female,Exceeds,3923,2022-10-27,2,4,Project Management,External,Failed,South Bradley,378.39
Anna,Jordan,2020-05-03,2022-11-14,Sr. Network Engineer,Bill Barnes,anna.jordan@bilearner.com,PL,Leave of Absence,Contract,Part-Time,Resignation,IT/IS,General - Sga,1960-10-15,MA,Male,Fully Meets,3925,2023-04-27,1,3,Leadership Development,Internal,Failed,Lake Regina,386.55
Misael,Hunter,2020-03-01,2022-03-05,Network Engineer,Gary Davidson,misael.hunter@bilearner.com,SVG,Active,Contract,Temporary,Involuntary,Executive Office,Aerial,1982-10-12,MA,Male,Fully Meets,3927,2023-05-04,5,4,Customer Service,External,Completed,South Ronaldburgh,878.67
Audrina,Yu,2021-01-27,2021-10-18,Network Engineer,Walter Powell,audrina.yu@bilearner.com,TNS,Active,Full-Time,Temporary,Resignation,IT/IS,General - Con,1956-07-11,MA,Male,Fully Meets,3928,2023-01-04,4,2,Leadership Development,Internal,Failed,Jenniferton,799.99
Jeramiah,Foster,2023-06-18,2023-07-24,Network Engineer,Kimberly Wolf,jeramiah.foster@bilearner.com,WBL,Active,Contract,Part-Time,Resignation,IT/IS,Wireline Construction,1977-04-20,MA,Female,Fully Meets,3929,2022-10-28,2,5,Technical Skills,Internal,Failed,Lake Williamfort,617.52
Alanna,Mullins,2020-04-15,2022-05-13,IT Support,Dustin Sanchez,alanna.mullins@bilearner.com,NEL,Active,Full-Time,Temporary,Involuntary,IT/IS,Executive,1979-01-03,MA,Female,Fully Meets,3934,2023-04-07,3,3,Project Management,Internal,Completed,Mariahton,219.78
Donald,Favis,2022-07-21,2023-05-01,Enterprise Architect,Stephen Rasmussen,donald.favis@bilearner.com,MSC,Terminated for Cause,Full-Time,Temporary,Involuntary,IT/IS,General - Sga,1998-06-27,CT,Male,Fully Meets,3936,2023-03-25,5,3,Communication Skills,Internal,Completed,Josephbury,283.29
Bianca,Roehrich,2018-11-04,2021-12-22,Principal Data Architect,Brian Gamble MD,bianca.roehrich@bilearner.com,PYZ,Voluntarily Terminated,Contract,Temporary,Resignation,IT/IS,Catv,1951-09-04,MA,Female,PIP,3942,2023-02-02,3,4,Customer Service,External,Completed,Joanneshire,940.22
Jason,Salter,2019-07-27,2021-07-25,Data Analyst ,Lauren Moore,jason.salter@bilearner.com,NEL,Voluntarily Terminated,Part-Time,Part-Time,Resignation,IT/IS,General - Eng,1971-08-04,MA,Male,Fully Meets,3943,2022-08-06,5,2,Communication Skills,External,Failed,West Justinchester,282.37
Renee,Becker,2020-04-04,2022-06-22,Database Administrator,Heather Phillips,renee.becker@bilearner.com,EW,Terminated for Cause,Full-Time,Full-Time,Resignation,IT/IS,Field Operations,1996-12-03,MA,Female,Fully Meets,3947,2023-07-28,4,3,Project Management,Internal,Failed,New Kathleenmouth,456.02
Randall,Pearson,2023-02-03,2023-05-29,Data Analyst,Peggy Mccoy,randall.pearson@bilearner.com,MSC,Voluntarily Terminated,Contract,Full-Time,Involuntary,IT/IS,Aerial,1943-10-29,MA,Male,Fully Meets,3948,2023-03-10,4,4,Leadership Development,External,Passed,East Wesleyport,350.68
Claudia N,Carr,2022-09-20,2023-07-04,Sr. DBA,Natasha Walton,claudia n.carr@bilearner.com,SVG,Future Start,Full-Time,Temporary,Voluntary,IT/IS,General - Con,1991-03-17,MA,Female,Fully Meets,3949,2023-04-22,5,2,Communication Skills,Internal,Incomplete,Lake Kelsey,843.66
Taisha,Goble,2021-04-25,2023-02-12,Database Administrator,Joseph Jensen,taisha.goble@bilearner.com,MSC,Terminated for Cause,Contract,Temporary,Resignation,IT/IS,Wireline Construction,1961-09-07,MA,Female,Fully Meets,3951,2023-04-01,4,1,Project Management,Internal,Completed,Joneston,532.41
Draven,Giles,2020-02-16,2023-03-16,Database Administrator,Aaron Richards,draven.giles@bilearner.com,SVG,Active,Contract,Full-Time,Resignation,IT/IS,Project Management - Con,1998-10-28,MA,Female,Fully Meets,3955,2023-06-10,2,1,Technical Skills,External,Failed,Kimberlychester,762.36
Aliana,Shaw,2019-08-07,2023-03-08,Database Administrator,Joseph Shelton,aliana.shaw@bilearner.com,EW,Active,Contract,Temporary,Retirement,IT/IS,General - Sga,1997-01-02,TX,Female,Fully Meets,3956,2022-09-26,4,5,Customer Service,External,Failed,Phamchester,611.15
Braylen,Mendoza,2022-11-11,2023-07-14,Data Architect,Douglas Chapman,braylen.mendoza@bilearner.com,PYZ,Terminated for Cause,Part-Time,Full-Time,Resignation,IT/IS,General - Con,1988-08-20,TX,Male,Fully Meets,3959,2023-06-30,5,4,Communication Skills,Internal,Incomplete,New Michael,116.9
Marlee,Stevens,2021-06-07,2023-01-25,Sr. Accountant,Wendy Jackson,marlee.stevens@bilearner.com,PYZ,Future Start,Part-Time,Temporary,Involuntary,IT/IS,Aerial,2001-02-26,MA,Male,Exceeds,3964,2023-03-28,5,2,Project Management,Internal,Completed,Kylestad,639.13
Konner,Villegas,2018-10-19,2021-09-04,Software Engineer,Ruth Myers,konner.villegas@bilearner.com,NEL,Future Start,Contract,Part-Time,Voluntary,Software Engineering,Field Operations,1978-04-28,MA,Female,Fully Meets,3966,2022-10-03,5,5,Customer Service,External,Failed,Jacobsland,726.74
Anastasia,Gillespie,2018-12-03,2021-01-20,Data Analyst,Harold Jones,anastasia.gillespie@bilearner.com,MSC,Active,Full-Time,Temporary,Involuntary,IT/IS,Finance & Accounting,1955-07-19,MA,Female,Fully Meets,3967,2023-01-05,5,3,Customer Service,External,Failed,Lake Garyport,683.96
Macy,Webster,2020-10-04,2023-04-27,Database Administrator,Cynthia Gardner,macy.webster@bilearner.com,PYZ,Active,Part-Time,Full-Time,Voluntary,IT/IS,Field Operations,1950-11-08,MA,Female,Exceeds,3970,2023-01-14,5,1,Technical Skills,Internal,Incomplete,North Spencerfort,216.73
Brooklyn,Tanner,2018-09-21,2023-06-22,Database Administrator,Jason Sims,brooklyn.tanner@bilearner.com,WBL,Terminated for Cause,Part-Time,Temporary,Resignation,IT/IS,Field Operations,1973-05-22,TX,Female,Exceeds,3973,2022-08-17,3,2,Leadership Development,Internal,Passed,West Kaylamouth,202.97
Zander,Franco,2018-12-25,2019-07-10,Data Architect,Ronnie Garcia,zander.franco@bilearner.com,BPC,Terminated for Cause,Part-Time,Full-Time,Involuntary,IT/IS,General - Eng,1986-01-07,TX,Male,Exceeds,3974,2023-04-04,4,5,Communication Skills,Internal,Passed,Lake Amyland,487.4
Kianna,Rhodes,2020-11-03,2022-09-25,CIO,Curtis Hill,kianna.rhodes@bilearner.com,CCDR,Terminated for Cause,Part-Time,Temporary,Voluntary,IT/IS,Field Operations,1999-01-25,TX,Male,Fully Meets,3975,2022-11-27,1,4,Leadership Development,External,Completed,East Kathryn,669.81
Peyton,Phelps,2021-01-25,2022-06-11,Software Engineering Manager,Emma Allen,peyton.phelps@bilearner.com,WBL,Future Start,Contract,Temporary,Resignation,IT/IS,Technology / It,1967-10-30,MA,Female,Fully Meets,3979,2022-12-09,3,5,Communication Skills,External,Failed,Ryantown,477.12
Kiara,Fox,2020-07-24,2023-04-09,Data Analyst,Richard Bailey,kiara.fox@bilearner.com,BPC,Active,Full-Time,Temporary,Resignation,IT/IS,Field Operations,1960-02-07,MA,Female,Fully Meets,3981,2022-10-31,1,2,Communication Skills,External,Passed,South Kelly,869.96
Christine,Skinner,2022-02-10,2022-06-08,Database Administrator,Thomas Ramirez,christine.skinner@bilearner.com,EW,Active,Contract,Full-Time,Retirement,IT/IS,Wireline Construction,1963-07-23,TX,Female,Fully Meets,3984,2023-02-24,5,5,Communication Skills,Internal,Incomplete,Farmerside,202.91
Zayne,Mccullough,2023-01-13,2023-05-19,Database Administrator,Melissa Turner,zayne.mccullough@bilearner.com,MSC,Terminated for Cause,Part-Time,Part-Time,Resignation,IT/IS,People Services,1992-01-18,TX,Male,Fully Meets,3985,2022-09-28,5,4,Communication Skills,Internal,Passed,Lindseyhaven,956.95
Aydan,Benjamin,2022-02-25,2022-07-19,Data Architect,Lindsay Nelson,aydan.benjamin@bilearner.com,PYZ,Terminated for Cause,Full-Time,Full-Time,Retirement,IT/IS,Catv,1982-05-03,TX,Male,Exceeds,3987,2022-12-22,5,4,Project Management,External,Passed,New Keith,962.54
Kenzie,Mullins,2022-07-21,2022-11-21,Sr. DBA,Anthony Williams,kenzie.mullins@bilearner.com,SVG,Leave of Absence,Contract,Temporary,Voluntary,IT/IS,Shop (Fleet),1981-06-17,MA,Female,Fully Meets,3988,2023-05-20,5,2,Project Management,Internal,Passed,West Marioside,190.07
Damarion,Schneider,2019-12-02,2019-12-26,Sr. Accountant,Caitlin Murphy,damarion.schneider@bilearner.com,WBL,Future Start,Contract,Temporary,Involuntary,IT/IS,Safety,1956-12-18,MA,Male,Fully Meets,3990,2022-08-27,2,2,Technical Skills,Internal,Failed,West Adambury,475.04
Evelin,Snow,2022-12-08,2023-05-07,Data Analyst,Roy Villegas,evelin.snow@bilearner.com,SVG,Active,Part-Time,Full-Time,Voluntary,IT/IS,General - Eng,1961-12-28,MA,Male,Fully Meets,3992,2023-07-14,4,3,Project Management,External,Completed,Claychester,323.25
Cortez,Murillo,2019-07-15,2021-06-01,Database Administrator,Stuart White,cortez.murillo@bilearner.com,NEL,Active,Full-Time,Temporary,Resignation,IT/IS,Wireline Construction,1946-12-08,MA,Female,Exceeds,3995,2023-01-05,4,5,Project Management,External,Incomplete,Ericfort,803.73
Ace,Krause,2021-12-24,2022-07-27,Database Administrator,Brittany Rubio,ace.krause@bilearner.com,CCDR,Terminated for Cause,Full-Time,Full-Time,Resignation,IT/IS,Yard (Material Handling),1971-01-22,TX,Female,Fully Meets,3998,2023-02-22,5,5,Customer Service,External,Completed,Port Kyle,994.09
Reuben,Davila,2019-04-17,2021-08-17,Database Administrator,John Henderson,reuben.davila@bilearner.com,BPC,Terminated for Cause,Full-Time,Full-Time,Involuntary,IT/IS,Engineers,1943-02-01,TX,Male,Exceeds,3999,2022-10-02,5,4,Leadership Development,Internal,Incomplete,Williamsland,477.78
Angelique,Mann,2019-10-26,2021-06-08,Data Architect,Eugene Morgan,angelique.mann@bilearner.com,PYZ,Terminated for Cause,Contract,Full-Time,Involuntary,IT/IS,Field Operations,1960-03-31,TX,Male,Fully Meets,4000,2023-04-21,3,2,Leadership Development,Internal,Completed,Jamesfurt,951.27
Sandra,Martin,2022-12-12,2023-05-28,Software Engineer,Angela Hayes,sandra.martin@bilearner.com,NEL,Active,Part-Time,Temporary,Involuntary,Software Engineering,Catv,1950-07-08,MA,Female,Fully Meets,1002,2023-08-03,4,5,Leadership Development,Internal,Failed,Brandonview,582.37
Keyla,Del Bosque,2023-03-08,2023-03-15,Software Engineer,Christina Copeland,keyla.del bosque@bilearner.com,WBL,Active,Contract,Part-Time,Voluntary,Software Engineering,Field Operations,1973-11-23,MA,Female,Fully Meets,1003,2023-01-03,2,5,Technical Skills,Internal,Incomplete,Port Briannahaven,777.06
Andrew,Szabo,2020-05-29,2021-03-05,Software Engineer,Jennifer Cohen,andrew.szabo@bilearner.com,PYZ,Active,Part-Time,Part-Time,Involuntary,Software Engineering,Project Management - Con,1957-01-27,MA,Male,Fully Meets,1004,2023-07-30,3,5,Customer Service,Internal,Completed,Knightborough,824.3
Colby,Andreola,2021-08-15,2021-11-20,Software Engineer,Beth Johnson,colby.andreola@bilearner.com,MSC,Active,Full-Time,Part-Time,Resignation,Software Engineering,Engineers,1959-02-19,MA,Female,Fully Meets,1006,2023-05-03,5,2,Project Management,Internal,Failed,Erinfort,838.07
Edward,TRUE,2020-10-25,2021-09-26,Software Engineer,Raymond Adams,edward.true@bilearner.com,SVG,Voluntarily Terminated,Part-Time,Part-Time,Involuntary,Software Engineering,General - Con,2000-03-18,MA,Male,Fully Meets,1007,2023-07-18,2,1,Leadership Development,External,Failed,New Christopher,667.32
Judith,Carabbio,2019-08-28,2020-05-04,Software Engineer,Jessica Rhodes,judith.carabbio@bilearner.com,BPC,Active,Contract,Temporary,Voluntary,Software Engineering,General - Con,1981-12-21,MA,Female,Fully Meets,1008,2023-06-21,5,2,Technical Skills,External,Incomplete,Lowemouth,758.18
Adell,Saada,2019-06-13,2023-01-12,Software Engineer,Steven Tran,adell.saada@bilearner.com,NEL,Active,Part-Time,Temporary,Retirement,Software Engineering,General - Con,1987-03-01,MA,Female,Fully Meets,1009,2023-06-06,2,5,Customer Service,Internal,Incomplete,Johnland,101.21
Kamari,Hunter,2021-01-12,2022-03-18,Software Engineer,Kristen Collier,kamari.hunter@bilearner.com,EW,Voluntarily Terminated,Part-Time,Temporary,Voluntary,Software Engineering,Field Operations,1992-10-21,MA,Male,Fully Meets,1010,2022-09-15,2,4,Communication Skills,External,Incomplete,Lake Kimfurt,332.25
Sarah,Malone,2022-02-07,2023-02-12,Software Engineer,David Lopez,sarah.malone@bilearner.com,MSC,Voluntarily Terminated,Contract,Temporary,Resignation,Software Engineering,General - Con,1948-02-22,MA,Male,Fully Meets,1011,2022-12-08,1,2,Communication Skills,Internal,Completed,Smithshire,803.98
Skyler,Blackwell,2020-11-09,2021-06-06,Software Engineer,Candice Schmidt,skyler.blackwell@bilearner.com,TNS,Voluntarily Terminated,Contract,Temporary,Involuntary,Software Engineering,General - Eng,1978-10-03,MA,Male,Fully Meets,1012,2023-01-13,3,5,Technical Skills,External,Failed,Howardburgh,887.08
Kole,Quinn,2022-12-31,2023-07-13,Shared Services Manager,Jermaine Weaver,kole.quinn@bilearner.com,WBL,Active,Part-Time,Full-Time,Retirement,Software Engineering,Catv,1953-07-13,MA,Male,Fully Meets,1014,2023-06-28,4,4,Customer Service,External,Incomplete,Watersview,895.49
Jayda,Reese,2020-02-21,2021-05-29,Senior BI Developer,Tyler Davis,jayda.reese@bilearner.com,PL,Active,Part-Time,Part-Time,Involuntary,Admin Offices,Shop (Fleet),1956-03-08,MA,Female,Fully Meets,1016,2022-12-09,2,3,Communication Skills,External,Completed,Lake Stuartfurt,606.68
Julien,Whitehead,2020-09-07,2021-12-15,Senior BI Developer,Joshua Gonzalez,julien.whitehead@bilearner.com,BPC,Active,Full-Time,Full-Time,Involuntary,Admin Offices,Field Operations,1947-07-05,MA,Female,Fully Meets,1017,2023-07-16,4,1,Technical Skills,External,Passed,Cooleybury,265.73
Alan,Haynes,2020-06-19,2021-12-08,Senior BI Developer,Justin Sherman,alan.haynes@bilearner.com,CCDR,Active,Part-Time,Part-Time,Involuntary,Admin Offices,General - Con,1942-02-24,MA,Female,Fully Meets,1018,2023-06-21,4,1,Project Management,Internal,Incomplete,Larsonborough,673.29
Kamryn,Herrera,2022-10-14,2023-07-28,Software Engineer,Sara Holland,kamryn.herrera@bilearner.com,EW,Voluntarily Terminated,Full-Time,Temporary,Retirement,Software Engineering,Fielders,1978-11-28,MA,Male,Fully Meets,1019,2023-06-21,1,3,Project Management,External,Passed,Powellland,436.98
Kelvin,Foster,2023-06-20,2023-07-18,Software Engineer,Shelia Graham,kelvin.foster@bilearner.com,MSC,Voluntarily Terminated,Contract,Full-Time,Resignation,Software Engineering,Field Operations,1990-12-20,MA,Female,Fully Meets,1020,2023-08-01,2,1,Technical Skills,External,Passed,Chadport,578.58
Joe,Fletcher,2020-11-09,2023-07-17,Software Engineer,Amanda Hayden,joe.fletcher@bilearner.com,TNS,Voluntarily Terminated,Full-Time,Full-Time,Resignation,Software Engineering,General - Eng,1989-01-25,MA,Male,Fully Meets,1021,2023-03-09,5,1,Technical Skills,Internal,Failed,Patrickhaven,647.16
Nickolas,Davila,2018-11-09,2021-10-10,Shared Services Manager,Debra Morales,nickolas.davila@bilearner.com,WBL,Active,Contract,Part-Time,Voluntary,Software Engineering,General - Con,1992-04-05,MA,Male,Fully Meets,1023,2023-01-17,4,4,Project Management,Internal,Failed,West Justinborough,893.07
Kasey,Boyer,2018-12-30,2021-06-23,Shared Services Manager,Chad Andrews,kasey.boyer@bilearner.com,NEL,Active,Contract,Part-Time,Involuntary,Software Engineering,Fielders,1987-03-30,MA,Female,Fully Meets,1024,2022-10-12,5,3,Project Management,External,Completed,Hullmouth,868.98
Giovanni,Jenkins,2023-05-11,2023-05-15,Senior BI Developer,John Wallace,giovanni.jenkins@bilearner.com,PL,Active,Full-Time,Temporary,Retirement,Admin Offices,Field Operations,1960-11-13,MA,Female,Fully Meets,1025,2023-01-24,4,1,Project Management,Internal,Incomplete,Thompsonbury,761.95
Alexis,Moss,2022-11-03,2023-02-09,Senior BI Developer,Benjamin Frederick,alexis.moss@bilearner.com,BPC,Active,Contract,Part-Time,Resignation,Admin Offices,Engineers,1950-11-07,MA,Female,Fully Meets,1026,2022-10-09,5,2,Communication Skills,External,Incomplete,Cynthiachester,431.57
Joanna,Murphy,2020-06-14,2021-05-29,Senior BI Developer,Michael Ramos,joanna.murphy@bilearner.com,CCDR,Active,Part-Time,Full-Time,Voluntary,Admin Offices,General - Con,1962-12-21,MA,Male,Fully Meets,1027,2023-04-05,2,3,Communication Skills,External,Incomplete,East Jackstad,357.57
Joseph,Schmidt,2019-10-15,2023-01-01,Software Engineer,Donna Boone,joseph.schmidt@bilearner.com,PYZ,Voluntarily Terminated,Full-Time,Part-Time,Resignation,Software Engineering,General - Con,2000-10-22,MA,Male,Fully Meets,1028,2023-03-26,5,5,Technical Skills,Internal,Incomplete,East Christopher,804.06
Kiley,Haynes,2022-04-19,2022-08-26,Software Engineer,Dominique Bailey,kiley.haynes@bilearner.com,PYZ,Active,Full-Time,Part-Time,Voluntary,Software Engineering,Aerial,1954-07-01,MA,Male,Fully Meets,1032,2023-05-22,5,4,Technical Skills,External,Completed,New Jackie,482.23
Kody,Jimenez,2021-07-06,2021-11-25,Senior BI Developer,Daniel Moore,kody.jimenez@bilearner.com,BPC,Active,Part-Time,Part-Time,Resignation,Admin Offices,Field Operations,1993-08-08,MA,Male,Fully Meets,1036,2022-08-09,5,2,Customer Service,External,Failed,Michaelmouth,305.98
Zoe,Colon,2020-09-24,2020-11-02,Software Engineer,Stacey Vargas,zoe.colon@bilearner.com,CCDR,Voluntarily Terminated,Part-Time,Full-Time,Voluntary,Software Engineering,Fielders,1993-07-27,MA,Male,Fully Meets,1037,2022-11-25,5,1,Leadership Development,Internal,Failed,North Stephanie,646.76
Nolan,Perez,2019-08-22,2022-03-25,Software Engineer,Joshua Daniels,nolan.perez@bilearner.com,EW,Voluntarily Terminated,Part-Time,Part-Time,Involuntary,Software Engineering,Finance & Accounting,1982-11-17,MA,Female,Fully Meets,1039,2022-12-03,2,4,Customer Service,External,Passed,East Williamport,520.41
Katrina,Farrell,2019-07-25,2022-12-17,Software Engineer,Mark Mays,katrina.farrell@bilearner.com,MSC,Voluntarily Terminated,Contract,Part-Time,Retirement,Software Engineering,Field Operations,1972-04-25,MA,Male,Fully Meets,1040,2022-09-27,5,3,Technical Skills,Internal,Completed,Robertsmouth,712.84
Camden,Kelly,2019-11-11,2020-01-10,Software Engineer,Brandon Ortiz,camden.kelly@bilearner.com,TNS,Voluntarily Terminated,Full-Time,Full-Time,Retirement,Software Engineering,Engineers,1976-11-04,MA,Male,Fully Meets,1041,2023-01-19,3,1,Customer Service,Internal,Completed,Reesefurt,871.12
Kale,Lang,2022-12-19,2023-05-10,Shared Services Manager,Matthew Patel,kale.lang@bilearner.com,WBL,Active,Full-Time,Part-Time,Resignation,Software Engineering,Splicing,1955-12-16,MA,Female,Fully Meets,1043,2023-02-25,1,1,Communication Skills,External,Completed,West Danielside,289.93
Elliott,Ashley,2020-10-04,2023-02-27,Senior BI Developer,Kelly Williams,elliott.ashley@bilearner.com,PL,Active,Full-Time,Temporary,Involuntary,Admin Offices,Catv,1963-06-10,MA,Female,Fully Meets,1045,2022-08-08,1,4,Customer Service,External,Completed,West Josephport,690.41
Genesis,Todd,2022-04-23,2022-08-03,Software Engineer,Jose Daniel,genesis.todd@bilearner.com,CCDR,Voluntarily Terminated,Full-Time,Temporary,Involuntary,Software Engineering,Underground,1962-11-17,MA,Male,Fully Meets,1046,2023-02-18,3,5,Leadership Development,Internal,Failed,Lake Jose,211.39
Demarion,Morrow,2019-05-30,2020-12-19,Software Engineer,Patricia Brewer,demarion.morrow@bilearner.com,MSC,Voluntarily Terminated,Part-Time,Part-Time,Involuntary,Software Engineering,Field Operations,1954-09-26,MA,Male,Fully Meets,1049,2023-07-27,3,5,Leadership Development,Internal,Completed,Gonzalezfort,518.54
Devon,Hinton,2022-04-08,2023-01-11,Software Engineer,Allison York,devon.hinton@bilearner.com,PYZ,Active,Full-Time,Part-Time,Involuntary,Software Engineering,Field Operations,1981-04-29,MA,Male,Fully Meets,1051,2023-01-01,2,4,Leadership Development,Internal,Passed,Hardingfort,572.94
Jacquelyn,Johns,2021-02-25,2021-06-04,Shared Services Manager,Christopher Romero,jacquelyn.johns@bilearner.com,WBL,Active,Contract,Part-Time,Voluntary,Software Engineering,General - Con,1980-06-21,MA,Female,Fully Meets,1052,2022-11-19,1,4,Communication Skills,Internal,Incomplete,Larryview,234.76
Blaine,Keith,2019-03-13,2021-04-07,Shared Services Manager,Timothy Hansen,blaine.keith@bilearner.com,NEL,Active,Contract,Full-Time,Resignation,Software Engineering,Project Management - Con,1947-07-25,MA,Female,Fully Meets,1053,2022-10-12,2,1,Communication Skills,External,Passed,Valdezfort,704.7
Frida,Livingston,2018-10-10,2018-12-25,Shared Services Manager,Sandra Black,frida.livingston@bilearner.com,CCDR,Active,Part-Time,Full-Time,Voluntary,Software Engineering,General - Con,1976-02-05,MA,Female,Fully Meets,1060,2023-07-01,5,5,Project Management,Internal,Completed,East Andres,770.84
Travis,Vasquez,2019-05-18,2020-01-14,Software Engineer,Amanda Hale,travis.vasquez@bilearner.com,BPC,Voluntarily Terminated,Part-Time,Part-Time,Involuntary,Software Engineering,Engineers,1969-11-03,MA,Male,Fully Meets,1062,2023-01-03,3,2,Technical Skills,Internal,Failed,Carolinemouth,702.84
Wyatt,Donovan,2022-03-30,2022-04-13,Software Engineer,Terry Durham,wyatt.donovan@bilearner.com,SVG,Voluntarily Terminated,Part-Time,Part-Time,Retirement,Software Engineering,Field Operations,1987-02-24,MA,Male,Fully Meets,1064,2022-12-14,5,4,Leadership Development,External,Passed,South Charlene,819.86
Gage,Weeks,2021-12-27,2023-01-05,Software Engineer,Summer Moreno,gage.weeks@bilearner.com,MSC,Active,Full-Time,Temporary,Voluntary,Software Engineering,Catv,1981-04-23,MA,Male,Fully Meets,1066,2023-07-15,4,3,Communication Skills,Internal,Completed,Brandonberg,769.42
Wyatt,Edwards,2018-10-13,2023-05-28,Shared Services Manager,Cassandra Smith,wyatt.edwards@bilearner.com,WBL,Active,Full-Time,Part-Time,Resignation,Software Engineering,General - Con,1975-09-13,MA,Female,Fully Meets,1069,2023-02-04,3,1,Communication Skills,Internal,Failed,South Angelaview,886.06
Karla,Reed,2018-12-15,2022-05-28,Shared Services Manager,Warren Baker,karla.reed@bilearner.com,NEL,Active,Full-Time,Temporary,Resignation,Software Engineering,General - Sga,1998-11-04,MA,Male,Fully Meets,1070,2023-03-05,3,1,Technical Skills,Internal,Failed,Robertside,943.8
Yadira,Mcmillan,2019-03-28,2020-10-17,Software Engineer,Amy Bell,yadira.mcmillan@bilearner.com,PL,Voluntarily Terminated,Contract,Part-Time,Involuntary,Software Engineering,Field Operations,1968-06-23,MA,Male,Fully Meets,1071,2023-05-15,1,2,Communication Skills,Internal,Completed,Johnport,234.26
Lilianna,Mccall,2021-02-19,2023-02-24,Software Engineer,Robert Garcia,lilianna.mccall@bilearner.com,SVG,Voluntarily Terminated,Full-Time,Temporary,Voluntary,Software Engineering,General - Con,1983-07-08,MA,Male,Fully Meets,1074,2023-02-10,3,4,Project Management,Internal,Passed,Davisberg,103.42
Salvador,Thomas,2022-11-05,2023-04-16,Software Engineer,Nicholas Martinez,salvador.thomas@bilearner.com,EW,Active,Part-Time,Full-Time,Involuntary,Software Engineering,Engineers,1968-04-23,MA,Male,Fully Meets,1075,2023-04-10,1,2,Project Management,Internal,Passed,East Darryl,573.29
Jair,Silva,2020-03-22,2020-09-28,Software Engineer,Carlos Barnes,jair.silva@bilearner.com,MSC,Active,Contract,Part-Time,Retirement,Software Engineering,General - Eng,1943-01-28,MA,Female,Fully Meets,1076,2023-04-11,1,3,Technical Skills,External,Incomplete,Jamieville,619.61
Litzy,Conner,2020-02-24,2021-06-16,Software Engineer,Angela Ramsey,litzy.conner@bilearner.com,PYZ,Active,Contract,Temporary,Voluntary,Software Engineering,Aerial,1997-03-19,MA,Female,Fully Meets,1078,2023-07-28,3,3,Project Management,External,Passed,Villanuevaborough,597.64
Joanna,Burnett,2021-04-07,2022-05-01,Shared Services Manager,Malik Smith,joanna.burnett@bilearner.com,WBL,Active,Part-Time,Full-Time,Resignation,Software Engineering,Project Management - Eng,2000-04-11,MA,Female,Fully Meets,1079,2022-10-08,2,2,Communication Skills,External,Incomplete,North Jon,861.1
Armani,Porter,2022-01-17,2022-08-10,Software Engineer,Kayla Ibarra,armani.porter@bilearner.com,EW,Voluntarily Terminated,Contract,Part-Time,Involuntary,Software Engineering,General - Con,1965-08-24,MA,Male,Fully Meets,1081,2023-03-03,1,3,Communication Skills,External,Failed,Brandonview,526.08
Taylor,Sanders,2021-09-02,2023-06-27,Software Engineer,Ryan Mathews,taylor.sanders@bilearner.com,MSC,Active,Part-Time,Part-Time,Retirement,Software Engineering,General - Con,1976-03-03,MA,Male,Fully Meets,1082,2023-02-27,1,4,Customer Service,External,Incomplete,New Colinfort,662.15
Ava,Pace,2022-08-12,2022-10-20,Software Engineer,Justin Young,ava.pace@bilearner.com,SVG,Active,Contract,Temporary,Voluntary,Software Engineering,Field Operations,1973-07-30,MA,Female,Fully Meets,1086,2023-03-14,1,1,Leadership Development,External,Completed,East Robertside,641.69
Delaney,Bruce,2022-07-08,2023-08-04,Software Engineer,Robert Salinas,delaney.bruce@bilearner.com,TNS,Active,Part-Time,Part-Time,Voluntary,Software Engineering,Field Operations,1974-08-05,MA,Female,Fully Meets,1087,2023-05-03,1,5,Technical Skills,Internal,Incomplete,Heatherview,197.34
Jair,Bullock,2020-08-15,2021-01-23,Software Engineer,Mary Anderson,jair.bullock@bilearner.com,WBL,Active,Contract,Part-Time,Resignation,Software Engineering,General - Con,1991-04-08,MA,Female,Fully Meets,1088,2023-04-20,4,3,Leadership Development,External,Failed,North Elizabeth,235.15
Kayla,Farrell,2023-05-27,2023-06-14,Software Engineer,Jennifer Stevens,kayla.farrell@bilearner.com,BPC,Active,Full-Time,Temporary,Involuntary,Software Engineering,Wireline Construction,1953-04-29,MA,Female,Fully Meets,1089,2023-04-19,3,1,Technical Skills,Internal,Passed,North Amanda,697.28
Carl,Desimone,2018-11-16,2021-04-03,Production Technician I,Daniel Booth,carl.desimone@bilearner.com,PYZ,Active,Contract,Temporary,Involuntary,Production       ,General - Sga,1986-08-26,MA,Male,Fully Meets,1091,2023-04-22,2,4,Customer Service,Internal,Incomplete,Port Patricia,213.91
Linda,Anderson,2022-02-15,2022-10-19,Production Technician I,Adam Hunt,linda.anderson@bilearner.com,PYZ,Active,Part-Time,Part-Time,Voluntary,Production       ,Shop (Fleet),1973-01-11,MA,Female,Fully Meets,1096,2022-12-17,1,3,Technical Skills,External,Incomplete,Alexandriachester,778.25
Nilson,Fernandes,2023-07-17,2023-08-03,Production Technician I,Jeffrey Saunders,nilson.fernandes@bilearner.com,SVG,Active,Contract,Part-Time,Involuntary,Production       ,Field Operations,1999-08-02,MA,Male,Fully Meets,1097,2022-10-31,1,2,Customer Service,Internal,Completed,Port Danielmouth,609.5
Alain,Robinson,2019-05-03,2023-06-02,Production Technician I,Stephanie Griffin,alain.robinson@bilearner.com,PL,Voluntarily Terminated,Part-Time,Temporary,Involuntary,Production       ,General - Eng,1993-01-10,MA,Male,Fully Meets,1098,2022-12-28,2,2,Leadership Development,External,Failed,Rachelshire,666.67
Seffi,Shields,2022-03-25,2022-04-22,Production Technician I,Robert Sullivan,seffi.shields@bilearner.com,SVG,Active,Part-Time,Part-Time,Retirement,Production       ,Field Operations,1971-12-24,MA,Female,Fully Meets,1099,2023-08-04,1,5,Project Management,External,Incomplete,Arthurmouth,797.05
Samuel,MacLennan,2021-04-11,2023-05-27,Production Technician I,Chad Moreno,samuel.maclennan@bilearner.com,BPC,Voluntarily Terminated,Full-Time,Temporary,Involuntary,Production       ,Splicing,1957-04-02,MA,Male,Fully Meets,1103,2022-11-06,5,3,Leadership Development,External,Passed,Hoffmanview,308.21
Shakira,Perry,2020-10-08,2022-12-04,Production Technician I,Mark Jacobs,shakira.perry@bilearner.com,PL,Voluntarily Terminated,Contract,Full-Time,Voluntary,Production       ,General - Con,1948-10-11,MA,Female,Fully Meets,1105,2023-02-15,1,4,Technical Skills,Internal,Incomplete,Lake Heidi,172.19
Enola,Chivukula,2022-06-11,2022-09-25,Production Technician I,Timothy Moore,enola.chivukula@bilearner.com,EW,Voluntarily Terminated,Full-Time,Part-Time,Retirement,Production       ,Field Operations,1981-10-01,MA,Female,Fully Meets,1109,2022-10-16,4,5,Leadership Development,External,Completed,South Ericburgh,898.37
Alexandra,Kirill,2019-09-08,2020-08-29,Production Technician I,Mark Hernandez,alexandra.kirill@bilearner.com,BPC,Voluntarily Terminated,Full-Time,Part-Time,Retirement,Production       ,Splicing,1952-05-31,MA,Female,Fully Meets,1111,2023-05-11,4,1,Project Management,Internal,Failed,Davilatown,786.57
Ryker,Logan,2019-03-09,2023-07-12,Production Technician I,Ryan Jenkins,ryker.logan@bilearner.com,SVG,Voluntarily Terminated,Full-Time,Full-Time,Voluntary,Production       ,Field Operations,1984-08-10,MA,Male,Fully Meets,1116,2022-12-16,3,4,Communication Skills,Internal,Incomplete,Kempmouth,557.68
Payten,Middleton,2019-02-21,2019-03-06,Production Technician I,Dennis Martinez,payten.middleton@bilearner.com,TNS,Voluntarily Terminated,Full-Time,Temporary,Resignation,Production       ,General - Con,1997-08-23,MA,Male,Fully Meets,1117,2023-07-29,4,5,Communication Skills,Internal,Completed,Lake Emily,271.68
Harrison,Hunt,2019-10-04,2022-11-26,Production Technician I,Stephen Parks,harrison.hunt@bilearner.com,WBL,Active,Full-Time,Temporary,Retirement,Production       ,Engineers,1976-02-29,MA,Male,Fully Meets,1118,2023-02-22,1,5,Communication Skills,External,Completed,North Whitney,299.68
Orlando,Henderson,2019-11-24,2020-12-20,Production Technician I,Brenda Garza DDS,orlando.henderson@bilearner.com,BPC,Active,Part-Time,Part-Time,Involuntary,Production       ,Field Operations,1994-12-31,MA,Female,Fully Meets,1119,2023-04-16,4,4,Communication Skills,Internal,Incomplete,Kaylaburgh,440.28
Sierra,Macias,2021-11-16,2022-08-26,Production Manager,Miss Haley Duke DVM,sierra.macias@bilearner.com,MSC,Active,Contract,Part-Time,Retirement,Production       ,General - Con,1975-11-13,MA,Female,Fully Meets,1122,2022-12-04,2,1,Communication Skills,Internal,Passed,Allentown,444.4
Pierce,Robbins,2019-12-24,2022-11-11,Production Manager,Monique Hudson DDS,pierce.robbins@bilearner.com,PL,Active,Full-Time,Full-Time,Involuntary,Production       ,Engineers,1986-06-17,MA,Female,Fully Meets,1124,2023-02-27,3,2,Communication Skills,Internal,Failed,Jennyport,256.21
Gretchen,Richard,2018-09-08,2020-03-06,Production Technician II,Tony Pratt,gretchen.richard@bilearner.com,NEL,Voluntarily Terminated,Part-Time,Temporary,Retirement,Production       ,Engineers,1959-10-27,MA,Male,Fully Meets,1126,2023-04-23,3,3,Technical Skills,Internal,Failed,North Benjaminstad,500.45
Maximilian,Craig,2019-09-19,2021-10-23,Production Technician II,Laura Reid,maximilian.craig@bilearner.com,CCDR,Voluntarily Terminated,Full-Time,Part-Time,Resignation,Production       ,Field Operations,1956-05-17,MA,Female,Fully Meets,1129,2022-10-31,1,1,Technical Skills,Internal,Passed,Ashleyton,768.06
Raymond,Ayers,2021-05-15,2023-05-03,Production Technician I,James Burgess,raymond.ayers@bilearner.com,NEL,Voluntarily Terminated,Contract,Full-Time,Involuntary,Production       ,Aerial,1963-11-04,MA,Female,Fully Meets,1132,2023-07-15,1,5,Communication Skills,Internal,Passed,Robertsburgh,475.91
Vincent,Wyatt,2022-03-14,2022-10-02,Production Technician I,Jordan Robinson,vincent.wyatt@bilearner.com,PL,Voluntarily Terminated,Full-Time,Part-Time,Voluntary,Production       ,Aerial,1949-11-20,MA,Female,Fully Meets,1133,2023-06-15,1,2,Customer Service,External,Passed,Blakeshire,107.14
Micah,Stanley,2021-12-06,2022-01-08,Production Technician I,Matthew Baker,micah.stanley@bilearner.com,BPC,Voluntarily Terminated,Part-Time,Temporary,Retirement,Production       ,General - Con,1996-09-07,MA,Female,Fully Meets,1134,2022-12-29,4,1,Communication Skills,External,Passed,Robertshire,271.49
Calvin,Braun,2019-07-12,2022-07-12,Production Technician I,David Park,calvin.braun@bilearner.com,MSC,Active,Full-Time,Temporary,Involuntary,Production       ,General - Eng,1983-08-02,MA,Male,Fully Meets,1138,2022-10-19,4,5,Customer Service,Internal,Failed,Cohenmouth,155.14
Cale,Bender,2018-08-10,2022-02-21,Production Technician I,Victoria Campbell,cale.bender@bilearner.com,TNS,Active,Contract,Temporary,Involuntary,Production       ,Splicing,1953-04-11,MA,Male,Fully Meets,1139,2022-08-27,2,4,Customer Service,External,Completed,Port Brandon,930.06
Elianna,Schmitt,2018-09-02,2021-07-28,Production Manager,Margaret Gamble,elianna.schmitt@bilearner.com,PL,Active,Contract,Full-Time,Resignation,Production       ,Field Operations,1942-06-20,MA,Female,Fully Meets,1143,2022-12-13,2,4,Customer Service,Internal,Failed,Geraldmouth,563.38
Ernest,Willis,2019-06-11,2022-02-27,Production Technician II,Lisa Shaw,ernest.willis@bilearner.com,PYZ,Voluntarily Terminated,Full-Time,Full-Time,Involuntary,Production       ,General - Con,1943-09-30,MA,Female,Fully Meets,1147,2023-03-19,1,3,Leadership Development,Internal,Failed,Lake Dianeton,247.58
Davis,Roberts,2020-04-14,2021-09-10,Production Technician I,Brian Hudson,davis.roberts@bilearner.com,EW,Voluntarily Terminated,Part-Time,Temporary,Resignation,Production       ,Field Operations,1941-10-20,MA,Female,Fully Meets,1153,2023-02-28,3,4,Communication Skills,Internal,Failed,Jesusmouth,555.35
Meadow,Avery,2021-09-27,2023-02-05,Production Technician I,Andrew Perez,meadow.avery@bilearner.com,MSC,Voluntarily Terminated,Full-Time,Part-Time,Retirement,Production       ,Field Operations,1987-11-01,MA,Female,Fully Meets,1154,2023-06-09,1,3,Customer Service,Internal,Incomplete,West Sandra,338.48
Allyson,Owen,2018-11-17,2020-03-12,Production Technician I,Kimberly Marshall,allyson.owen@bilearner.com,NEL,Voluntarily Terminated,Contract,Temporary,Resignation,Production       ,Finance & Accounting,1951-11-06,MA,Female,Fully Meets,1155,2022-08-25,2,3,Technical Skills,Internal,Failed,Port Peggyberg,339.01
Francisco,Simon,2019-07-22,2023-02-28,Production Technician I,Ashley Washington,francisco.simon@bilearner.com,PL,Voluntarily Terminated,Contract,Full-Time,Voluntary,Production       ,Billable Consultants,1980-04-20,MA,Male,Fully Meets,1156,2023-05-12,1,5,Customer Service,Internal,Incomplete,North Kayla,939.49
Chaya,Boyd,2018-11-22,2020-07-19,Production Technician I,Sean Ellis,chaya.boyd@bilearner.com,SVG,Voluntarily Terminated,Full-Time,Full-Time,Resignation,Production       ,Field Operations,1958-07-04,MA,Male,Fully Meets,1158,2023-03-17,2,4,Customer Service,External,Completed,South Stephen,154.71
Wyatt,Spence,2022-12-26,2023-05-23,Production Technician I,Kevin Coleman,wyatt.spence@bilearner.com,WBL,Active,Part-Time,Full-Time,Retirement,Production       ,General - Con,1976-09-10,MA,Female,Fully Meets,1160,2022-08-20,4,2,Leadership Development,External,Failed,Lake Nancyshire,137.96
Jayleen,Oconnell,2022-03-29,2023-05-20,Production Technician I,Alyssa Myers DVM,jayleen.oconnell@bilearner.com,WBL,Active,Full-Time,Temporary,Resignation,Production       ,General - Con,1983-08-17,MA,Female,Fully Meets,1162,2022-10-05,3,3,Communication Skills,External,Incomplete,Port Michelle,846.55
Carlie,Wilkerson,2021-06-13,2022-05-27,Production Technician I,Charles Rogers,carlie.wilkerson@bilearner.com,EW,Voluntarily Terminated,Full-Time,Full-Time,Voluntary,Production       ,Engineers,1952-05-20,MA,Male,Fully Meets,1172,2023-06-19,1,3,Communication Skills,External,Passed,North Christina,202.09
Kaylyn,Patrick,2020-11-14,2021-11-01,Production Technician I,Christine Foster,kaylyn.patrick@bilearner.com,BPC,Voluntarily Terminated,Full-Time,Full-Time,Resignation,Production       ,Isp,1968-01-30,MA,Female,Fully Meets,1173,2023-06-16,5,5,Customer Service,Internal,Passed,Brownington,901.42
Evie,Pope,2020-06-16,2023-03-13,Production Technician I,Tyler Brown,evie.pope@bilearner.com,CCDR,Voluntarily Terminated,Full-Time,Temporary,Resignation,Production       ,Field Operations,1973-12-10,MA,Female,Fully Meets,1174,2023-03-06,2,1,Project Management,External,Incomplete,North Angelahaven,454.23
Nayeli,Kelley,2018-12-20,2020-12-24,Production Technician I,Holly Nichols,nayeli.kelley@bilearner.com,EW,Voluntarily Terminated,Full-Time,Part-Time,Voluntary,Production       ,Catv,1996-08-04,MA,Female,Fully Meets,1175,2023-04-22,2,1,Project Management,Internal,Passed,Duffyport,460.39
Dorian,Fox,2021-10-03,2021-12-19,Production Technician I,Jamie Lowe,dorian.fox@bilearner.com,PL,Voluntarily Terminated,Contract,Part-Time,Involuntary,Production       ,Field Operations,1959-05-07,MA,Male,Fully Meets,1178,2023-05-03,2,1,Project Management,External,Failed,Gomezville,361.52
Gunnar,Webster,2020-12-29,2022-10-24,Production Technician I,Alex Cox,gunnar.webster@bilearner.com,WBL,Active,Full-Time,Temporary,Voluntary,Production       ,Splicing,1973-12-09,MA,Female,Fully Meets,1182,2022-08-25,2,4,Communication Skills,External,Passed,West Elizabethfurt,623.64
Patrick,Mckinney,2022-01-10,2023-05-11,Production Technician I,Cassandra Cox,patrick.mckinney@bilearner.com,CCDR,Active,Full-Time,Temporary,Involuntary,Production       ,Wireline Construction,1951-10-01,MA,Female,Fully Meets,1184,2022-10-03,1,3,Customer Service,Internal,Completed,Deniseville,512.51
Reagan,Odonnell,2020-02-06,2021-07-21,Production Technician II,Alex Bernard,reagan.odonnell@bilearner.com,WBL,Voluntarily Terminated,Contract,Part-Time,Retirement,Production       ,General - Sga,1979-05-28,MA,Male,Fully Meets,1188,2023-07-16,4,1,Technical Skills,Internal,Passed,Martinburgh,899.13
Roy,Morse,2020-06-28,2022-07-11,Production Technician II,Micheal Bryant,roy.morse@bilearner.com,NEL,Voluntarily Terminated,Contract,Full-Time,Involuntary,Production       ,General - Eng,1988-03-07,MA,Female,Fully Meets,1189,2023-07-19,5,5,Communication Skills,External,Completed,Cabreramouth,202.74
Rafael,Buchanan,2020-12-22,2021-11-20,Production Technician II,Bryan Simpson,rafael.buchanan@bilearner.com,PL,Voluntarily Terminated,Contract,Full-Time,Resignation,Production       ,Project Management - Eng,1998-04-20,MA,Female,Fully Meets,1190,2023-04-07,2,5,Project Management,External,Failed,Phillipsfurt,727.81
Jamarion,Mitchell,2020-02-06,2022-01-23,Production Technician I,Anna Meyers,jamarion.mitchell@bilearner.com,SVG,Voluntarily Terminated,Full-Time,Temporary,Involuntary,Production       ,Aerial,1950-09-18,MA,Female,Fully Meets,1193,2022-08-15,5,2,Technical Skills,External,Failed,North Victorstad,231.96
Gabrielle,Hardy,2019-01-14,2021-08-06,Production Technician I,Christopher Levy,gabrielle.hardy@bilearner.com,EW,Voluntarily Terminated,Full-Time,Temporary,Resignation,Production       ,Field Operations,1953-03-08,MA,Male,Fully Meets,1194,2022-12-04,5,4,Communication Skills,Internal,Completed,Floresville,430.92
Savion,Stokes,2019-06-25,2022-05-15,Production Technician I,David Maddox,savion.stokes@bilearner.com,TNS,Leave of Absence,Part-Time,Part-Time,Retirement,Production       ,Wireline Construction,1967-03-27,MA,Female,Fully Meets,1195,2023-01-30,5,3,Technical Skills,Internal,Failed,East Jason,638.7
Sarahi,Dodson,2022-04-11,2022-09-26,Production Technician I,Robert Hill,sarahi.dodson@bilearner.com,CCDR,Voluntarily Terminated,Contract,Part-Time,Voluntary,Production       ,General - Con,1954-01-27,MA,Male,Fully Meets,1201,2023-02-23,2,4,Communication Skills,External,Passed,Edwardborough,145.39
Faith,Carey,2022-09-01,2022-12-02,Production Technician I,Emily Rogers,faith.carey@bilearner.com,SVG,Voluntarily Terminated,Contract,Temporary,Voluntary,Production       ,Wireline Construction,1983-06-20,MA,Male,Fully Meets,1202,2022-08-14,1,3,Technical Skills,Internal,Incomplete,Connerborough,344.74
Pablo,Parker,2022-11-24,2023-08-05,Production Technician I,Melissa Tucker,pablo.parker@bilearner.com,MSC,Active,Full-Time,Temporary,Voluntary,Production       ,General - Sga,1948-08-26,MA,Male,Fully Meets,1204,2023-06-22,1,4,Project Management,External,Incomplete,Isaiahview,610.96
Bethany,Terry,2018-12-28,2023-05-15,Production Technician I,Richard Scott,bethany.terry@bilearner.com,PYZ,Active,Part-Time,Part-Time,Voluntary,Production       ,Engineers,1956-02-15,MA,Female,Fully Meets,1206,2022-10-17,3,4,Technical Skills,Internal,Passed,Smithstad,391.85
Jazlene,Mcdaniel,2019-08-17,2019-10-25,Production Manager,Melissa Greene,jazlene.mcdaniel@bilearner.com,NEL,Active,Contract,Part-Time,Retirement,Production       ,Wireline Construction,1979-12-30,MA,Female,Fully Meets,1208,2022-08-18,5,1,Leadership Development,Internal,Passed,Josephside,492.39
Camila,Dunn,2020-12-08,2023-06-10,Production Manager,Ann Collins,camila.dunn@bilearner.com,BPC,Active,Full-Time,Part-Time,Involuntary,Production       ,Field Operations,1948-12-24,MA,Female,Fully Meets,1210,2022-10-24,4,5,Leadership Development,External,Incomplete,Port Cynthia,485.44
Aurora,Frederick,2018-11-05,2023-03-23,Production Technician II,John Miles,aurora.frederick@bilearner.com,CCDR,Voluntarily Terminated,Part-Time,Part-Time,Voluntary,Production       ,Field Operations,1981-12-11,MA,Male,Fully Meets,1211,2023-03-16,3,3,Leadership Development,External,Passed,South Robinhaven,557.34
Caylee,Nunez,2020-08-26,2023-04-05,Production Technician II,Kevin Mendez,caylee.nunez@bilearner.com,EW,Voluntarily Terminated,Contract,Full-Time,Voluntary,Production       ,Engineers,1983-08-27,MA,Female,Fully Meets,1212,2023-01-31,4,5,Project Management,Internal,Failed,East Frank,817.92
Marc,Crosby,2023-02-15,2023-03-09,Production Technician I,Andrea Smith,marc.crosby@bilearner.com,PYZ,Voluntarily Terminated,Part-Time,Part-Time,Voluntary,Production       ,General - Con,1986-06-19,MA,Female,Fully Meets,1216,2022-09-09,4,1,Leadership Development,External,Incomplete,Roweport,136.48
Marques,Zimmerman,2019-12-03,2021-08-31,Production Technician I,Joshua Johns,marques.zimmerman@bilearner.com,SVG,Voluntarily Terminated,Full-Time,Part-Time,Voluntary,Production       ,Wireline Construction,1960-07-17,MA,Male,Fully Meets,1217,2022-08-23,5,5,Customer Service,External,Completed,Jeremytown,857.42
Alana,Choi,2020-01-16,2021-02-09,Production Technician I,Kelly Tate,alana.choi@bilearner.com,BPC,Voluntarily Terminated,Part-Time,Part-Time,Voluntary,Production       ,Engineers,1974-02-09,MA,Female,Fully Meets,1219,2023-07-17,2,2,Communication Skills,External,Failed,West Kevintown,761.31
Levi,Lawson,2018-11-20,2020-02-09,Production Technician I,Terry Flores,levi.lawson@bilearner.com,CCDR,Voluntarily Terminated,Full-Time,Temporary,Voluntary,Production       ,Executive,1949-12-31,MA,Female,Fully Meets,1220,2023-05-08,5,2,Leadership Development,External,Passed,West Brittney,920.41
Kane,Black,2022-11-11,2023-07-03,Production Technician I,Leslie Davis,kane.black@bilearner.com,EW,Voluntarily Terminated,Part-Time,Part-Time,Involuntary,Production       ,Yard (Material Handling),1967-04-09,MA,Female,Fully Meets,1221,2022-08-17,5,5,Customer Service,Internal,Passed,Bonnieborough,167.69
Paola,Weeks,2020-12-18,2021-07-23,Production Technician I,Sarah Williams,paola.weeks@bilearner.com,MSC,Voluntarily Terminated,Contract,Part-Time,Involuntary,Production       ,People Services,1949-12-26,MA,Female,Fully Meets,1222,2023-03-31,5,2,Leadership Development,External,Passed,New Jennifer,931.45
Darrell,Zamora,2021-11-26,2022-05-24,Production Technician I,Jeremiah Smith,darrell.zamora@bilearner.com,PL,Voluntarily Terminated,Part-Time,Part-Time,Retirement,Production       ,Wireline Construction,1964-09-27,MA,Male,Fully Meets,1224,2023-05-20,4,2,Project Management,Internal,Incomplete,Port Eric,598.72
Hailey,Mckay,2019-08-22,2022-06-06,Production Technician I,Hannah Davis,hailey.mckay@bilearner.com,TNS,Active,Part-Time,Part-Time,Voluntary,Production       ,Billable Consultants,1987-03-21,MA,Female,Fully Meets,1227,2022-12-12,1,2,Communication Skills,External,Failed,Amandahaven,669.19
Ronin,Mclaughlin,2019-10-18,2021-10-03,Production Technician II,Claudia Atkinson,ronin.mclaughlin@bilearner.com,NEL,Voluntarily Terminated,Full-Time,Temporary,Involuntary,Production       ,Sales & Marketing,1947-06-19,MA,Female,Fully Meets,1234,2022-12-11,4,1,Leadership Development,Internal,Passed,Meganside,504.82
Ramon,Goodwin,2018-11-25,2019-07-25,Production Technician II,Tina Morgan,ramon.goodwin@bilearner.com,BPC,Voluntarily Terminated,Part-Time,Full-Time,Retirement,Production       ,Field Operations,1946-12-11,MA,Female,Fully Meets,1236,2023-07-25,1,4,Customer Service,External,Passed,Williamsbury,244.25
Cory,Saunders,2021-03-23,2022-08-26,Production Technician II,Nancy Gutierrez,cory.saunders@bilearner.com,CCDR,Voluntarily Terminated,Part-Time,Part-Time,Resignation,Production       ,Yard (Material Handling),1975-12-17,MA,Female,Fully Meets,1237,2023-07-11,4,3,Leadership Development,External,Passed,Cervantesshire,762.82
Alessandra,Huynh,2020-10-27,2021-11-08,Production Technician I,Brandon Bates,alessandra.huynh@bilearner.com,SVG,Voluntarily Terminated,Part-Time,Part-Time,Voluntary,Production       ,Engineers,1968-09-12,MA,Female,Fully Meets,1238,2022-12-29,1,3,Leadership Development,Internal,Incomplete,West Marialand,640.14
Maeve,Holmes,2022-06-11,2023-06-29,Production Technician I,Angela Brooks,maeve.holmes@bilearner.com,TNS,Voluntarily Terminated,Part-Time,Temporary,Voluntary,Production       ,Splicing,2001-07-09,MA,Female,Fully Meets,1239,2022-10-07,4,5,Project Management,Internal,Incomplete,East Alyssa,726.03
Reuben,Potter,2019-11-07,2022-12-07,Production Technician I,Craig Arias,reuben.potter@bilearner.com,WBL,Voluntarily Terminated,Contract,Full-Time,Retirement,Production       ,Field Operations,1992-03-13,MA,Female,Fully Meets,1241,2023-01-16,4,4,Project Management,External,Failed,Lewismouth,878.94
Kira,Soto,2018-09-28,2021-04-25,Production Technician I,Casey Dennis,kira.soto@bilearner.com,SVG,Voluntarily Terminated,Part-Time,Temporary,Resignation,Production       ,Field Operations,1943-11-14,MA,Male,Fully Meets,1246,2023-01-12,4,3,Communication Skills,Internal,Completed,Joneston,206.93
Sarahi,Burke,2021-03-29,2021-12-01,Production Technician I,Theresa Miller,sarahi.burke@bilearner.com,MSC,Active,Part-Time,Full-Time,Resignation,Production       ,Underground,1988-09-09,MA,Female,Fully Meets,1248,2022-12-05,5,3,Communication Skills,Internal,Passed,Ellisonchester,165.05
Aimee,Terry,2019-07-07,2020-02-14,Production Technician I,Christopher Stewart,aimee.terry@bilearner.com,TNS,Active,Full-Time,Part-Time,Retirement,Production       ,Field Operations,1996-11-30,MA,Female,Fully Meets,1249,2022-12-22,2,4,Communication Skills,Internal,Completed,Cruzmouth,371.27
Fabian,Young,2022-03-11,2022-04-25,Production Manager,Timothy Hester,fabian.young@bilearner.com,EW,Active,Part-Time,Temporary,Voluntary,Production       ,Project Management - Con,1982-02-21,MA,Female,Fully Meets,1252,2023-06-10,2,3,Leadership Development,Internal,Completed,South Brent,314.51
Juliette,Morton,2020-07-13,2021-10-06,Production Manager,Thomas Baker,juliette.morton@bilearner.com,MSC,Active,Part-Time,Part-Time,Retirement,Production       ,Project Management - Con,1971-05-15,MA,Female,Fully Meets,1253,2023-01-10,2,4,Customer Service,Internal,Completed,South Cynthia,793.86
Tyler,Gay,2019-09-30,2021-03-02,Production Technician II,Alicia Lindsey,tyler.gay@bilearner.com,NEL,Voluntarily Terminated,Full-Time,Temporary,Resignation,Production       ,General - Con,1984-11-24,MA,Female,Fully Meets,1255,2022-11-03,3,1,Customer Service,External,Passed,West Laurafort,693.25
Vaughn,Leonard,2022-05-01,2023-04-24,Production Technician I,Justin Phelps,vaughn.leonard@bilearner.com,SVG,Voluntarily Terminated,Full-Time,Temporary,Retirement,Production       ,General - Con,1956-07-14,MA,Male,Fully Meets,1259,2022-10-17,1,3,Leadership Development,Internal,Completed,Port Troyton,897.62
Kyle,Sanders,2021-07-01,2023-03-28,Production Technician I,James Benson,kyle.sanders@bilearner.com,WBL,Voluntarily Terminated,Part-Time,Full-Time,Retirement,Production       ,Engineers,1977-03-16,MA,Female,Fully Meets,1262,2022-12-16,3,4,Communication Skills,Internal,Passed,Lake Nancy,711.8
Kolton,Dawson,2022-01-17,2022-07-25,Production Technician I,Angela Jackson,kolton.dawson@bilearner.com,BPC,Voluntarily Terminated,Part-Time,Full-Time,Retirement,Production       ,Field Operations,1976-05-28,MA,Male,Fully Meets,1265,2023-06-28,4,2,Leadership Development,Internal,Incomplete,Rebeccamouth,494.96
Ciara,Cole,2021-11-14,2022-07-01,Production Technician I,Lisa Campbell,ciara.cole@bilearner.com,CCDR,Voluntarily Terminated,Full-Time,Full-Time,Involuntary,Production       ,Project Management - Con,1971-04-04,MA,Male,Fully Meets,1266,2023-03-29,1,3,Project Management,Internal,Incomplete,East Christopher,465.72
Virginia,Wallace,2020-11-14,2020-12-22,Production Technician I,Sophia Bowman,virginia.wallace@bilearner.com,SVG,Active,Part-Time,Full-Time,Voluntary,Production       ,General - Con,1971-09-11,MA,Female,Fully Meets,1267,2023-04-25,4,1,Technical Skills,Internal,Failed,Lewisview,507.43
Yahir,Hill,2019-05-01,2019-12-31,Production Technician I,Adam Miller,yahir.hill@bilearner.com,TNS,Active,Part-Time,Full-Time,Voluntary,Production       ,Field Operations,1967-10-17,MA,Female,Fully Meets,1270,2023-03-16,5,5,Leadership Development,External,Completed,South Michael,360.02
Dawson,Pratt,2021-02-08,2022-07-15,Production Technician I,Natalie Shaffer,dawson.pratt@bilearner.com,WBL,Active,Full-Time,Temporary,Involuntary,Production       ,General - Eng,1971-05-27,MA,Female,Fully Meets,1272,2022-10-31,4,2,Technical Skills,Internal,Failed,Jonesside,233.12
Michaela,Smith,2020-10-29,2021-01-26,Production Manager,Rachel Wilkins,michaela.smith@bilearner.com,NEL,Active,Contract,Part-Time,Retirement,Production       ,General - Sga,1957-03-14,MA,Female,Fully Meets,1273,2023-02-26,1,4,Technical Skills,External,Incomplete,New Seanberg,881.48
Malachi,Singleton,2021-07-09,2023-01-27,Production Technician II,Regina Rogers,malachi.singleton@bilearner.com,PL,Voluntarily Terminated,Part-Time,Full-Time,Resignation,Production       ,Field Operations,1994-07-16,MA,Female,Fully Meets,1279,2022-10-11,3,3,Technical Skills,Internal,Incomplete,New Rachelfort,704.93
Jordyn,Sheppard,2020-08-07,2021-07-20,Production Technician I,Jeffrey Bowen,jordyn.sheppard@bilearner.com,TNS,Voluntarily Terminated,Part-Time,Part-Time,Retirement,Production       ,Finance & Accounting,1968-12-19,MA,Female,Fully Meets,1281,2023-05-31,4,2,Project Management,External,Completed,Andrewsfurt,775.97
Rohan,Matthews,2021-04-10,2022-11-19,Production Technician I,Eileen Rodriguez,rohan.matthews@bilearner.com,BPC,Voluntarily Terminated,Part-Time,Temporary,Involuntary,Production       ,Catv,1980-12-28,MA,Female,Fully Meets,1282,2022-10-04,3,3,Leadership Development,External,Passed,Glennberg,376.0
Hugo,Tate,2021-09-09,2021-10-28,Production Technician I,Jennifer Randall,hugo.tate@bilearner.com,NEL,Voluntarily Terminated,Full-Time,Temporary,Voluntary,Production       ,Field Operations,1999-05-25,MA,Male,Fully Meets,1286,2023-04-13,1,5,Customer Service,Internal,Incomplete,West John,274.85
Daniel,Griffin,2020-09-19,2023-02-20,Production Technician I,Evelyn Diaz,daniel.griffin@bilearner.com,PL,Voluntarily Terminated,Full-Time,Full-Time,Retirement,Production       ,General - Con,1943-09-18,MA,Female,Fully Meets,1287,2023-07-30,3,5,Technical Skills,External,Completed,Patrickfort,342.57
Dakota,Salinas,2022-01-11,2022-10-26,Production Technician I,Justin Johnson,dakota.salinas@bilearner.com,PYZ,Active,Full-Time,Part-Time,Voluntary,Production       ,Aerial,1998-05-29,MA,Female,Fully Meets,1288,2023-07-15,2,4,Technical Skills,External,Incomplete,North Danielle,948.31
Celeste,Lin,2023-06-17,2023-07-27,Production Technician I,Jeffery Williams,celeste.lin@bilearner.com,WBL,Active,Contract,Temporary,Voluntary,Production       ,Engineers,1988-03-12,MA,Female,Fully Meets,1291,2023-05-24,5,4,Technical Skills,Internal,Passed,Williamburgh,913.62
Lawrence,Cross,2021-06-01,2023-04-29,Production Technician I,Ashley Craig,lawrence.cross@bilearner.com,CCDR,Active,Contract,Full-Time,Voluntary,Production       ,Wireline Construction,1993-10-21,MA,Female,Fully Meets,1293,2023-03-15,2,3,Project Management,Internal,Passed,Martinton,668.77
Kara,Barnes,2023-04-07,2023-05-07,Production Manager,Lisa Ward,kara.barnes@bilearner.com,EW,Active,Part-Time,Part-Time,Voluntary,Production       ,Wireline Construction,1970-09-28,MA,Female,Fully Meets,1294,2023-08-03,5,4,Technical Skills,Internal,Passed,Michellemouth,906.05
Adalyn,Vaughan,2019-03-13,2020-09-12,Production Technician II,Nathan Hill,adalyn.vaughan@bilearner.com,WBL,Voluntarily Terminated,Full-Time,Part-Time,Involuntary,Production       ,Field Operations,1985-01-27,MA,Female,Fully Meets,1296,2023-02-07,1,1,Communication Skills,External,Passed,Clarkfort,694.27
Chase,Lloyd,2019-05-24,2021-10-09,Production Technician II,Cindy Smith,chase.lloyd@bilearner.com,NEL,Voluntarily Terminated,Part-Time,Temporary,Resignation,Production       ,Isp,1968-08-08,MA,Female,Fully Meets,1297,2022-08-10,2,4,Project Management,External,Passed,New Joshuaton,352.75
Lilian,Norton,2019-03-22,2022-03-23,Production Technician I,Todd Nelson,lilian.norton@bilearner.com,MSC,Voluntarily Terminated,Part-Time,Temporary,Retirement,Production       ,Field Operations,1950-03-28,MA,Female,Fully Meets,1301,2023-01-21,1,4,Communication Skills,Internal,Incomplete,Ellenburgh,472.18
Aliana,Pennington,2021-03-08,2022-12-17,Production Technician I,Aaron Mendoza,aliana.pennington@bilearner.com,TNS,Voluntarily Terminated,Full-Time,Full-Time,Voluntary,Production       ,Field Operations,2000-07-02,MA,Female,Fully Meets,1302,2023-06-04,1,2,Project Management,Internal,Passed,South Jennifer,758.79
Oscar,Munoz,2021-01-06,2022-12-30,Production Technician I,John Bradford,oscar.munoz@bilearner.com,NEL,Voluntarily Terminated,Full-Time,Temporary,Resignation,Production       ,Field Operations,1998-11-14,MA,Male,Fully Meets,1305,2023-02-22,2,5,Technical Skills,Internal,Failed,Lake Jaredstad,784.22
Dexter,Cline,2021-09-22,2021-10-25,Production Technician I,Mr. Danny Snow,dexter.cline@bilearner.com,BPC,Voluntarily Terminated,Contract,Full-Time,Voluntary,Production       ,Engineers,1981-02-24,MA,Male,Fully Meets,1307,2022-11-18,1,5,Technical Skills,Internal,Incomplete,Kimberlyhaven,609.9
Atticus,Frost,2022-06-28,2023-03-07,Production Technician I,Isaac Foley,atticus.frost@bilearner.com,CCDR,Active,Full-Time,Full-Time,Retirement,Production       ,Project Management - Con,1980-10-03,MA,Female,Fully Meets,1308,2022-08-28,4,5,Leadership Development,External,Failed,East Diana,742.16
Emmalee,Reynolds,2023-04-03,2023-07-21,Production Technician I,Adam Vang,emmalee.reynolds@bilearner.com,EW,Active,Part-Time,Full-Time,Voluntary,Production       ,General - Con,1988-02-11,MA,Female,Fully Meets,1310,2023-04-24,3,4,Project Management,Internal,Incomplete,Williamsshire,350.59
Moshe,Taylor,2023-05-26,2023-06-12,Production Technician I,Anna Townsend,moshe.taylor@bilearner.com,MSC,Active,Full-Time,Part-Time,Resignation,Production       ,Engineers,1987-02-22,MA,Male,Fully Meets,1311,2023-03-09,5,2,Leadership Development,Internal,Incomplete,New Jacobton,546.94
Marcel,Gomez,2021-10-13,2023-06-21,Production Technician I,Andrea Fowler,marcel.gomez@bilearner.com,WBL,Active,Contract,Full-Time,Retirement,Production       ,General - Con,1996-08-30,MA,Female,Fully Meets,1314,2023-03-28,5,5,Project Management,Internal,Passed,New Dennis,852.21
Janet,King,2019-01-20,2021-09-15,President & CEO,Michael West,janet.king@bilearner.com,CCDR,Active,Part-Time,Full-Time,Involuntary,Executive Office,Aerial,1955-10-24,MA,Female,Fully Meets,1316,2023-07-20,3,4,Technical Skills,External,Passed,South Micheleton,202.62
Bonalyn,Boutwell,2021-05-09,2022-10-27,Sr. Accountant,Leslie Allen,bonalyn.boutwell@bilearner.com,MSC,Active,Full-Time,Part-Time,Involuntary,Admin Offices,Aerial,1950-11-23,MA,Female,Fully Meets,1317,2023-05-05,4,2,Communication Skills,External,Passed,West Jacob,414.75
Nan,Singh,2023-07-29,2023-08-04,Administrative Assistant,Donald Decker,nan.singh@bilearner.com,WBL,Active,Contract,Temporary,Retirement,Admin Offices,Field Operations,1984-05-14,MA,Female,Fully Meets,1318,2023-05-21,5,4,Communication Skills,External,Completed,Angelastad,344.55
Tyrone,Steans,2019-08-24,2022-12-14,Accountant I,Donald Richardson,tyrone.steans@bilearner.com,EW,Active,Part-Time,Temporary,Involuntary,Admin Offices,Finance & Accounting,1964-07-23,MA,Male,Fully Meets,1319,2023-06-14,4,2,Project Management,Internal,Failed,Lake Kenneth,777.46
William,LaRotonda,2021-05-27,2021-08-24,Accountant I,Adrienne Roth,william.larotonda@bilearner.com,TNS,Active,Contract,Full-Time,Involuntary,Admin Offices,Project Management - Con,1958-03-16,MA,Male,Fully Meets,1321,2023-04-30,1,5,Customer Service,Internal,Passed,New Kimberly,308.77
Mia,Brown,2023-02-02,2023-06-23,Accountant I,Jessica Blackwell,mia.brown@bilearner.com,TNS,Active,Full-Time,Full-Time,Resignation,Admin Offices,Executive,1985-05-18,MA,Female,Fully Meets,1322,2023-01-17,1,5,Customer Service,External,Incomplete,Goodmouth,891.25
Jaida,Sweeney,2020-03-08,2021-11-07,Sr. Network Engineer,Mark Greene,jaida.sweeney@bilearner.com,PYZ,Active,Full-Time,Temporary,Retirement,Admin Offices,General - Eng,1977-11-17,MA,Male,Fully Meets,1326,2023-03-04,5,3,Leadership Development,External,Passed,Flemingport,505.4
Skyler,Robles,2020-02-29,2021-09-23,Sr. Network Engineer,Robert Sawyer,skyler.robles@bilearner.com,NEL,Active,Part-Time,Full-Time,Voluntary,IT/IS,Executive,1975-12-24,MA,Male,Fully Meets,1328,2022-11-07,1,4,Customer Service,Internal,Failed,West Erinhaven,656.38
Allyson,Keller,2022-11-25,2023-04-12,Software Engineer,Desiree Bender,allyson.keller@bilearner.com,PL,Active,Contract,Part-Time,Resignation,Software Engineering,Field Operations,1958-11-01,MA,Male,Fully Meets,1329,2023-05-23,3,2,Project Management,External,Passed,Port Victoria,692.63
Eddie,Bauer,2022-09-15,2023-05-05,Accountant I,Jeremy Smith,eddie.bauer@bilearner.com,MSC,Active,Full-Time,Part-Time,Retirement,Admin Offices,General - Con,1990-03-01,MA,Female,Fully Meets,1330,2022-09-25,3,5,Project Management,Internal,Incomplete,East Michellechester,633.72
Susan,Gordon,2020-09-01,2020-11-29,Sr. Network Engineer,Christina Knight,susan.gordon@bilearner.com,NEL,Active,Full-Time,Part-Time,Retirement,IT/IS,Underground,1952-09-23,MA,Male,Fully Meets,1334,2022-12-21,1,3,Project Management,Internal,Failed,Shawnaport,297.12
Kellen,Smith,2020-02-26,2023-03-30,Accountant I,Ashley Petersen,kellen.smith@bilearner.com,TNS,Active,Full-Time,Part-Time,Retirement,Admin Offices,Field Operations,1947-07-14,MA,Female,Fully Meets,1336,2023-03-09,5,1,Leadership Development,Internal,Passed,Lopezport,969.95
Sherlyn,Carroll,2018-08-10,2021-12-07,Accountant I,Jamie Collins,sherlyn.carroll@bilearner.com,WBL,Active,Full-Time,Temporary,Resignation,Admin Offices,General - Con,1953-03-30,MA,Female,Fully Meets,1337,2022-11-01,3,3,Project Management,External,Failed,Dawnchester,719.7
Kadence,Gentry,2021-04-01,2022-08-14,Sr. Network Engineer,Michael Norton,kadence.gentry@bilearner.com,CCDR,Active,Contract,Temporary,Retirement,IT/IS,Wireline Construction,1981-11-19,MA,Male,Fully Meets,1339,2022-12-02,1,3,Customer Service,Internal,Incomplete,Taylorhaven,754.47
Willow,Golden,2021-03-21,2021-11-21,Sr. Network Engineer,Diane Ramirez,willow.golden@bilearner.com,EW,Active,Full-Time,Part-Time,Retirement,IT/IS,General - Eng,1945-03-22,MA,Male,Fully Meets,1340,2023-05-28,5,4,Leadership Development,External,Incomplete,Dennishaven,890.39
Jeffery,Hogan,2019-06-22,2019-08-26,Accountant I,Mark Willis,jeffery.hogan@bilearner.com,EW,Active,Full-Time,Part-Time,Retirement,Admin Offices,Aerial,1985-06-30,MA,Female,Fully Meets,1342,2022-12-20,3,2,Project Management,Internal,Failed,Smithborough,930.72
Shaniya,Hamilton,2019-11-12,2023-05-19,Accountant I,Joshua Huber,shaniya.hamilton@bilearner.com,MSC,Active,Contract,Temporary,Voluntary,Admin Offices,Shop (Fleet),1958-05-31,MA,Female,Fully Meets,1343,2022-09-07,1,2,Customer Service,External,Completed,West Catherineton,924.85
Aron,Grant,2021-02-21,2022-08-22,Sr. Network Engineer,Maurice Krause,aron.grant@bilearner.com,WBL,Active,Contract,Temporary,Retirement,IT/IS,Field Operations,1948-09-13,MA,Male,Fully Meets,1346,2023-04-28,4,2,Technical Skills,External,Failed,Bellview,501.64
Haleigh,Carter,2022-03-04,2023-01-18,Sr. Network Engineer,Amy Griffin,haleigh.carter@bilearner.com,NEL,Active,Part-Time,Full-Time,Retirement,IT/IS,General - Con,1995-03-21,MA,Male,Fully Meets,1347,2023-02-28,4,3,Communication Skills,Internal,Failed,New Vernonberg,792.72
Tatiana,Ayala,2019-04-21,2020-12-02,Software Engineering Manager,Debra Gomez,tatiana.ayala@bilearner.com,WBL,Future Start,Contract,Part-Time,Involuntary,Software Engineering,Field Operations,1993-04-13,MA,Female,Fully Meets,1348,2022-11-01,2,2,Technical Skills,Internal,Completed,Lake Peter,594.15
Kaylynn,Mcguire,2021-08-02,2022-11-26,Accountant I,Jeremy Pope,kaylynn.mcguire@bilearner.com,EW,Active,Full-Time,Part-Time,Retirement,Admin Offices,Safety,1949-11-27,MA,Female,Fully Meets,1349,2023-04-21,1,2,Technical Skills,Internal,Incomplete,Mooreshire,870.01
Lily,Tyler,2018-08-08,2023-06-01,Sr. Network Engineer,Chase Ho,lily.tyler@bilearner.com,PYZ,Active,Contract,Full-Time,Voluntary,Admin Offices,Field Operations,1974-06-18,MA,Male,Fully Meets,1352,2023-06-03,4,2,Communication Skills,External,Completed,Smithchester,218.93
Noe,Mann,2020-09-15,2022-01-06,Sr. Network Engineer,Felicia Bailey,noe.mann@bilearner.com,WBL,Active,Part-Time,Temporary,Involuntary,IT/IS,Field Operations,1946-03-04,MA,Male,Fully Meets,1353,2022-10-11,5,1,Communication Skills,Internal,Incomplete,Clarkehaven,179.21
Christina,Terry,2020-10-28,2022-02-27,Software Engineering Manager,Christopher Jones,christina.terry@bilearner.com,WBL,Future Start,Full-Time,Full-Time,Involuntary,Software Engineering,Field Operations,1959-05-07,MA,Female,Fully Meets,1354,2023-06-21,4,4,Communication Skills,External,Failed,Aprilville,983.37
Niko,Durham,2021-06-16,2021-11-23,Administrative Assistant,Alec Taylor,niko.durham@bilearner.com,SVG,Active,Full-Time,Temporary,Resignation,Admin Offices,General - Con,1945-05-20,MA,Female,Fully Meets,1355,2023-01-28,2,2,Project Management,Internal,Completed,West Mark,534.28
Dante,Strong,2023-03-20,2023-06-21,Accountant I,Ronald Jones,dante.strong@bilearner.com,EW,Active,Part-Time,Temporary,Voluntary,Admin Offices,Engineers,1988-06-12,MA,Female,Fully Meets,1356,2022-08-14,1,1,Technical Skills,Internal,Incomplete,Michellefort,301.39
Angeline,Perez,2018-09-07,2021-07-16,Accountant I,Mrs. Tracy Cisneros DDS,angeline.perez@bilearner.com,MSC,Active,Full-Time,Temporary,Retirement,Admin Offices,Engineers,1972-07-04,MA,Male,Fully Meets,1357,2023-01-30,1,4,Project Management,External,Incomplete,Williamview,231.65
Jairo,Blanchard,2018-11-08,2022-10-28,Accountant I,Isabella Hawkins,jairo.blanchard@bilearner.com,TNS,Active,Part-Time,Full-Time,Retirement,Admin Offices,Field Operations,1996-03-29,MA,Male,Fully Meets,1358,2023-02-25,1,2,Communication Skills,Internal,Completed,Danielchester,994.81
Elle,Berry,2023-03-08,2023-03-30,Sr. Accountant,Rebecca Randolph,elle.berry@bilearner.com,BPC,Future Start,Full-Time,Full-Time,Voluntary,Admin Offices,Aerial,1949-09-26,MA,Female,Exceeds,1361,2023-03-30,1,3,Project Management,Internal,Failed,Port Davidfurt,903.88
Raphael,Francis,2019-11-10,2020-12-03,Administrative Assistant,William Page,raphael.francis@bilearner.com,SVG,Active,Full-Time,Part-Time,Retirement,Admin Offices,General - Con,1983-10-11,MA,Female,Exceeds,1362,2023-01-11,5,2,Customer Service,Internal,Passed,Lake Allisonhaven,196.94
Mollie,Jenkins,2019-04-03,2019-08-05,Accountant I,Danny Williams,mollie.jenkins@bilearner.com,MSC,Active,Contract,Temporary,Voluntary,Admin Offices,Finance & Accounting,1973-01-20,MA,Male,Exceeds,1364,2023-05-03,2,2,Project Management,External,Incomplete,Poolemouth,818.6
Malik,Crane,2022-04-29,2022-12-11,Sr. Network Engineer,Peter Ortiz,malik.crane@bilearner.com,PYZ,Active,Contract,Temporary,Voluntary,IT/IS,General - Con,1950-01-15,MA,Male,Exceeds,1366,2022-08-17,1,4,Technical Skills,Internal,Completed,East David,762.83
Arianna,Carlson,2021-08-28,2021-10-16,Accountant I,Mrs. Nicole Garrison MD,arianna.carlson@bilearner.com,EW,Active,Contract,Part-Time,Involuntary,Admin Offices,Field Operations,1957-05-07,MA,Female,Exceeds,1371,2023-05-19,1,1,Leadership Development,External,Passed,New Brittanyshire,321.25
Morgan,Hammond,2022-01-12,2022-11-11,Accountant I,Tina Shaw,morgan.hammond@bilearner.com,TNS,Active,Contract,Part-Time,Resignation,Admin Offices,Field Operations,1986-04-20,MA,Male,Exceeds,1373,2023-06-12,1,2,Leadership Development,External,Failed,West Anthony,847.2
Mallory,Figueroa,2019-12-03,2022-02-10,Administrative Assistant,Linda Brown,mallory.figueroa@bilearner.com,CCDR,Active,Full-Time,Temporary,Retirement,Sales,Field Operations,1958-12-08,MA,Female,Exceeds,1376,2023-06-12,4,3,Customer Service,External,Completed,South Kimberly,795.72
Larissa,Douglas,2021-03-03,2021-07-10,Administrative Assistant,Harry Ellis,larissa.douglas@bilearner.com,SVG,Active,Part-Time,Full-Time,Resignation,Admin Offices,General - Con,1968-05-18,MA,Female,Exceeds,1377,2023-03-05,5,5,Communication Skills,Internal,Completed,Port Kevinland,909.56
Athena,Moore,2022-01-28,2022-09-16,Sr. Accountant,Alan Rios,athena.moore@bilearner.com,BPC,Active,Contract,Part-Time,Resignation,Admin Offices,General - Con,1994-10-10,MA,Female,Exceeds,1383,2022-09-02,4,1,Customer Service,Internal,Completed,Port Marie,924.64
Karla,Farrell,2020-07-01,2021-03-05,Administrative Assistant,Mrs. Tammy Ballard,karla.farrell@bilearner.com,CCDR,Active,Part-Time,Full-Time,Resignation,Admin Offices,Field Operations,1956-03-12,MA,Female,PIP,1384,2023-05-05,2,3,Leadership Development,Internal,Passed,Carrollfort,628.48
Jacey,Braun,2019-10-05,2023-02-04,Accountant I,Joseph Edwards,jacey.braun@bilearner.com,EW,Active,Contract,Full-Time,Involuntary,Admin Offices,General - Con,1976-08-19,MA,Female,Exceeds,1386,2023-03-18,2,4,Technical Skills,External,Passed,West Hannah,106.91
Nathan,Kline,2021-11-06,2023-04-20,Accountant I,Sean Hall,nathan.kline@bilearner.com,MSC,Active,Contract,Full-Time,Voluntary,Admin Offices,General - Con,1951-08-27,MA,Male,PIP,1387,2023-03-29,5,1,Communication Skills,External,Incomplete,Banksland,195.95
Gabriella,Benitez,2019-05-09,2020-05-07,Accountant I,Jamie Gardner,gabriella.benitez@bilearner.com,TNS,Active,Part-Time,Full-Time,Resignation,Admin Offices,Field Operations,1970-12-23,MA,Female,Exceeds,1388,2023-07-15,5,2,Communication Skills,External,Completed,Port Nancy,918.34
Jeanette,Tippett,2019-06-07,2019-08-15,Production Technician I,David Stephens,jeanette.tippett@bilearner.com,PL,Active,Part-Time,Part-Time,Involuntary,Production       ,Field Operations,1955-02-25,MA,Female,Exceeds,1392,2022-09-19,4,4,Leadership Development,External,Completed,North Coleview,578.62
Rose,Ivey,2021-11-22,2022-11-23,Production Technician I,Abigail Johnson,rose.ivey@bilearner.com,SVG,Active,Part-Time,Part-Time,Voluntary,Production       ,General - Con,1947-03-20,MA,Female,Exceeds,1393,2023-06-17,4,4,Technical Skills,External,Failed,Danastad,255.61
Jordan,Winthrop,2021-12-17,2021-12-26,Production Technician II,Mr. Kevin Reid,jordan.winthrop@bilearner.com,SVG,Voluntarily Terminated,Full-Time,Part-Time,Resignation,Production       ,General - Con,1960-11-14,MA,Male,Exceeds,1395,2023-05-31,4,1,Communication Skills,Internal,Failed,Hamiltonberg,302.97
Shari,Ngodup,2019-05-04,2021-02-15,Production Technician I,Jorge Taylor,shari.ngodup@bilearner.com,SVG,Active,Part-Time,Full-Time,Resignation,Production       ,General - Eng,1956-09-07,MA,Female,Exceeds,1396,2023-07-07,2,1,Communication Skills,Internal,Completed,Rodriguezmouth,632.28
John,Kretschmer,2018-12-25,2019-03-11,Production Technician I,Robert Gonzalez,john.kretschmer@bilearner.com,MSC,Active,Contract,Part-Time,Voluntary,Production       ,General - Con,1981-02-26,MA,Male,Exceeds,1397,2023-03-31,3,2,Customer Service,Internal,Incomplete,North Trevor,669.41
Debbie,Mangal,2021-01-03,2023-03-08,Production Technician I,Kristin Baird,debbie.mangal@bilearner.com,PYZ,Active,Part-Time,Full-Time,Involuntary,Production       ,Splicing,1972-12-12,MA,Female,Needs Improvement,1398,2023-04-07,1,1,Communication Skills,External,Passed,Olsonmouth,191.99
Yen,Johnston,2018-08-29,2023-02-09,Production Technician II,Larry Frost,yen.johnston@bilearner.com,NEL,Active,Full-Time,Full-Time,Resignation,Production       ,Field Operations,1955-04-03,MA,Female,Exceeds,1400,2023-05-17,2,3,Communication Skills,Internal,Failed,New Melissachester,634.92
Ned,Miller,2018-11-01,2021-04-29,Production Technician II,James Guzman,ned.miller@bilearner.com,BPC,Voluntarily Terminated,Contract,Part-Time,Involuntary,Production       ,Finance & Accounting,1978-12-06,MA,Male,Exceeds,1404,2023-02-18,1,2,Project Management,Internal,Completed,North Ian,411.94
Shana,Petingill,2018-12-08,2022-06-11,Production Technician II,Lisa Peters,shana.petingill@bilearner.com,PL,Active,Part-Time,Temporary,Involuntary,Production       ,Field Operations,1977-03-30,MA,Female,Exceeds,1405,2023-04-29,3,3,Customer Service,External,Completed,East Jaime,537.73
Catherine,Ybarra,2019-03-11,2021-09-06,Production Technician I,Amanda Perez,catherine.ybarra@bilearner.com,MSC,Voluntarily Terminated,Full-Time,Part-Time,Retirement,Production       ,General - Con,1981-04-02,MA,Female,Exceeds,1409,2023-05-17,2,2,Customer Service,Internal,Passed,Ortegafort,938.59
Ashanti,Price,2022-02-25,2023-04-28,Production Technician I,Tina Griffin,ashanti.price@bilearner.com,SVG,Active,Contract,Temporary,Resignation,Production       ,Wireline Construction,1945-08-08,MA,Female,Exceeds,1410,2023-04-02,2,2,Project Management,External,Completed,North Russellstad,746.8
Ann,Montgomery,2019-09-27,2023-02-08,Production Technician I,Maria Payne,ann.montgomery@bilearner.com,TNS,Active,Part-Time,Full-Time,Retirement,Production       ,Finance & Accounting,1943-03-12,MA,Male,Needs Improvement,1413,2022-10-31,4,3,Technical Skills,Internal,Completed,Deleonborough,918.34
Erin,Holder,2022-11-15,2023-07-26,Production Technician I,Samantha Salas,erin.holder@bilearner.com,BPC,Active,Contract,Full-Time,Involuntary,Production       ,Aerial,1966-06-03,MA,Male,Exceeds,1414,2022-08-13,1,4,Customer Service,Internal,Failed,North Vincentstad,997.2
Bennett,Bowen,2019-10-22,2023-07-25,Production Technician I,Michael Reese,bennett.bowen@bilearner.com,SVG,Active,Contract,Full-Time,Involuntary,Production       ,General - Con,1948-11-30,MA,Female,Exceeds,1421,2022-09-03,3,5,Customer Service,Internal,Completed,Kevinmouth,835.97
Gianna,Lopez,2019-10-04,2020-10-18,Production Technician I,Justin Kent,gianna.lopez@bilearner.com,TNS,Future Start,Full-Time,Full-Time,Involuntary,Production       ,Technology / It,1994-10-02,MA,Female,Needs Improvement,1422,2023-04-10,1,5,Technical Skills,Internal,Failed,Lake Lauren,585.66
Aydin,Bautista,2021-11-17,2022-08-03,Production Technician I,Crystal Barnes,aydin.bautista@bilearner.com,BPC,Leave of Absence,Full-Time,Part-Time,Voluntary,Production       ,General - Con,1982-12-08,MA,Female,Needs Improvement,1424,2022-09-03,4,4,Technical Skills,External,Incomplete,Port Christiantown,695.24
Milagros,Cobb,2022-03-08,2022-11-12,Production Technician I,Sarah Stevenson,milagros.cobb@bilearner.com,EW,Voluntarily Terminated,Full-Time,Full-Time,Retirement,Production       ,General - Con,2000-07-19,MA,Female,Exceeds,1426,2023-07-11,4,5,Project Management,External,Completed,Mcfarlandside,938.04
Deven,Vincent,2019-11-22,2022-03-12,Production Technician II,Lisa Spencer,deven.vincent@bilearner.com,EW,Voluntarily Terminated,Contract,Temporary,Resignation,Production       ,Field Operations,1944-09-02,MA,Female,Exceeds,1429,2023-03-23,1,4,Communication Skills,External,Failed,Nicholsview,441.43
Evangeline,Downs,2023-02-13,2023-03-03,Production Technician II,Joseph Smith,evangeline.downs@bilearner.com,MSC,Voluntarily Terminated,Part-Time,Temporary,Involuntary,Production       ,Yard (Material Handling),1959-01-19,MA,Female,Needs Improvement,1430,2022-09-15,2,2,Leadership Development,External,Passed,New Robertfurt,193.99
Alijah,Singh,2021-04-09,2021-11-28,Production Technician I,Brandi Ruiz,alijah.singh@bilearner.com,SVG,Active,Part-Time,Part-Time,Voluntary,Production       ,General - Con,1995-08-25,MA,Female,Needs Improvement,1433,2022-08-06,5,1,Customer Service,Internal,Passed,South Jose,863.73
Ayla,Roberts,2018-12-30,2023-03-30,Production Technician I,Desiree Martinez,ayla.roberts@bilearner.com,EW,Active,Part-Time,Part-Time,Voluntary,Production       ,Splicing,1986-12-28,MA,Female,Exceeds,1434,2022-10-21,1,2,Project Management,External,Incomplete,Patriciamouth,746.99
Lucian,Mora,2023-03-17,2023-03-22,Production Technician I,Brianna Coleman,lucian.mora@bilearner.com,WBL,Active,Contract,Part-Time,Voluntary,Production       ,Field Operations,1977-12-16,MA,Male,Exceeds,1438,2023-01-21,1,4,Customer Service,External,Passed,Lake Tony,996.18
Dangelo,Gould,2022-07-20,2023-04-26,Production Technician I,Daniel Mason,dangelo.gould@bilearner.com,NEL,Active,Full-Time,Temporary,Voluntary,Production       ,General - Con,1988-01-24,MA,Female,Needs Improvement,1439,2022-11-29,3,1,Communication Skills,Internal,Completed,Roseberg,764.43
Miranda,Chavez,2021-11-26,2022-09-23,Production Technician I,Holly Lee,miranda.chavez@bilearner.com,BPC,Active,Contract,Temporary,Voluntary,Production       ,Field Operations,1982-03-16,MA,Female,Needs Improvement,1441,2023-04-07,1,1,Customer Service,Internal,Incomplete,Gallowaychester,758.41
Connor,Larsen,2021-09-05,2022-09-29,Production Technician I,Felicia Goodwin,connor.larsen@bilearner.com,MSC,Future Start,Part-Time,Part-Time,Voluntary,Production       ,Aerial,1963-12-16,MA,Female,Exceeds,1445,2022-11-17,2,2,Communication Skills,Internal,Passed,Kathleenhaven,458.8
Harley,Mccullough,2020-07-21,2023-02-28,Production Technician I,Joseph Riley,harley.mccullough@bilearner.com,TNS,Future Start,Full-Time,Temporary,Involuntary,Production       ,Aerial,1997-04-10,MA,Female,Exceeds,1446,2023-06-15,1,1,Communication Skills,Internal,Passed,Jenniferville,207.17
Lucian,Montoya,2022-12-12,2023-06-26,Production Technician I,Alexis Bell,lucian.montoya@bilearner.com,PYZ,Leave of Absence,Full-Time,Part-Time,Resignation,Production       ,Field Operations,1954-07-14,MA,Female,Exceeds,1447,2022-08-17,4,4,Technical Skills,External,Completed,Merrittstad,784.89
Raina,Vaughan,2020-02-07,2022-04-20,Production Technician II,Michael Rodriguez,raina.vaughan@bilearner.com,PYZ,Voluntarily Terminated,Full-Time,Temporary,Retirement,Production       ,Field Operations,1958-02-20,MA,Male,Needs Improvement,1450,2023-04-22,5,1,Project Management,Internal,Incomplete,Whitefurt,436.63
Javon,Moses,2022-12-23,2022-12-25,Production Technician II,Ryan Cooke,javon.moses@bilearner.com,WBL,Voluntarily Terminated,Full-Time,Temporary,Voluntary,Production       ,General - Con,1977-03-12,MA,Male,Needs Improvement,1454,2023-07-28,2,2,Customer Service,External,Completed,South Anthonystad,832.86
Kamila,Rosales,2019-06-25,2019-07-09,Production Technician I,Brittany Payne,kamila.rosales@bilearner.com,PYZ,Active,Full-Time,Full-Time,Resignation,Production       ,Engineers,1956-10-08,MA,Female,Exceeds,1456,2022-08-31,2,1,Customer Service,External,Incomplete,Lake Olivia,456.95
Vaughn,Kim,2021-02-24,2022-06-18,Production Technician I,Adam Graves,vaughn.kim@bilearner.com,BPC,Active,Full-Time,Temporary,Retirement,Production       ,Wireline Construction,1955-05-29,MA,Male,Exceeds,1460,2023-02-23,2,3,Customer Service,Internal,Incomplete,Michelleshire,864.22
Anabel,Evans,2019-04-12,2020-09-28,Production Technician I,Shane Carr,anabel.evans@bilearner.com,CCDR,Active,Full-Time,Full-Time,Retirement,Production       ,Project Management - Con,2001-03-03,MA,Female,Exceeds,1461,2023-04-09,1,1,Communication Skills,Internal,Passed,West Jessicamouth,302.52
Dean,Winters,2020-12-17,2021-11-20,Production Technician I,Tammy Gardner,dean.winters@bilearner.com,PL,Active,Part-Time,Full-Time,Retirement,Production       ,Technology / It,1958-06-22,MA,Female,Exceeds,1465,2023-06-02,1,1,Leadership Development,External,Incomplete,New Jordan,770.23
Kinley,Dean,2019-10-16,2022-01-12,Production Technician II,Connie Elliott,kinley.dean@bilearner.com,CCDR,Voluntarily Terminated,Full-Time,Part-Time,Retirement,Production       ,Field Operations,1960-04-09,MA,Male,Exceeds,1471,2022-12-23,3,4,Technical Skills,Internal,Completed,South Johnchester,488.68
Alexia,Hughes,2023-02-01,2023-02-03,Production Technician II,Timothy Powell,alexia.hughes@bilearner.com,MSC,Voluntarily Terminated,Full-Time,Part-Time,Voluntary,Production       ,Engineers,1942-07-13,MA,Female,Exceeds,1474,2022-09-22,2,1,Project Management,External,Failed,Lake Kelliton,798.37
Miles,Gill,2023-01-17,2023-05-21,Production Technician II,Michelle Webb,miles.gill@bilearner.com,TNS,Active,Full-Time,Temporary,Resignation,Production       ,Wireline Construction,1993-08-19,MA,Male,Exceeds,1475,2023-07-25,2,3,Technical Skills,Internal,Passed,Lake Veronica,499.48
Kaden,Woodard,2019-12-07,2020-09-02,Production Technician II,Jared Walsh,kaden.woodard@bilearner.com,PYZ,Voluntarily Terminated,Contract,Part-Time,Voluntary,Production       ,Field Operations,1962-11-07,MA,Male,PIP,1476,2022-12-21,1,4,Technical Skills,External,Completed,Shelbyside,615.32
Frida,Wilkins,2018-11-21,2022-01-11,Production Technician I,Jennifer Rivera,frida.wilkins@bilearner.com,CCDR,Active,Contract,Full-Time,Retirement,Production       ,Wireline Construction,1963-09-12,MA,Female,Exceeds,1477,2023-02-24,5,5,Technical Skills,External,Failed,Reyesview,410.36
Kamron,Doyle,2021-02-15,2023-07-18,Production Technician I,Susan Burns,kamron.doyle@bilearner.com,SVG,Active,Part-Time,Part-Time,Voluntary,Production       ,Field Operations,1953-09-21,MA,Female,Exceeds,1478,2022-11-22,1,1,Leadership Development,External,Failed,North Ryan,453.86
Ignacio,Wiley,2022-08-21,2023-01-20,Production Technician I,Jacob Smith,ignacio.wiley@bilearner.com,WBL,Active,Full-Time,Full-Time,Retirement,Production       ,Shop (Fleet),1961-10-15,MA,Female,Exceeds,1483,2022-08-19,3,5,Communication Skills,External,Incomplete,Melissabury,168.71
Krystal,Atkinson,2021-03-05,2023-04-02,Production Technician I,Dennis Yates,krystal.atkinson@bilearner.com,PL,Active,Contract,Part-Time,Involuntary,Production       ,Aerial,1971-12-16,MA,Female,Exceeds,1485,2022-12-14,1,2,Leadership Development,External,Completed,East John,654.35
Frida,Salazar,2022-05-08,2023-03-27,Production Technician I,Tracy Phillips,frida.salazar@bilearner.com,CCDR,Active,Full-Time,Part-Time,Involuntary,Production       ,General - Con,1971-08-28,MA,Female,Fully Meets,1487,2023-05-20,4,4,Customer Service,External,Failed,West Yvette,385.82
Annie,Peters,2020-08-21,2022-05-30,Production Technician I,Barry Martinez,annie.peters@bilearner.com,SVG,Future Start,Part-Time,Full-Time,Retirement,Production       ,Engineers,1963-02-20,MA,Female,Fully Meets,1488,2023-03-14,2,2,Technical Skills,Internal,Incomplete,Boydfurt,428.44
Juliana,Schroeder,2018-10-13,2019-12-04,Production Technician II,Miranda Brown,juliana.schroeder@bilearner.com,EW,Voluntarily Terminated,Contract,Full-Time,Retirement,Production       ,Splicing,1949-03-12,MA,Female,Fully Meets,1494,2023-05-06,5,5,Customer Service,External,Passed,Williamsborough,978.89
Izabella,Barron,2019-04-30,2020-05-04,Production Technician II,Sarah Fisher,izabella.barron@bilearner.com,TNS,Active,Part-Time,Full-Time,Retirement,Production       ,Splicing,1950-10-25,MA,Male,Fully Meets,1496,2023-07-09,2,3,Customer Service,External,Completed,North Anthony,768.55
Cody,Beard,2022-08-15,2022-08-20,Production Technician I,Crystal Smith,cody.beard@bilearner.com,BPC,Active,Full-Time,Part-Time,Retirement,Production       ,Engineers,1944-03-24,MA,Female,Exceeds,1498,2022-12-28,1,5,Project Management,Internal,Passed,Lake Jacobborough,598.07
Abigayle,Mccann,2022-02-26,2022-10-16,Production Technician I,Lori Lopez DVM,abigayle.mccann@bilearner.com,CCDR,Active,Contract,Full-Time,Resignation,Production       ,General - Con,1975-04-27,MA,Female,Fully Meets,1499,2022-11-28,4,2,Customer Service,External,Incomplete,Port Josephmouth,543.52
Jaqueline,Gallagher,2021-10-24,2022-10-03,Production Technician I,Mary Higgins,jaqueline.gallagher@bilearner.com,EW,Active,Contract,Part-Time,Retirement,Production       ,Field Operations,1999-10-01,MA,Male,Fully Meets,1501,2023-05-08,5,4,Customer Service,Internal,Completed,Valenzuelaland,491.99
Abagail,Banks,2021-05-10,2023-04-10,Production Technician I,Austin Salas,abagail.banks@bilearner.com,MSC,Active,Full-Time,Full-Time,Retirement,Production       ,General - Eng,1986-12-15,MA,Male,Fully Meets,1502,2023-06-08,5,3,Technical Skills,Internal,Failed,Garciabury,245.0
Nickolas,Guzman,2021-06-13,2021-06-20,Production Technician I,Marissa Clarke,nickolas.guzman@bilearner.com,TNS,Active,Contract,Part-Time,Retirement,Production       ,General - Sga,1985-04-21,MA,Female,Fully Meets,1503,2022-10-24,2,2,Communication Skills,External,Failed,Martinmouth,574.9
Guillermo,Rose,2019-11-04,2021-07-28,Production Technician I,Cindy Lopez,guillermo.rose@bilearner.com,PYZ,Active,Full-Time,Full-Time,Resignation,Production       ,Engineers,1971-08-23,MA,Female,Needs Improvement,1504,2022-10-23,5,3,Technical Skills,Internal,Failed,Veronicabury,684.08
Hayden,Richmond,2018-09-05,2020-09-08,Production Technician I,Christopher Garcia,hayden.richmond@bilearner.com,NEL,Active,Part-Time,Part-Time,Retirement,Production       ,Engineers,1972-06-18,MA,Female,Exceeds,1506,2023-05-08,2,3,Leadership Development,External,Failed,Riceland,789.33
Jonathon,Thompson,2023-06-26,2023-07-30,Production Technician I,Melissa Morse,jonathon.thompson@bilearner.com,EW,Future Start,Full-Time,Full-Time,Retirement,Production       ,Field Operations,1995-07-05,MA,Female,Fully Meets,1511,2022-09-17,2,3,Leadership Development,Internal,Failed,Kevinmouth,511.15
Kendal,Abbott,2019-10-11,2021-04-24,Production Technician I,Maria Huber,kendal.abbott@bilearner.com,MSC,Leave of Absence,Contract,Part-Time,Involuntary,Production       ,Field Operations,1982-06-29,MA,Female,Fully Meets,1512,2023-04-18,4,5,Project Management,External,Failed,Taylorland,305.09
Leyla,Davila,2021-12-02,2022-04-25,Production Technician II,Deborah Clark,leyla.davila@bilearner.com,WBL,Active,Full-Time,Part-Time,Involuntary,Production       ,Splicing,1986-03-05,MA,Male,Fully Meets,1517,2023-01-22,4,5,Customer Service,External,Passed,Parkerland,615.84
Kolten,Calhoun,2019-03-07,2023-03-06,Production Technician II,Tonya Lewis,kolten.calhoun@bilearner.com,BPC,Voluntarily Terminated,Full-Time,Temporary,Retirement,Production       ,Fielders,1975-11-26,MA,Male,Fully Meets,1518,2022-09-28,4,4,Customer Service,Internal,Completed,South Kevin,803.79
Camille,Livingston,2023-05-02,2023-07-26,Production Technician I,Albert Wilson,camille.livingston@bilearner.com,BPC,Active,Part-Time,Full-Time,Voluntary,Production       ,Project Management - Con,1971-04-17,MA,Female,Fully Meets,1519,2023-02-25,1,3,Leadership Development,External,Completed,Brookefort,586.89
Lilianna,Colon,2020-08-24,2023-02-26,Production Technician I,Timothy Anthony,lilianna.colon@bilearner.com,CCDR,Active,Full-Time,Full-Time,Involuntary,Production       ,Sales & Marketing,1976-07-04,MA,Female,Fully Meets,1520,2023-04-05,2,2,Communication Skills,External,Failed,Rachelmouth,104.48
Chaim,Patrick,2020-12-08,2021-09-07,Production Technician I,Jackie Poole,chaim.patrick@bilearner.com,SVG,Active,Contract,Temporary,Voluntary,Production       ,Wireline Construction,1990-04-15,MA,Male,Needs Improvement,1521,2023-06-11,4,1,Project Management,Internal,Passed,Thomasmouth,877.41
Joel,Eaton,2020-09-15,2023-06-24,Production Technician I,Amber Gutierrez,joel.eaton@bilearner.com,MSC,Active,Contract,Full-Time,Involuntary,Production       ,People Services,1971-05-30,MA,Male,Fully Meets,1523,2022-09-20,4,4,Technical Skills,External,Incomplete,South Veronica,660.4
Nehemiah,Leach,2021-11-14,2022-10-07,Production Technician I,Ashley Padilla,nehemiah.leach@bilearner.com,BPC,Active,Full-Time,Temporary,Involuntary,Production       ,General - Con,1947-04-14,MA,Female,Needs Improvement,1525,2022-10-29,2,4,Technical Skills,Internal,Incomplete,Davisview,347.29
Tristen,Reed,2022-06-05,2022-08-26,Production Technician I,Timothy Robbins,tristen.reed@bilearner.com,EW,Active,Part-Time,Full-Time,Voluntary,Production       ,Engineers,1980-03-13,MA,Female,Fully Meets,1527,2023-06-02,1,1,Customer Service,External,Incomplete,Stacyton,206.53
Tiana,Perry,2023-03-11,2023-04-09,Production Technician I,Paula Flynn,tiana.perry@bilearner.com,PYZ,Future Start,Part-Time,Full-Time,Voluntary,Production       ,Aerial,1985-09-05,MA,Female,Fully Meets,1531,2022-08-23,5,5,Leadership Development,Internal,Passed,North Andrewport,404.06
Rene,Pena,2019-11-22,2020-02-18,Production Technician I,Kendra Huerta,rene.pena@bilearner.com,SVG,Leave of Absence,Part-Time,Full-Time,Retirement,Production       ,General - Con,1944-03-10,MA,Female,Fully Meets,1532,2023-08-04,5,2,Technical Skills,External,Completed,Brianshire,746.17
Angelo,Fox,2021-03-13,2021-11-19,Production Technician I,Larry Miller,angelo.fox@bilearner.com,TNS,Leave of Absence,Contract,Full-Time,Resignation,Production       ,Aerial,1990-08-21,MA,Female,Fully Meets,1533,2023-06-27,1,3,Leadership Development,External,Passed,Allenside,278.33
Aimee,Santana,2020-12-28,2021-10-01,Production Technician II,Luke Bright,aimee.santana@bilearner.com,PYZ,Voluntarily Terminated,Part-Time,Full-Time,Voluntary,Production       ,Project Management - Con,1961-03-02,MA,Male,Fully Meets,1539,2023-01-22,4,4,Communication Skills,Internal,Passed,Brentberg,899.57
Valery,Holder,2019-07-11,2021-05-04,Production Technician I,Crystal Nelson,valery.holder@bilearner.com,EW,Active,Part-Time,Part-Time,Involuntary,Production       ,Field Operations,1961-07-16,MA,Male,Fully Meets,1543,2023-01-07,4,1,Technical Skills,Internal,Incomplete,Port Codyshire,734.87
Skye,Cochran,2020-08-09,2022-11-06,Production Technician I,Jenna Martin,skye.cochran@bilearner.com,MSC,Active,Part-Time,Temporary,Retirement,Production       ,General - Eng,1994-05-18,MA,Female,Fully Meets,1544,2023-06-20,5,1,Communication Skills,Internal,Passed,Burkeport,811.24
Madden,Lam,2020-01-21,2021-05-19,Production Technician I,Michelle Miller,madden.lam@bilearner.com,PYZ,Active,Part-Time,Part-Time,Voluntary,Production       ,Splicing,1952-08-13,MA,Female,Fully Meets,1546,2023-05-26,3,1,Project Management,External,Incomplete,East Guyview,638.92
Nicole,Stone,2022-02-17,2023-02-14,Production Technician I,Charles Massey,nicole.stone@bilearner.com,WBL,Active,Contract,Temporary,Retirement,Production       ,Technology / It,1993-12-25,MA,Female,Fully Meets,1547,2022-09-24,4,4,Leadership Development,Internal,Incomplete,North Patricia,340.07
Kyle,Peck,2018-09-19,2020-08-12,Production Technician I,David Bullock,kyle.peck@bilearner.com,BPC,Active,Full-Time,Temporary,Retirement,Production       ,Field Operations,1961-08-15,MA,Female,Fully Meets,1550,2023-03-04,2,3,Customer Service,External,Failed,Sarahville,354.19
Zaniyah,Roman,2021-06-01,2023-06-19,Production Technician I,Matthew Mcdaniel,zaniyah.roman@bilearner.com,CCDR,Future Start,Contract,Full-Time,Resignation,Production       ,Engineers,1976-09-16,MA,Female,Fully Meets,1551,2023-07-08,4,4,Project Management,External,Incomplete,Kimberlyshire,791.44
Katie,Gutierrez,2023-07-05,2023-07-11,Production Technician I,Cory Edwards,katie.gutierrez@bilearner.com,SVG,Future Start,Part-Time,Part-Time,Voluntary,Production       ,Wireline Construction,1953-04-03,MA,Female,Fully Meets,1552,2023-05-31,3,2,Leadership Development,External,Passed,Hendersonbury,616.86
Zackery,Sutton,2021-07-06,2022-09-15,Production Technician I,Dustin Alvarado,zackery.sutton@bilearner.com,MSC,Leave of Absence,Full-Time,Part-Time,Voluntary,Production       ,Technology / It,1951-07-13,MA,Male,Fully Meets,1554,2023-06-08,1,3,Project Management,Internal,Completed,North Taraview,892.06
Titus,Day,2018-12-12,2020-12-24,Production Technician II,Melissa Rodriguez,titus.day@bilearner.com,SVG,Voluntarily Terminated,Part-Time,Temporary,Voluntary,Production       ,Project Management - Con,1991-06-16,MA,Male,Fully Meets,1557,2022-08-19,4,1,Customer Service,External,Incomplete,Nicholasfurt,256.57
Braden,Ballard,2022-04-22,2022-08-29,Production Technician II,Jodi Scott,braden.ballard@bilearner.com,WBL,Voluntarily Terminated,Full-Time,Full-Time,Involuntary,Production       ,Project Management - Con,1965-12-02,MA,Male,Fully Meets,1559,2023-02-04,3,1,Project Management,External,Passed,East Kimberly,281.94
Aron,Graham,2021-12-20,2022-12-02,Production Technician II,Tyler Jackson,aron.graham@bilearner.com,PYZ,Voluntarily Terminated,Full-Time,Full-Time,Retirement,Production       ,General - Con,1947-09-08,MA,Male,Fully Meets,1560,2023-01-23,1,2,Technical Skills,External,Completed,Careyberg,821.41
Kailee,Harmon,2020-09-29,2021-10-19,Production Technician I,Thomas Garner,kailee.harmon@bilearner.com,BPC,Active,Full-Time,Temporary,Involuntary,Production       ,General - Sga,1944-03-09,MA,Female,Fully Meets,1562,2023-04-21,3,2,Leadership Development,Internal,Passed,Thompsonmouth,578.66
Alice,Kaufman,2022-09-10,2023-02-09,Production Technician I,Anne Weaver,alice.kaufman@bilearner.com,CCDR,Active,Contract,Temporary,Resignation,Production       ,Field Operations,1960-11-26,MA,Female,Fully Meets,1563,2023-04-23,1,4,Leadership Development,External,Incomplete,Grantton,721.86
Cesar,House,2023-03-11,2023-06-03,Production Technician I,Todd Cooper,cesar.house@bilearner.com,SVG,Active,Contract,Full-Time,Resignation,Production       ,General - Con,1991-03-04,MA,Male,Exceeds,1564,2022-12-20,4,1,Communication Skills,External,Completed,Mannton,430.3
Guillermo,Lynn,2022-04-28,2023-03-12,Production Technician I,Kathryn Drake,guillermo.lynn@bilearner.com,EW,Active,Full-Time,Full-Time,Voluntary,Production       ,Field Operations,1960-09-23,MA,Male,Fully Meets,1565,2023-06-16,5,4,Customer Service,Internal,Completed,New Taylorhaven,337.52
Myles,Hart,2022-03-20,2023-06-18,Production Technician I,April Mcdonald,myles.hart@bilearner.com,MSC,Active,Full-Time,Temporary,Retirement,Production       ,Yard (Material Handling),1962-12-24,MA,Female,Exceeds,1566,2023-07-25,1,4,Communication Skills,Internal,Failed,East Matthew,692.71
Deborah,Kline,2022-03-04,2022-07-29,Production Technician I,Taylor Harris,deborah.kline@bilearner.com,TNS,Active,Contract,Part-Time,Involuntary,Production       ,Field Operations,1978-11-29,MA,Female,Fully Meets,1567,2023-04-12,4,2,Project Management,External,Failed,Nicoleborough,177.99
Mariana,Copeland,2022-11-23,2023-05-26,Production Technician I,Debra Freeman,mariana.copeland@bilearner.com,NEL,Active,Contract,Part-Time,Retirement,Production       ,General - Con,1992-01-01,MA,Male,Fully Meets,1570,2022-08-07,1,4,Project Management,Internal,Passed,West Chelseastad,121.88
Chance,Warner,2021-09-28,2022-10-09,Production Technician I,Julie Porter,chance.warner@bilearner.com,BPC,Active,Part-Time,Part-Time,Resignation,Production       ,Fielders,1951-04-08,MA,Female,Fully Meets,1572,2022-10-17,2,4,Customer Service,Internal,Completed,Adammouth,738.65
Diego,Hays,2023-07-03,2023-07-19,Production Technician I,Stacy Hall,diego.hays@bilearner.com,SVG,Future Start,Full-Time,Temporary,Voluntary,Production       ,General - Con,1989-11-23,MA,Female,Fully Meets,1574,2023-06-10,4,3,Communication Skills,Internal,Passed,South Andrew,689.76
Gabriel,Adams,2019-08-11,2021-07-10,Production Technician I,Amanda Patterson,gabriel.adams@bilearner.com,EW,Leave of Absence,Contract,Temporary,Involuntary,Production       ,Field Operations,1942-07-19,MA,Female,Fully Meets,1575,2022-11-16,2,3,Leadership Development,Internal,Incomplete,Torresbury,981.36
Rohan,Mcdowell,2019-11-11,2020-09-29,Production Technician I,Bill Horn,rohan.mcdowell@bilearner.com,MSC,Voluntarily Terminated,Full-Time,Full-Time,Resignation,Production       ,Aerial,1945-09-20,MA,Male,Needs Improvement,1576,2023-05-07,5,2,Communication Skills,Internal,Completed,Jessicaview,104.34
Lilliana,Randolph,2021-05-06,2023-04-08,Production Technician II,Robin Valdez,lilliana.randolph@bilearner.com,PYZ,Voluntarily Terminated,Part-Time,Part-Time,Retirement,Production       ,Field Operations,1980-08-20,MA,Male,Needs Improvement,1578,2023-02-03,5,5,Technical Skills,External,Incomplete,Lake Susanmouth,856.71
Gerardo,Sampson,2022-08-05,2023-01-30,Production Technician II,Alicia Orr,gerardo.sampson@bilearner.com,WBL,Voluntarily Terminated,Full-Time,Part-Time,Voluntary,Production       ,General - Con,1950-07-24,MA,Male,Fully Meets,1581,2022-12-11,1,3,Project Management,External,Failed,Port Kellyside,480.2
Miguel,Kim,2020-04-06,2021-12-08,Production Technician II,Edward Merritt II,miguel.kim@bilearner.com,BPC,Voluntarily Terminated,Part-Time,Temporary,Resignation,Production       ,Field Operations,1995-04-01,MA,Female,Needs Improvement,1582,2022-11-04,2,1,Leadership Development,Internal,Completed,West Adam,323.79
Muhammad,Mcpherson,2023-03-02,2023-03-12,Production Technician I,Katherine Morris,muhammad.mcpherson@bilearner.com,NEL,Voluntarily Terminated,Full-Time,Part-Time,Involuntary,Production       ,Project Management - Con,1973-07-01,MA,Female,Fully Meets,1583,2023-06-27,3,3,Leadership Development,External,Failed,East Ronniehaven,184.66
Alessandro,Harris,2022-09-17,2023-07-10,Production Technician I,Dr. Ray Austin,alessandro.harris@bilearner.com,BPC,Active,Part-Time,Temporary,Retirement,Production       ,Splicing,1956-05-04,MA,Female,Fully Meets,1585,2022-12-23,5,4,Technical Skills,External,Incomplete,Kellybury,843.28
Travis,Morgan,2020-08-28,2022-08-25,Production Technician I,Monica Hubbard,travis.morgan@bilearner.com,MSC,Active,Contract,Part-Time,Involuntary,Production       ,Field Operations,1996-07-02,MA,Female,Fully Meets,1589,2023-04-26,2,1,Project Management,Internal,Incomplete,Port Ronnie,328.06
Kamden,Ochoa,2023-02-10,2023-05-23,Production Technician I,Carla Francis,kamden.ochoa@bilearner.com,PYZ,Active,Contract,Part-Time,Voluntary,Production       ,General - Con,1957-10-20,MA,Female,Fully Meets,1591,2023-05-10,4,3,Leadership Development,Internal,Passed,Port Linda,340.01
Charlee,Wiggins,2020-06-14,2023-07-18,Production Technician I,Elizabeth Allen,charlee.wiggins@bilearner.com,WBL,Active,Full-Time,Full-Time,Retirement,Production       ,Engineers,1981-08-15,MA,Male,Exceeds,1592,2023-06-06,1,1,Communication Skills,Internal,Incomplete,Leblancville,590.82
Chris,Johnson,2020-03-02,2020-05-25,Production Technician I,Jennifer Mendez,chris.johnson@bilearner.com,CCDR,Future Start,Contract,Temporary,Voluntary,Production       ,General - Sga,1958-08-15,MA,Female,Exceeds,1596,2023-02-10,4,4,Project Management,Internal,Incomplete,Franklinstad,683.34
John,Bentley,2018-11-23,2021-09-27,Production Technician I,Lynn Lewis,john.bentley@bilearner.com,SVG,Future Start,Part-Time,Temporary,Voluntary,Production       ,Project Management - Con,1998-02-23,MA,Female,Exceeds,1597,2023-07-23,2,1,Customer Service,Internal,Incomplete,Lake Charles,865.57
Myla,Mcintyre,2019-05-27,2023-06-19,Production Technician I,Francisco Henry,myla.mcintyre@bilearner.com,EW,Leave of Absence,Contract,Part-Time,Resignation,Production       ,General - Con,1978-03-05,MA,Female,Needs Improvement,1598,2023-05-28,2,5,Technical Skills,Internal,Incomplete,New Jenniferburgh,130.29
Demarcus,Ware,2022-05-18,2023-04-10,Production Technician II,Marie Cruz,demarcus.ware@bilearner.com,BPC,Voluntarily Terminated,Full-Time,Full-Time,Resignation,Production       ,Field Operations,1975-11-13,MA,Male,Exceeds,1599,2022-09-13,4,5,Leadership Development,External,Passed,Shawnport,848.72
Odin,Heath,2022-03-29,2023-07-24,Production Technician II,Christopher Sullivan,odin.heath@bilearner.com,SVG,Active,Part-Time,Temporary,Resignation,Production       ,Engineers,1990-10-08,MA,Male,Exceeds,1601,2023-01-05,4,2,Technical Skills,Internal,Incomplete,New Shannontown,381.09
Bryanna,Mahoney,2021-11-04,2022-05-10,Production Technician II,Elizabeth Klein MD,bryanna.mahoney@bilearner.com,EW,Active,Full-Time,Part-Time,Voluntary,Production       ,General - Con,2000-10-10,MA,Female,Exceeds,1602,2023-04-01,2,1,Project Management,External,Incomplete,Munozborough,175.5
Izaiah,Quinn,2019-04-27,2020-10-08,Production Technician I,Mark Marks,izaiah.quinn@bilearner.com,NEL,Voluntarily Terminated,Full-Time,Full-Time,Resignation,Production       ,Field Operations,1956-10-20,MA,Female,Exceeds,1605,2023-05-08,2,3,Customer Service,Internal,Passed,Beckerside,878.65
Ramon,Watson,2018-09-12,2023-02-25,Production Technician I,John Hopkins,ramon.watson@bilearner.com,SVG,Active,Contract,Full-Time,Retirement,Production       ,General - Eng,1953-11-26,MA,Male,PIP,1609,2023-04-13,5,5,Project Management,Internal,Failed,New Jennifer,455.52
Raegan,Spence,2019-11-09,2019-11-18,Production Technician I,Wendy Williamson,raegan.spence@bilearner.com,EW,Active,Part-Time,Full-Time,Involuntary,Production       ,General - Con,1986-01-28,MA,Female,Needs Improvement,1610,2022-10-23,4,5,Communication Skills,External,Completed,North Erin,815.24
Jacoby,Singleton,2018-11-29,2022-07-09,Production Technician I,Glenda Wilson,jacoby.singleton@bilearner.com,MSC,Active,Full-Time,Part-Time,Voluntary,Production       ,Project Management - Con,1962-01-25,MA,Female,Needs Improvement,1611,2023-05-21,1,2,Leadership Development,External,Failed,North Debra,534.82
Kara,Yates,2022-07-03,2023-02-22,Production Technician I,Bailey Richards,kara.yates@bilearner.com,TNS,Active,Part-Time,Temporary,Retirement,Production       ,General - Sga,1993-05-28,MA,Male,Needs Improvement,1612,2022-12-13,5,5,Technical Skills,External,Incomplete,Lake Brentbury,522.79
Beau,Barron,2019-09-26,2020-08-01,Production Technician I,Taylor Cruz,beau.barron@bilearner.com,PYZ,Active,Contract,Full-Time,Voluntary,Production       ,Field Operations,1995-07-03,MA,Female,Exceeds,1613,2022-09-07,4,2,Leadership Development,Internal,Completed,Lake Charlesberg,868.8
Micheal,Drake,2019-01-01,2021-09-23,Production Technician I,Tammie Brown,micheal.drake@bilearner.com,SVG,Leave of Absence,Part-Time,Full-Time,Retirement,Production       ,General - Con,1964-08-08,MA,Female,Needs Improvement,1619,2023-01-05,4,2,Technical Skills,Internal,Incomplete,Port Courtneymouth,506.99
Robert,Hubert,2021-09-21,2023-01-28,BI Developer,Alicia Mendoza,robert.hubert@bilearner.com,MSC,Active,Full-Time,Temporary,Involuntary,IT/IS,Field Operations,1975-12-09,MA,Male,Needs Improvement,1621,2023-05-21,4,1,Technical Skills,Internal,Completed,Pattersonmouth,264.74
Matthew,Westinghouse,2021-08-30,2022-03-22,BI Developer,Cynthia Goodwin,matthew.westinghouse@bilearner.com,TNS,Active,Contract,Part-Time,Retirement,IT/IS,Aerial,1942-01-21,MA,Male,Needs Improvement,1622,2023-04-29,1,5,Communication Skills,Internal,Passed,Port Jonathanburgh,344.06
Jason,Smith,2023-06-19,2023-07-31,BI Developer,David Beard,jason.smith@bilearner.com,PYZ,Active,Full-Time,Temporary,Voluntary,IT/IS,Finance & Accounting,2001-06-17,MA,Male,Needs Improvement,1623,2022-12-18,1,2,Project Management,Internal,Passed,Lloydfurt,232.5
Charlie,Wang,2023-05-12,2023-05-16,Senior BI Developer,Maria Rivera,charlie.wang@bilearner.com,WBL,Active,Full-Time,Temporary,Resignation,IT/IS,Field Operations,1996-10-22,MA,Male,Needs Improvement,1624,2023-07-24,5,1,Customer Service,Internal,Failed,Katherineland,953.68
Katie,Roper,2020-09-17,2021-06-08,Data Architect,William Green,katie.roper@bilearner.com,PL,Active,Full-Time,Temporary,Resignation,IT/IS,General - Con,1947-05-12,MA,Female,Needs Improvement,1626,2023-01-11,3,4,Project Management,Internal,Failed,Austinville,624.8
Binh,Le,2018-12-15,2019-11-14,Senior BI Developer,Walter Thompson,binh.le@bilearner.com,CCDR,Active,Part-Time,Temporary,Retirement,IT/IS,Catv,1974-04-12,MA,Female,Needs Improvement,1628,2023-04-12,4,4,Customer Service,Internal,Completed,Port Nicholasburgh,781.52
Lucia,Peterson,2019-11-06,2023-03-22,BI Developer,Robert Crawford,lucia.peterson@bilearner.com,PL,Terminated for Cause,Part-Time,Full-Time,Voluntary,IT/IS,Field Operations,1946-01-04,MA,Female,Fully Meets,1629,2022-09-23,1,2,Leadership Development,Internal,Failed,East Kevinstad,615.28
Nola,Moss,2021-04-25,2022-10-25,BI Developer,David Wu,nola.moss@bilearner.com,BPC,Terminated for Cause,Contract,Temporary,Involuntary,IT/IS,General - Con,1944-02-05,MA,Female,Fully Meets,1630,2023-02-25,4,3,Customer Service,External,Incomplete,South Matthew,779.26
Chance,Braun,2023-06-17,2023-07-19,BI Developer,Jessica Peters,chance.braun@bilearner.com,CCDR,Terminated for Cause,Full-Time,Full-Time,Voluntary,IT/IS,Executive,1986-10-24,MA,Female,Fully Meets,1631,2023-06-24,2,4,Customer Service,External,Incomplete,Larryshire,464.49
Miley,French,2018-10-22,2019-03-13,Area Sales Manager,Sandra Gardner,miley.french@bilearner.com,EW,Active,Contract,Temporary,Involuntary,IT/IS,Field Operations,1994-05-05,MA,Female,Fully Meets,1633,2022-12-09,4,3,Project Management,External,Passed,East Allison,300.12
Kole,Levine,2021-10-17,2022-11-13,Area Sales Manager,Bethany Jackson,kole.levine@bilearner.com,MSC,Active,Contract,Part-Time,Voluntary,IT/IS,Finance & Accounting,1974-07-22,MA,Male,Fully Meets,1634,2023-01-13,2,3,Communication Skills,External,Failed,Donnaport,895.42
Azul,Watkins,2021-10-19,2023-04-10,Area Sales Manager,Alexandra Harvey,azul.watkins@bilearner.com,TNS,Active,Full-Time,Part-Time,Retirement,IT/IS,Safety,1988-09-26,MA,Male,Fully Meets,1635,2022-12-19,4,4,Leadership Development,External,Completed,Port Mark,619.86
Landen,Blanchard,2018-10-16,2018-12-17,Sales Manager,Donna Gomez,landen.blanchard@bilearner.com,SVG,Active,Contract,Part-Time,Involuntary,Admin Offices,Aerial,1998-11-07,MA,Male,Fully Meets,1636,2022-10-14,4,5,Technical Skills,External,Completed,South Sarah,943.84
Leroy,Norman,2020-04-26,2020-07-21,Sales Manager,Mr. Keith Smith DVM,leroy.norman@bilearner.com,EW,Active,Full-Time,Part-Time,Resignation,Admin Offices,General - Con,1986-01-18,MA,Male,Fully Meets,1637,2022-10-20,4,1,Customer Service,External,Failed,Onealshire,556.33
Nikhil,Pineda,2020-01-22,2022-10-26,Sales Manager,Miss Andrea Robertson,nikhil.pineda@bilearner.com,MSC,Active,Full-Time,Full-Time,Involuntary,Sales,Finance & Accounting,1994-07-20,MA,Male,Fully Meets,1638,2023-05-08,2,4,Customer Service,External,Completed,North James,274.97
Kadence,Simon,2022-03-30,2022-07-21,BI Director,Robert Ford,kadence.simon@bilearner.com,EW,Terminated for Cause,Full-Time,Full-Time,Resignation,IT/IS,Field Operations,1958-01-10,MA,Male,Fully Meets,1639,2022-10-12,1,2,Communication Skills,Internal,Completed,West Tonyfurt,359.87
Elliot,Phillips,2021-05-29,2022-09-03,BI Developer,Christopher Meyer,elliot.phillips@bilearner.com,MSC,Terminated for Cause,Contract,Full-Time,Voluntary,IT/IS,Engineers,1961-08-30,MA,Female,Fully Meets,1640,2022-12-19,2,4,Communication Skills,Internal,Completed,Port Heather,881.51
Taniya,Daniels,2023-03-09,2023-05-30,BI Developer,Daniel Cooke,taniya.daniels@bilearner.com,NEL,Terminated for Cause,Part-Time,Temporary,Voluntary,IT/IS,Field Operations,1989-10-06,MA,Female,Fully Meets,1641,2023-03-18,5,4,Project Management,External,Passed,Tylermouth,879.86
Julia,Jimenez,2019-11-22,2019-12-28,BI Developer,Jennifer Davies,julia.jimenez@bilearner.com,PL,Terminated for Cause,Contract,Part-Time,Retirement,IT/IS,Wireline Construction,1946-09-23,MA,Female,Fully Meets,1642,2023-04-14,3,2,Customer Service,External,Passed,Lake Andrea,226.92
Kamden,Paul,2019-04-07,2020-12-22,Area Sales Manager,Christopher King,kamden.paul@bilearner.com,SVG,Active,Full-Time,Full-Time,Involuntary,IT/IS,Aerial,1981-05-19,MA,Male,Fully Meets,1643,2022-08-23,5,3,Technical Skills,External,Completed,Farleychester,674.14
Octavio,Hicks,2023-03-23,2023-03-28,Area Sales Manager,Jasmine Mclaughlin,octavio.hicks@bilearner.com,TNS,Active,Contract,Temporary,Voluntary,IT/IS,Aerial,2000-10-05,MA,Male,Fully Meets,1644,2023-04-01,3,1,Customer Service,External,Failed,East Victoria,383.95
Jaidyn,Malone,2021-02-18,2022-10-28,Area Sales Manager,Jennifer Briggs,jaidyn.malone@bilearner.com,WBL,Active,Part-Time,Temporary,Resignation,IT/IS,Fielders,1975-12-19,MA,Male,Fully Meets,1645,2022-09-26,5,5,Technical Skills,External,Completed,New Jeffrey,122.81
Cora,Perez,2019-04-05,2021-05-07,Sales Manager,Carol Morales,cora.perez@bilearner.com,SVG,Active,Contract,Full-Time,Voluntary,Admin Offices,General - Sga,1987-06-17,MA,Male,Fully Meets,1646,2023-01-20,2,2,Customer Service,Internal,Completed,North Robertville,380.22
Isis,Ayala,2019-10-23,2022-07-09,Sales Manager,Johnny Parker,isis.ayala@bilearner.com,EW,Active,Contract,Part-Time,Involuntary,IT/IS,Catv,1986-02-03,MA,Male,Fully Meets,1647,2023-02-16,4,2,Communication Skills,External,Passed,Lancemouth,719.1
Julie,Harrington,2019-05-08,2020-10-01,BI Director,Courtney Chang,julie.harrington@bilearner.com,NEL,Terminated for Cause,Part-Time,Temporary,Resignation,IT/IS,Engineers,1946-02-27,MA,Male,Fully Meets,1650,2023-03-29,5,1,Leadership Development,Internal,Completed,Robertfort,727.36
Amara,Wood,2019-10-05,2023-05-21,BI Developer,Patricia Moore,amara.wood@bilearner.com,PL,Terminated for Cause,Part-Time,Temporary,Involuntary,IT/IS,Aerial,1993-01-23,MA,Female,Fully Meets,1651,2022-11-01,4,4,Customer Service,Internal,Passed,Danieltown,595.83
Nevaeh,Ponce,2021-11-29,2022-05-31,BI Developer,Tiffany Cantrell,nevaeh.ponce@bilearner.com,BPC,Terminated for Cause,Full-Time,Full-Time,Resignation,IT/IS,Field Operations,1985-06-01,MA,Female,Fully Meets,1652,2023-06-09,1,4,Leadership Development,Internal,Completed,Pageport,740.51
Greta,Fields,2018-11-06,2019-12-26,Area Sales Manager,Alyssa Gutierrez,greta.fields@bilearner.com,EW,Active,Part-Time,Temporary,Involuntary,IT/IS,Field Operations,1957-01-07,MA,Male,Fully Meets,1653,2022-12-02,2,4,Technical Skills,External,Incomplete,Jasonport,886.01
Zackery,Hess,2021-07-27,2021-11-23,Area Sales Manager,Raymond Walsh,zackery.hess@bilearner.com,MSC,Active,Full-Time,Temporary,Resignation,IT/IS,Engineers,1999-12-19,MA,Male,Fully Meets,1654,2023-06-11,2,3,Technical Skills,External,Failed,Michaelshire,641.09
Joaquin,Hahn,2019-11-26,2021-03-19,Sales Manager,Keith Fleming,joaquin.hahn@bilearner.com,MSC,Active,Full-Time,Part-Time,Involuntary,Sales,Field Operations,1977-06-30,MA,Female,Fully Meets,1659,2023-07-11,4,5,Leadership Development,Internal,Incomplete,Briggsport,579.06
Drake,Nicholson,2022-08-09,2022-09-01,CIO,Whitney Miller,drake.nicholson@bilearner.com,WBL,Terminated for Cause,Contract,Full-Time,Retirement,IT/IS,General - Con,1971-07-02,MA,Male,Fully Meets,1660,2023-06-17,5,5,Communication Skills,Internal,Failed,Lake Angela,698.82
Fatima,Pennington,2022-04-10,2023-04-03,BI Developer,Mrs. Jennifer Hughes,fatima.pennington@bilearner.com,BPC,Terminated for Cause,Full-Time,Full-Time,Retirement,IT/IS,Aerial,1961-01-30,MA,Female,Fully Meets,1663,2023-03-10,4,2,Communication Skills,External,Passed,New Elizabeth,271.37
Rose,Jordan,2021-11-21,2021-12-12,Sales Manager,Anita Brown,rose.jordan@bilearner.com,MSC,Active,Contract,Full-Time,Involuntary,Sales,Project Management - Con,1964-10-10,MA,Female,Fully Meets,1671,2023-07-08,5,3,Customer Service,External,Passed,East Jeremy,680.45
Savanah,Prince,2022-04-30,2023-06-09,BI Developer,Deborah White,savanah.prince@bilearner.com,MSC,Terminated for Cause,Part-Time,Full-Time,Involuntary,IT/IS,Wireline Construction,1946-06-17,MA,Female,Fully Meets,1674,2022-10-04,1,5,Customer Service,Internal,Passed,New William,293.55
Dawson,Pollard,2023-02-03,2023-04-16,Area Sales Manager,Crystal Garcia,dawson.pollard@bilearner.com,SVG,Active,Full-Time,Part-Time,Resignation,IT/IS,Field Operations,1959-11-02,MA,Male,Fully Meets,1675,2023-01-25,4,1,Technical Skills,Internal,Failed,New Alexanderland,904.68
Soren,Coleman,2020-11-18,2021-05-22,Senior BI Developer,Barbara Boyd,soren.coleman@bilearner.com,PL,Active,Part-Time,Part-Time,Resignation,Admin Offices,Field Operations,1946-03-28,MA,Female,Fully Meets,1678,2023-06-21,2,1,Leadership Development,Internal,Completed,Turnershire,749.64
Sage,Morris,2021-05-16,2022-04-14,Senior BI Developer,Susan Barrett,sage.morris@bilearner.com,BPC,Active,Part-Time,Part-Time,Voluntary,Admin Offices,Engineers,1944-12-14,MA,Male,Fully Meets,1679,2023-08-01,5,4,Leadership Development,External,Failed,Lloydborough,213.06
Lillian,Steele,2019-10-25,2020-10-16,Senior BI Developer,Anthony Foster,lillian.steele@bilearner.com,CCDR,Active,Full-Time,Temporary,Involuntary,IT/IS,General - Con,1976-09-01,MA,Male,Fully Meets,1680,2023-03-01,5,4,Customer Service,Internal,Completed,Wrightburgh,882.76
Deanna,Meza,2023-03-05,2023-05-04,Sales Manager,Jennifer Cook,deanna.meza@bilearner.com,SVG,Active,Contract,Temporary,Retirement,IT/IS,Engineers,1974-10-10,MA,Female,Fully Meets,1681,2023-05-30,2,3,Customer Service,External,Failed,Santanastad,113.42
Beckett,Shea,2022-01-22,2022-07-25,Sales Manager,Rebecca Davis,beckett.shea@bilearner.com,MSC,Voluntarily Terminated,Full-Time,Part-Time,Voluntary,Sales,Aerial,1988-02-14,MA,Female,Fully Meets,1683,2022-12-29,2,4,Project Management,Internal,Failed,Port Amanda,599.74
Eve,Barker,2023-07-09,2023-07-31,CIO,Christopher Ayala,eve.barker@bilearner.com,WBL,Terminated for Cause,Contract,Part-Time,Involuntary,IT/IS,Engineers,1963-03-07,MA,Male,Fully Meets,1684,2022-12-30,2,4,Leadership Development,Internal,Failed,North Amberport,700.99
Lillie,Wilkerson,2018-11-11,2019-05-27,BI Director,Jeremy Wright,lillie.wilkerson@bilearner.com,NEL,Terminated for Cause,Full-Time,Full-Time,Retirement,IT/IS,Aerial,1968-06-26,MA,Female,Fully Meets,1685,2023-01-18,1,4,Customer Service,Internal,Passed,West Jenniferton,650.07
Alexis,Harrell,2021-01-05,2021-06-18,BI Developer,Jennifer Adams,alexis.harrell@bilearner.com,SVG,Active,Contract,Full-Time,Retirement,IT/IS,Finance & Accounting,1954-03-06,MA,Male,Fully Meets,1686,2023-02-06,2,4,Communication Skills,External,Completed,West Robert,851.38
Elsa,Mckenzie,2020-03-30,2023-07-21,Area Sales Manager,James Black,elsa.mckenzie@bilearner.com,MSC,Active,Full-Time,Full-Time,Voluntary,IT/IS,Shop (Fleet),1956-07-23,OR,Male,Fully Meets,1688,2022-11-12,1,4,Project Management,Internal,Completed,Brendaside,880.67
Kolby,Reed,2021-01-02,2022-09-22,Senior BI Developer,Wendy Palmer,kolby.reed@bilearner.com,MSC,Active,Part-Time,Temporary,Retirement,Admin Offices,Field Operations,1985-12-04,MA,Male,Fully Meets,1689,2023-04-26,5,3,Customer Service,External,Passed,Moodychester,712.64
Kyler,Morales,2019-02-26,2019-07-26,Senior BI Developer,Tracy Price,kyler.morales@bilearner.com,NEL,Active,Contract,Temporary,Voluntary,Admin Offices,Yard (Material Handling),1942-01-20,MA,Male,Fully Meets,1690,2022-11-12,3,1,Communication Skills,Internal,Failed,Moralesport,504.34
Urijah,Brandt,2020-04-19,2022-07-30,Sales Manager,William Hutchinson,urijah.brandt@bilearner.com,PYZ,Active,Part-Time,Part-Time,Voluntary,IT/IS,Engineers,1943-09-23,MA,Female,Fully Meets,1692,2023-06-25,2,2,Project Management,External,Failed,North Madisonberg,705.24
Malia,Reynolds,2021-04-09,2021-05-29,CIO,Dennis Gardner,malia.reynolds@bilearner.com,TNS,Terminated for Cause,Part-Time,Temporary,Resignation,IT/IS,Aerial,1961-10-04,MA,Male,Fully Meets,1694,2022-08-31,3,5,Communication Skills,Internal,Completed,Kaylaburgh,638.07
Claire,Gordon,2018-09-04,2022-12-16,BI Director,Jennifer Hernandez,claire.gordon@bilearner.com,SVG,Terminated for Cause,Contract,Full-Time,Voluntary,IT/IS,Isp,1981-11-13,MA,Female,Fully Meets,1695,2023-05-25,3,3,Leadership Development,Internal,Passed,East James,913.34
Mattie,Peters,2023-05-24,2023-07-21,BI Developer,Melanie Campbell,mattie.peters@bilearner.com,MSC,Active,Full-Time,Part-Time,Retirement,IT/IS,General - Con,1987-06-15,MA,Male,Fully Meets,1697,2022-10-15,1,5,Leadership Development,External,Passed,South Mistychester,503.3
Makai,Nolan,2021-02-15,2021-06-05,Area Sales Manager,Deborah Beltran,makai.nolan@bilearner.com,EW,Active,Full-Time,Part-Time,Resignation,IT/IS,Billable Consultants,1994-11-14,MA,Male,Fully Meets,1698,2023-03-21,3,5,Technical Skills,External,Passed,Dustinville,218.31
Trevon,Briggs,2021-11-03,2022-08-19,Senior BI Developer,Justin Jordan,trevon.briggs@bilearner.com,PL,Active,Contract,Part-Time,Voluntary,Admin Offices,Executive,1993-06-17,MA,Male,Fully Meets,1699,2023-04-25,2,4,Customer Service,External,Incomplete,Port Jorge,730.86
Corey,Hurst,2019-07-23,2023-01-07,Senior BI Developer,Jacob Brown,corey.hurst@bilearner.com,CCDR,Active,Contract,Full-Time,Involuntary,IT/IS,Project Management - Con,1954-11-06,MA,Male,Fully Meets,1701,2023-04-29,5,3,Technical Skills,Internal,Passed,South Taylor,460.53
Lailah,Hughes,2020-12-02,2023-02-25,BI Developer,Christopher Fisher,lailah.hughes@bilearner.com,NEL,Active,Contract,Full-Time,Involuntary,IT/IS,Aerial,1990-04-03,MA,Female,Fully Meets,1706,2023-06-19,3,2,Customer Service,External,Incomplete,Kathleenhaven,970.01
Quentin,Calderon,2021-09-24,2023-07-20,BI Developer,Charles Mcdonald,quentin.calderon@bilearner.com,PL,Active,Part-Time,Full-Time,Voluntary,IT/IS,Wireline Construction,1994-03-20,MA,Male,Fully Meets,1707,2022-10-21,5,4,Customer Service,Internal,Passed,Shepherdchester,496.31
Molly,Fischer,2020-09-10,2021-05-22,BI Developer,Bonnie Smith,molly.fischer@bilearner.com,PYZ,Active,Full-Time,Temporary,Involuntary,IT/IS,Splicing,1990-05-12,MA,Male,Fully Meets,1708,2023-01-29,4,5,Customer Service,Internal,Incomplete,South Carrie,640.01
Anaya,Stanton,2022-05-25,2022-11-17,Area Sales Manager,Whitney Roberts,anaya.stanton@bilearner.com,SVG,Active,Full-Time,Temporary,Involuntary,IT/IS,General - Sga,1962-03-22,OR,Male,Fully Meets,1709,2023-05-10,5,4,Technical Skills,External,Failed,South Lance,858.8
Jaden,Houston,2019-02-15,2019-12-09,Senior BI Developer,Paige Eaton DDS,jaden.houston@bilearner.com,PL,Active,Part-Time,Part-Time,Resignation,Admin Offices,Field Operations,1971-05-24,MA,Male,Fully Meets,1710,2023-07-03,1,2,Communication Skills,External,Passed,Markville,300.52
Lance,Bailey,2018-09-28,2023-02-01,Senior BI Developer,Johnny Stevens,lance.bailey@bilearner.com,BPC,Active,Full-Time,Temporary,Voluntary,IT/IS,General - Con,1985-04-21,MA,Male,Fully Meets,1711,2023-05-05,5,1,Technical Skills,External,Failed,Lindaland,102.19
Reece,Callahan,2020-10-27,2022-09-28,CIO,Monique Barnes,reece.callahan@bilearner.com,WBL,Active,Full-Time,Part-Time,Involuntary,IT/IS,Aerial,1966-01-10,MA,Female,Fully Meets,1715,2023-04-16,2,2,Leadership Development,Internal,Incomplete,North Danielfort,788.64
Tyrell,Fuentes,2020-11-02,2022-06-21,BI Director,Steven Oliver,tyrell.fuentes@bilearner.com,NEL,Active,Contract,Part-Time,Involuntary,IT/IS,General - Con,1961-03-19,MA,Female,Fully Meets,1716,2023-01-15,2,1,Communication Skills,External,Incomplete,Lake Erica,234.05
Benjamin,Kaufman,2021-04-24,2023-02-28,BI Developer,Vicki Delgado,benjamin.kaufman@bilearner.com,BPC,Active,Part-Time,Part-Time,Retirement,IT/IS,General - Con,1959-11-26,MA,Male,Fully Meets,1717,2023-03-06,4,2,Customer Service,External,Incomplete,Port Joshua,381.33
Ayla,Mcgrath,2020-06-29,2023-08-03,BI Developer,Daryl Swanson,ayla.mcgrath@bilearner.com,CCDR,Active,Full-Time,Temporary,Involuntary,IT/IS,Field Operations,2001-01-04,MA,Male,Fully Meets,1718,2023-07-19,5,4,Leadership Development,Internal,Passed,Wellsborough,527.62
Elliott,Odonnell,2019-09-22,2022-11-10,Senior BI Developer,Wendy Daniels,elliott.odonnell@bilearner.com,NEL,Active,Full-Time,Full-Time,Retirement,IT/IS,Finance & Accounting,1998-11-25,MA,Male,Fully Meets,1721,2023-06-30,5,4,Project Management,External,Failed,Kathleenhaven,730.31
Gideon,Saunders,2020-07-01,2022-06-26,Sales Manager,Nicole Taylor,gideon.saunders@bilearner.com,PYZ,Active,Full-Time,Full-Time,Retirement,Sales,General - Eng,1969-04-07,MA,Female,Fully Meets,1723,2022-09-16,5,1,Technical Skills,External,Passed,Sophiaborough,942.63
Valerie,Davis,2021-05-13,2021-12-11,CIO,Amanda Shaw MD,valerie.davis@bilearner.com,TNS,Active,Part-Time,Part-Time,Retirement,IT/IS,Yard (Material Handling),1957-10-20,MA,Female,Fully Meets,1724,2022-09-22,4,2,Customer Service,Internal,Failed,Fullerstad,733.63
Haylie,Arnold,2019-05-31,2022-05-31,BI Developer,Leslie Tran,haylie.arnold@bilearner.com,MSC,Active,Full-Time,Full-Time,Involuntary,IT/IS,General - Con,1996-02-16,MA,Male,Fully Meets,1727,2022-12-22,4,2,Technical Skills,Internal,Failed,Weaverburgh,252.22
Donna,Brill,2020-01-06,2020-12-24,Production Technician I,Michelle Henson,donna.brill@bilearner.com,EW,Voluntarily Terminated,Contract,Part-Time,Voluntary,Production       ,General - Con,1946-12-30,MA,Female,Fully Meets,1729,2023-02-15,1,1,Technical Skills,Internal,Incomplete,Mollymouth,386.87
Erasumus,Monkfish,2021-07-11,2022-02-08,Production Technician II,Mark Smith,erasumus.monkfish@bilearner.com,WBL,Active,Contract,Temporary,Retirement,Production       ,Engineers,1947-03-22,MA,Male,Fully Meets,1731,2023-06-23,1,4,Customer Service,Internal,Failed,South Jennifer,578.81
May,Roberson,2021-07-02,2021-12-13,Production Technician II,Samantha Hancock,may.roberson@bilearner.com,WBL,Voluntarily Terminated,Contract,Temporary,Voluntary,Production       ,Fielders,1961-04-13,MA,Female,Fully Meets,1732,2022-10-24,1,5,Project Management,Internal,Completed,East Louis,562.06
Shana,Maurice,2019-10-23,2020-12-03,Production Technician I,Joshua Ward,shana.maurice@bilearner.com,EW,Active,Full-Time,Temporary,Resignation,Production       ,Field Operations,1950-02-15,MA,Female,Fully Meets,1733,2022-10-26,4,5,Leadership Development,External,Incomplete,Lake Danielleport,845.86
Rachael,Baczenski,2021-01-08,2023-01-14,Production Technician I,Cody Scott,rachael.baczenski@bilearner.com,NEL,Voluntarily Terminated,Full-Time,Full-Time,Resignation,Production       ,Shop (Fleet),1942-04-08,MA,Female,Fully Meets,1735,2023-05-10,4,4,Project Management,Internal,Passed,Jonesport,203.04
Enrico,Langton,2019-01-29,2022-07-08,Production Technician I,Jeffrey Thompson,enrico.langton@bilearner.com,TNS,Active,Contract,Part-Time,Involuntary,Production       ,Field Operations,1955-08-25,MA,Male,Fully Meets,1736,2023-04-21,3,1,Leadership Development,Internal,Incomplete,West Sarahborough,717.29
Phil,Close,2023-05-30,2023-07-05,Production Technician II,Tami Fuentes,phil.close@bilearner.com,CCDR,Voluntarily Terminated,Contract,Part-Time,Involuntary,Production       ,General - Eng,1983-11-17,MA,Male,Fully Meets,1738,2022-11-13,4,1,Customer Service,External,Incomplete,East Sharon,802.66
Hang T,Wolk,2019-07-15,2023-05-01,Production Technician II,Michael Farmer,hang t.wolk@bilearner.com,CCDR,Active,Contract,Full-Time,Involuntary,Production       ,Aerial,1982-01-11,MA,Female,Fully Meets,1739,2022-10-10,2,5,Communication Skills,Internal,Incomplete,East Julie,388.07
Lei-Ming,Nguyen,2020-03-17,2021-08-02,Production Technician I,Madeline Baker,lei-ming.nguyen@bilearner.com,NEL,Active,Contract,Part-Time,Voluntary,Production       ,General - Con,1963-04-03,MA,Female,Fully Meets,1740,2022-09-20,5,4,Project Management,Internal,Completed,South Donna,350.26
Brad,Pitt,2020-04-23,2022-01-07,Production Technician I,Joshua Gonzalez,brad.pitt@bilearner.com,WBL,Active,Full-Time,Full-Time,Voluntary,Production       ,General - Sga,1962-04-06,MA,Male,Fully Meets,1746,2023-06-20,4,3,Communication Skills,Internal,Incomplete,Jonesberg,787.19
Susan,Good,2023-06-23,2023-07-10,Production Technician II,Mary Blackwell,susan.good@bilearner.com,PL,Leave of Absence,Full-Time,Temporary,Resignation,Production       ,Field Operations,1992-08-02,MA,Female,Fully Meets,1747,2023-03-28,1,4,Project Management,External,Passed,Ryanshire,853.43
Ashley,Rose,2022-01-13,2022-07-05,Production Technician I,Benjamin Hamilton,ashley.rose@bilearner.com,PYZ,Active,Part-Time,Temporary,Retirement,Production       ,Underground,1973-01-09,MA,Female,Fully Meets,1748,2023-02-12,3,2,Leadership Development,External,Failed,Williamsmouth,433.03
Boston,Avila,2022-03-05,2022-04-08,Production Technician I,Mario Johnson MD,boston.avila@bilearner.com,PL,Active,Part-Time,Temporary,Resignation,Production       ,General - Con,1982-11-04,MA,Male,Fully Meets,1752,2022-12-11,2,1,Leadership Development,External,Incomplete,Harrisonshire,560.55
Rodolfo,Michael,2019-06-20,2019-10-14,Production Technician I,Kimberly Williams,rodolfo.michael@bilearner.com,BPC,Active,Contract,Full-Time,Resignation,Production       ,Field Operations,1943-03-07,MA,Male,Fully Meets,1753,2023-05-30,5,3,Customer Service,Internal,Completed,Port Steven,711.71
Jose,Houston,2021-01-23,2022-10-23,Production Technician I,Patricia Newman,jose.houston@bilearner.com,PYZ,Active,Contract,Part-Time,Retirement,Production       ,General - Con,1947-12-11,MA,Male,Fully Meets,1759,2022-09-16,5,2,Project Management,Internal,Completed,Clarkview,220.06
Janessa,Mcconnell,2020-02-08,2020-05-04,Production Technician I,Sally Meadows,janessa.mcconnell@bilearner.com,WBL,Active,Part-Time,Part-Time,Voluntary,Production       ,General - Con,1993-08-20,MA,Male,Fully Meets,1760,2023-03-16,5,3,Technical Skills,External,Passed,Brownchester,378.51
Samson,Ellis,2021-10-29,2022-08-02,Production Technician I,Sara Golden,samson.ellis@bilearner.com,NEL,Voluntarily Terminated,Contract,Temporary,Voluntary,Production       ,Field Operations,1961-05-16,MA,Female,Fully Meets,1761,2023-02-20,3,2,Technical Skills,External,Completed,New Eric,905.6
Lauren,Kent,2023-07-04,2023-07-12,Production Technician I,Roger Reed,lauren.kent@bilearner.com,PL,Voluntarily Terminated,Contract,Part-Time,Voluntary,Production       ,Wireless,2001-02-19,MA,Female,Fully Meets,1762,2023-03-19,3,3,Customer Service,External,Incomplete,South Raymondchester,669.57
Kasey,Alexander,2019-06-22,2021-05-01,Production Technician I,Michelle Herrera,kasey.alexander@bilearner.com,PYZ,Active,Contract,Temporary,Resignation,Production       ,Field Operations,1957-07-15,MA,Female,Fully Meets,1766,2023-05-23,1,5,Customer Service,External,Incomplete,Greenestad,637.61
Kenneth,Peters,2023-02-10,2023-05-01,Production Technician I,Renee Beasley,kenneth.peters@bilearner.com,WBL,Active,Contract,Full-Time,Retirement,Production       ,General - Con,1995-12-31,MA,Female,Fully Meets,1767,2022-08-09,4,1,Project Management,External,Passed,Riverastad,902.11
Lucia,Hudson,2022-10-13,2023-05-02,Production Technician I,Scott Graves,lucia.hudson@bilearner.com,NEL,Active,Contract,Temporary,Voluntary,Production       ,Aerial,1977-02-26,MA,Female,Fully Meets,1768,2023-02-11,3,3,Leadership Development,External,Passed,Lake Tyler,999.79
Rashad,Randall,2023-03-07,2023-04-27,Production Technician I,Bryan Harvey,rashad.randall@bilearner.com,PL,Active,Contract,Temporary,Resignation,Production       ,Engineers,1974-04-29,MA,Male,Fully Meets,1769,2023-02-10,4,3,Leadership Development,Internal,Passed,New Jamesville,976.58
Hallie,Thornton,2018-12-28,2022-01-28,Production Technician I,Jamie Holloway,hallie.thornton@bilearner.com,SVG,Active,Contract,Part-Time,Resignation,Production       ,General - Con,1954-06-28,MA,Male,Fully Meets,1772,2023-01-01,3,4,Technical Skills,External,Passed,Port Paul,205.64
Tiana,Bishop,2021-01-20,2023-03-08,Production Technician I,Mitchell Woods,tiana.bishop@bilearner.com,EW,Active,Part-Time,Temporary,Retirement,Production       ,General - Eng,1942-03-22,MA,Male,Fully Meets,1773,2022-11-20,5,5,Leadership Development,Internal,Passed,Moorechester,817.45
Regina,Garcia,2019-09-14,2023-02-06,Production Technician I,Aaron Cochran,regina.garcia@bilearner.com,MSC,Active,Full-Time,Part-Time,Involuntary,Production       ,Field Operations,1989-09-24,MA,Female,Fully Meets,1774,2022-12-09,1,1,Customer Service,External,Failed,Johnhaven,643.22
Julie,Cochran,2018-10-06,2019-12-12,Production Technician I,Scott Smith,julie.cochran@bilearner.com,TNS,Active,Contract,Full-Time,Involuntary,Production       ,Engineers,1997-05-11,MA,Male,Fully Meets,1775,2023-05-10,4,2,Project Management,Internal,Failed,Port David,795.28
Yamilet,Pierce,2021-08-03,2022-11-01,Production Technician I,Lucas Rodriguez,yamilet.pierce@bilearner.com,PYZ,Active,Full-Time,Temporary,Retirement,Production       ,Project Management - Con,1955-03-11,MA,Male,Fully Meets,1776,2023-01-16,3,2,Project Management,Internal,Failed,South Madison,521.69
Amare,Hartman,2019-07-05,2021-05-26,Production Technician I,Brian Rogers,amare.hartman@bilearner.com,WBL,Active,Full-Time,Temporary,Involuntary,Production       ,Splicing,1962-04-25,MA,Female,Fully Meets,1777,2023-02-02,1,3,Customer Service,External,Incomplete,Greenehaven,157.78
Colton,Booker,2022-12-10,2023-02-11,Production Technician I,Jason Taylor,colton.booker@bilearner.com,BPC,Active,Contract,Temporary,Retirement,Production       ,Field Operations,1993-07-11,MA,Female,Fully Meets,1780,2023-06-03,2,3,Technical Skills,External,Passed,Brooksport,663.72
Braxton,House,2019-01-13,2023-07-02,Production Technician II,Kenneth Dean,braxton.house@bilearner.com,NEL,Voluntarily Terminated,Contract,Temporary,Retirement,Production       ,Field Operations,1950-10-08,MA,Female,Fully Meets,1782,2023-07-07,3,4,Communication Skills,Internal,Passed,Bullockton,560.35
Trystan,Ramos,2023-08-02,2023-08-02,Production Technician I,Mr. John Thomas,trystan.ramos@bilearner.com,WBL,Active,Part-Time,Temporary,Retirement,Production       ,General - Con,1971-03-30,MA,Female,Fully Meets,1784,2023-02-23,2,3,Communication Skills,External,Passed,East Jacob,242.18
Tara,Hoover,2022-03-31,2022-06-14,Production Technician I,Daniel Banks,tara.hoover@bilearner.com,PL,Active,Full-Time,Temporary,Resignation,Production       ,Field Operations,1979-11-10,MA,Male,Fully Meets,1786,2023-06-03,4,2,Communication Skills,External,Completed,South Heather,942.28
Layla,Gutierrez,2019-04-06,2020-08-15,Production Technician I,Edward Peterson,layla.gutierrez@bilearner.com,BPC,Active,Contract,Temporary,Voluntary,Production       ,Engineers,1956-07-10,MA,Male,Fully Meets,1787,2023-02-23,2,5,Project Management,Internal,Passed,South Michaelstad,756.7
Nick,Daniels,2022-12-02,2023-04-08,Production Technician I,Sara Smith,nick.daniels@bilearner.com,EW,Active,Part-Time,Part-Time,Resignation,Production       ,Aerial,1956-03-09,MA,Female,Fully Meets,1790,2022-10-11,4,5,Communication Skills,Internal,Incomplete,Sandersside,631.98
Marvin,Abbott,2021-03-06,2023-04-26,Production Technician I,Becky Cardenas,marvin.abbott@bilearner.com,MSC,Active,Contract,Temporary,Resignation,Production       ,Wireline Construction,1981-08-02,MA,Female,Fully Meets,1791,2022-09-18,4,5,Project Management,Internal,Failed,Ronniefurt,282.85
Linda,Barajas,2018-10-23,2022-12-02,Production Technician I,Victor Blair,linda.barajas@bilearner.com,BPC,Active,Full-Time,Temporary,Resignation,Production       ,Executive,1945-05-22,MA,Female,Fully Meets,1793,2022-09-04,1,1,Communication Skills,External,Passed,Hufffort,943.91
Antonio,Mccoy,2019-12-01,2020-06-08,Production Technician I,Shawn Howard,antonio.mccoy@bilearner.com,EW,Voluntarily Terminated,Full-Time,Part-Time,Involuntary,Production       ,Yard (Material Handling),1960-04-04,MA,Female,Fully Meets,1795,2023-06-10,5,1,Leadership Development,External,Passed,Anthonymouth,145.47
Emmett,Mercado,2021-06-07,2022-12-13,Production Technician I,Pamela Cruz,emmett.mercado@bilearner.com,MSC,Voluntarily Terminated,Contract,Full-Time,Involuntary,Production       ,Wireless,1976-06-26,MA,Female,Fully Meets,1796,2022-11-23,3,5,Customer Service,External,Failed,Genetown,727.51
Clara,Wheeler,2020-10-13,2022-11-09,Production Technician I,Jennifer Harrington,clara.wheeler@bilearner.com,NEL,Active,Full-Time,Full-Time,Voluntary,Production       ,General - Con,1987-09-18,MA,Female,Fully Meets,1797,2023-05-03,3,3,Project Management,External,Failed,North Johnview,581.43
Aliyah,Schmitt,2022-09-04,2023-05-30,Production Technician II,Alexandra Clark,aliyah.schmitt@bilearner.com,BPC,Voluntarily Terminated,Part-Time,Temporary,Involuntary,Production       ,Field Operations,1989-02-19,MA,Male,Fully Meets,1799,2023-04-28,2,5,Technical Skills,Internal,Passed,Port Gregory,338.36
Kyan,Morrison,2019-10-18,2021-04-19,Production Technician I,Bethany Wilkerson,kyan.morrison@bilearner.com,TNS,Active,Part-Time,Full-Time,Resignation,Production       ,Wireline Construction,1976-04-05,MA,Female,Fully Meets,1800,2023-02-03,4,3,Technical Skills,External,Failed,Masonborough,732.84
Rayan,Stephenson,2021-07-25,2023-01-23,Production Technician I,Brian Archer,rayan.stephenson@bilearner.com,PYZ,Active,Full-Time,Temporary,Involuntary,Production       ,General - Con,1989-08-06,MA,Female,Fully Meets,1801,2023-06-02,3,4,Technical Skills,External,Incomplete,West Matthew,753.69
Stephany,Neal,2019-11-11,2023-08-02,Production Technician I,William Cooper,stephany.neal@bilearner.com,NEL,Active,Full-Time,Full-Time,Resignation,Production       ,General - Eng,1982-05-11,MA,Female,Fully Meets,1803,2023-01-19,1,3,Leadership Development,External,Passed,Lake Benjamin,550.55
Trevon,Deleon,2021-12-05,2022-03-02,Production Technician I,Rebecca Pearson,trevon.deleon@bilearner.com,PL,Active,Part-Time,Temporary,Voluntary,Production       ,Field Operations,1957-07-20,MA,Male,Fully Meets,1804,2023-04-14,3,3,Customer Service,Internal,Failed,Lake Racheltown,767.49
Phoenix,Pitts,2018-12-17,2022-09-03,Production Technician I,Patricia Perry,phoenix.pitts@bilearner.com,BPC,Active,Contract,Temporary,Voluntary,Production       ,Aerial,1969-02-03,MA,Male,Fully Meets,1805,2023-07-09,3,3,Communication Skills,Internal,Incomplete,Burnsfort,222.88
Nathalia,Good,2022-12-19,2023-05-19,Production Technician I,John Jordan,nathalia.good@bilearner.com,MSC,Active,Contract,Part-Time,Involuntary,Production       ,Yard (Material Handling),1966-11-24,MA,Female,Fully Meets,1809,2023-04-07,5,2,Communication Skills,Internal,Incomplete,East Jenniferchester,488.94
Julia,Farmer,2021-10-01,2023-06-18,Production Technician I,William Hall III,julia.farmer@bilearner.com,WBL,Voluntarily Terminated,Contract,Full-Time,Involuntary,Production       ,General - Con,1978-04-29,MA,Female,Fully Meets,1812,2022-12-05,4,2,Leadership Development,Internal,Incomplete,West Craig,836.19
Zoey,Page,2019-05-06,2022-04-09,Production Technician II,William Newman,zoey.page@bilearner.com,PL,Active,Contract,Temporary,Resignation,Production       ,Aerial,1987-01-07,MA,Female,Fully Meets,1817,2023-02-28,3,1,Leadership Development,Internal,Completed,Cherylland,375.86
Abbigail,Blanchard,2021-05-09,2022-11-12,Production Technician I,Karen Pugh,abbigail.blanchard@bilearner.com,PL,Active,Contract,Full-Time,Voluntary,Production       ,Finance & Accounting,1960-11-25,MA,Male,Fully Meets,1823,2023-05-12,4,4,Leadership Development,Internal,Completed,Michelleland,977.99
Abby,Curtis,2020-01-09,2022-03-10,Production Technician I,Lori Mason,abby.curtis@bilearner.com,BPC,Active,Contract,Temporary,Voluntary,Production       ,Yard (Material Handling),1960-03-02,MA,Male,Fully Meets,1824,2023-03-15,3,1,Leadership Development,External,Completed,Katherineside,136.33
Giana,Moore,2021-05-16,2023-05-14,Production Technician I,Stephen Neal,giana.moore@bilearner.com,CCDR,Active,Contract,Part-Time,Voluntary,Production       ,Splicing,1996-12-05,MA,Male,Fully Meets,1825,2022-10-27,1,3,Technical Skills,External,Completed,North Robertside,946.67
Giada,Santos,2021-01-31,2022-06-03,Production Technician I,Robert Sanchez,giada.santos@bilearner.com,SVG,Active,Part-Time,Temporary,Resignation,Production       ,Aerial,1941-11-17,MA,Female,Exceeds,1826,2022-09-28,3,2,Technical Skills,External,Passed,New Melissa,485.39
Jessie,Church,2021-09-19,2022-09-14,Production Technician I,Glenda Williams,jessie.church@bilearner.com,EW,Active,Contract,Full-Time,Involuntary,Production       ,Field Operations,1982-05-21,MA,Female,Needs Improvement,1827,2022-09-25,1,3,Communication Skills,External,Incomplete,Weavermouth,962.02
Kaylah,Ramos,2020-03-01,2022-03-26,Production Technician I,Patrick Hall,kaylah.ramos@bilearner.com,MSC,Active,Part-Time,Temporary,Resignation,Production       ,Wireline Construction,1983-04-09,MA,Male,Exceeds,1828,2022-11-27,3,3,Technical Skills,External,Failed,Olsonborough,620.24
Emerson,Gallagher,2022-06-26,2023-06-15,Production Technician I,Daniel Mathis,emerson.gallagher@bilearner.com,WBL,Voluntarily Terminated,Part-Time,Temporary,Retirement,Production       ,Isp,1970-10-14,MA,Female,Needs Improvement,1831,2023-03-25,2,2,Project Management,Internal,Failed,East Jenna,756.42
Dereon,Huffman,2020-07-31,2021-04-05,Production Technician II,Joseph Diaz,dereon.huffman@bilearner.com,CCDR,Active,Contract,Full-Time,Resignation,Production       ,Project Management - Con,1978-09-13,MA,Female,Needs Improvement,1834,2022-12-08,4,5,Technical Skills,Internal,Incomplete,Port Alicemouth,845.82
Colin,Cherry,2021-09-10,2022-07-19,Production Technician II,Danielle Reyes,colin.cherry@bilearner.com,EW,Active,Part-Time,Temporary,Resignation,Production       ,Field Operations,1982-11-25,MA,Female,Needs Improvement,1835,2023-04-11,5,2,Communication Skills,Internal,Passed,New Aaron,727.9
Aydin,Perry,2021-08-17,2022-08-31,Production Technician I,Joshua Glenn,aydin.perry@bilearner.com,PYZ,Active,Full-Time,Part-Time,Voluntary,Production       ,People Services,1968-03-29,MA,Female,Exceeds,1839,2023-04-28,3,3,Leadership Development,External,Incomplete,West Nicole,645.16
Amanda,Lambert,2020-03-05,2021-08-22,Production Technician I,Matthew Ramirez,amanda.lambert@bilearner.com,SVG,Active,Part-Time,Temporary,Voluntary,Production       ,Aerial,1941-12-23,MA,Female,Needs Improvement,1845,2023-06-18,1,2,Customer Service,External,Passed,Natashaburgh,409.99
Maverick,Lang,2022-12-03,2022-12-24,Production Technician I,Lee Lucas,maverick.lang@bilearner.com,MSC,Active,Full-Time,Part-Time,Resignation,Production       ,Project Management - Con,2000-10-16,MA,Male,Needs Improvement,1847,2022-11-23,5,2,Leadership Development,External,Completed,Lake Jonathanville,777.95
Breanna,Cardenas,2019-12-15,2021-06-25,Production Technician I,Ashley Orozco,breanna.cardenas@bilearner.com,WBL,Voluntarily Terminated,Contract,Full-Time,Voluntary,Production       ,Aerial,1996-10-23,MA,Female,PIP,1850,2023-05-09,3,1,Communication Skills,Internal,Completed,Briannamouth,950.45
Tripp,Blake,2021-11-11,2022-08-01,Production Technician I,Angelica Vazquez,tripp.blake@bilearner.com,NEL,Voluntarily Terminated,Full-Time,Temporary,Retirement,Production       ,General - Con,1967-10-29,MA,Female,PIP,1851,2023-03-01,1,1,Communication Skills,External,Passed,Michaelview,997.13
Elaine,Moon,2019-02-15,2023-07-28,Production Technician I,Christopher Ponce,elaine.moon@bilearner.com,PL,Voluntarily Terminated,Full-Time,Part-Time,Voluntary,Production       ,General - Con,1981-10-18,MA,Female,PIP,1852,2023-05-02,3,4,Customer Service,Internal,Completed,Douglaschester,917.56
Leslie,Potts,2020-10-25,2022-04-18,Production Technician II,Joshua Evans,leslie.potts@bilearner.com,WBL,Active,Contract,Full-Time,Involuntary,Production       ,Shop (Fleet),1962-08-29,MA,Female,PIP,1854,2023-07-29,1,2,Technical Skills,External,Failed,Mcmahonview,837.64
Keith,Haas,2022-07-25,2023-04-26,Production Technician II,Lisa Hernandez,keith.haas@bilearner.com,NEL,Voluntarily Terminated,Part-Time,Part-Time,Retirement,Production       ,General - Con,1947-05-19,MA,Male,Exceeds,1855,2023-01-31,3,3,Technical Skills,External,Incomplete,South Matthewburgh,648.72
Erik,Graham,2021-11-13,2023-03-17,Production Technician II,David Garcia,erik.graham@bilearner.com,BPC,Voluntarily Terminated,Contract,Temporary,Involuntary,Production       ,Billable Consultants,1956-06-04,MA,Male,Exceeds,1857,2022-08-21,1,4,Project Management,External,Incomplete,Port Christopher,278.62
Lailah,Haney,2019-05-07,2019-11-27,Production Technician I,Ryan Baker,lailah.haney@bilearner.com,TNS,Active,Contract,Full-Time,Resignation,Production       ,Wireline Construction,1988-02-20,MA,Female,Exceeds,1858,2022-10-26,2,4,Technical Skills,External,Failed,South Sonyahaven,568.57
Mohamed,Gay,2020-12-31,2021-03-04,Production Technician I,Tammy Poole,mohamed.gay@bilearner.com,PYZ,Active,Contract,Part-Time,Voluntary,Production       ,Field Operations,1982-12-14,MA,Female,Exceeds,1859,2023-02-17,4,2,Technical Skills,Internal,Completed,Austinstad,764.64
Frankie,Banks,2019-12-10,2020-03-07,Production Technician I,Jenna Perry,frankie.banks@bilearner.com,WBL,Voluntarily Terminated,Part-Time,Full-Time,Involuntary,Production       ,Project Management - Con,2000-06-09,MA,Female,Exceeds,1860,2023-03-21,1,4,Project Management,External,Passed,East Davidbury,551.45
Amari,Bowen,2019-11-04,2021-12-29,Production Technician I,Jennifer Boone,amari.bowen@bilearner.com,BPC,Active,Part-Time,Full-Time,Involuntary,Production       ,Engineers,1987-09-18,MA,Female,Exceeds,1863,2023-07-04,5,2,Communication Skills,Internal,Passed,East Richard,559.52
Prince,Dickerson,2023-06-03,2023-07-18,Production Technician I,Karen Smith,prince.dickerson@bilearner.com,CCDR,Active,Full-Time,Temporary,Resignation,Production       ,Field Operations,1972-05-26,MA,Female,Exceeds,1864,2022-12-10,3,2,Project Management,Internal,Completed,South Waltershire,850.57
Mauricio,Buchanan,2021-01-09,2021-08-17,Production Technician I,Natalie Roman,mauricio.buchanan@bilearner.com,MSC,Active,Full-Time,Temporary,Involuntary,Production       ,Engineers,1942-11-01,MA,Male,Needs Improvement,1867,2023-05-08,1,5,Project Management,External,Passed,Jonesberg,114.45
Briana,Wang,2022-03-22,2023-05-15,Production Technician I,Anthony Diaz,briana.wang@bilearner.com,TNS,Active,Part-Time,Full-Time,Resignation,Production       ,Field Operations,2000-11-28,MA,Male,Needs Improvement,1868,2023-02-26,5,3,Leadership Development,Internal,Completed,West Dylan,599.79
Reyna,Good,2022-12-05,2023-06-18,Production Technician I,Andrew Ball,reyna.good@bilearner.com,PL,Active,Full-Time,Temporary,Retirement,Production       ,Field Operations,1972-12-21,MA,Female,Fully Meets,1872,2023-04-17,1,2,Leadership Development,Internal,Incomplete,Walterborough,299.55
Nathalie,Rivera,2019-07-20,2019-08-28,Production Technician II,Christine Larson,nathalie.rivera@bilearner.com,BPC,Active,Contract,Temporary,Involuntary,Production       ,Engineers,1960-01-23,MA,Female,Fully Meets,1873,2022-08-14,5,2,Technical Skills,External,Incomplete,New Kevinfort,373.67
Taylor,Mann,2021-01-04,2023-03-04,Production Technician II,Patricia Robbins,taylor.mann@bilearner.com,EW,Voluntarily Terminated,Full-Time,Full-Time,Involuntary,Production       ,General - Con,1953-08-01,MA,Male,Fully Meets,1875,2023-08-05,3,1,Project Management,Internal,Failed,Vasquezchester,105.61
Rylee,Stevenson,2022-10-14,2023-03-02,Production Technician II,Terry Stevens,rylee.stevenson@bilearner.com,MSC,Leave of Absence,Full-Time,Part-Time,Resignation,Production       ,Field Operations,1943-10-21,MA,Female,Fully Meets,1876,2023-01-09,4,2,Leadership Development,Internal,Completed,North Rebeccamouth,445.28
Kobe,Crosby,2022-10-02,2023-06-28,Production Technician I,Elizabeth Miller,kobe.crosby@bilearner.com,WBL,Active,Part-Time,Part-Time,Voluntary,Production       ,Splicing,2001-06-17,MA,Female,Fully Meets,1878,2023-01-13,5,3,Technical Skills,External,Passed,Lake Cameronburgh,932.44
Carmen,Davidson,2018-11-25,2020-06-14,Production Technician I,David Vasquez,carmen.davidson@bilearner.com,BPC,Voluntarily Terminated,Part-Time,Temporary,Involuntary,Production       ,Engineers,1965-10-30,MA,Female,Fully Meets,1879,2023-08-05,2,3,Leadership Development,Internal,Passed,Port Emilyhaven,227.51
Sidney,Moran,2021-07-09,2023-01-28,Production Technician I,Alexandra Rice,sidney.moran@bilearner.com,CCDR,Voluntarily Terminated,Full-Time,Full-Time,Voluntary,Production       ,Project Management - Con,1966-01-07,MA,Female,Fully Meets,1880,2023-04-13,5,1,Customer Service,Internal,Incomplete,Smithfurt,785.05
Baron,Luna,2021-11-09,2023-01-13,Production Technician I,Christina Burgess,baron.luna@bilearner.com,MSC,Active,Full-Time,Part-Time,Retirement,Production       ,Fielders,1945-02-06,MA,Female,Fully Meets,1882,2023-07-07,1,4,Leadership Development,Internal,Incomplete,West Charles,206.16
Giselle,Butler,2018-08-27,2019-03-23,Production Technician I,Regina Goodwin,giselle.butler@bilearner.com,NEL,Active,Full-Time,Temporary,Voluntary,Production       ,Project Management - Con,1967-07-03,MA,Female,Fully Meets,1883,2022-10-09,3,4,Customer Service,Internal,Failed,Leviville,483.43
Ahmed,Montgomery,2022-10-04,2023-03-05,Production Technician I,Daniel Guerra,ahmed.montgomery@bilearner.com,SVG,Active,Contract,Temporary,Involuntary,Production       ,Executive,1984-12-06,MA,Male,Fully Meets,1886,2023-01-18,3,2,Customer Service,External,Completed,West Jack,349.8
Darian,Wall,2020-05-05,2023-07-25,Production Technician I,Veronica Murphy,darian.wall@bilearner.com,WBL,Active,Full-Time,Temporary,Voluntary,Production       ,Engineers,1947-12-26,MA,Female,Fully Meets,1888,2023-07-23,1,5,Technical Skills,External,Completed,East Kim,961.68
Shaun,Velazquez,2019-06-05,2020-10-20,Production Technician I,Benjamin Lang,shaun.velazquez@bilearner.com,MSC,Active,Full-Time,Temporary,Voluntary,Production       ,Field Operations,1997-01-14,MA,Female,Fully Meets,1898,2023-07-18,4,5,Project Management,Internal,Completed,Kingview,673.38
Kolton,Duarte,2020-12-12,2023-05-28,Production Technician I,Ashley Cannon,kolton.duarte@bilearner.com,TNS,Active,Contract,Full-Time,Retirement,Production       ,Field Operations,1982-09-06,MA,Female,Fully Meets,1899,2023-06-28,2,4,Leadership Development,Internal,Incomplete,Port Jenniferside,724.87
Sarahi,Raymond,2020-09-08,2022-09-19,Production Technician I,Samantha Hester,sarahi.raymond@bilearner.com,NEL,Active,Full-Time,Temporary,Retirement,Production       ,Engineers,1952-02-11,MA,Male,Fully Meets,1902,2023-07-27,2,5,Customer Service,External,Incomplete,Jasonborough,604.93
Taylor,Wiggins,2020-12-14,2021-12-07,Production Technician I,Roger Lynch,taylor.wiggins@bilearner.com,PL,Active,Part-Time,Part-Time,Resignation,Production       ,Field Operations,1960-04-11,MA,Female,Fully Meets,1903,2022-12-17,5,5,Project Management,External,Completed,Wintersmouth,699.97
Kael,Fisher,2021-01-24,2022-01-27,Production Technician I,Angela Bailey,kael.fisher@bilearner.com,WBL,Voluntarily Terminated,Part-Time,Temporary,Resignation,Production       ,Wireline Construction,1991-06-12,MA,Female,Fully Meets,1911,2023-04-08,3,4,Communication Skills,External,Passed,Trevorchester,333.08
Erica,French,2020-03-06,2021-03-06,Production Technician II,Brett Sims,erica.french@bilearner.com,TNS,Active,Part-Time,Temporary,Retirement,Production       ,Engineers,1987-10-16,MA,Female,Fully Meets,1912,2023-04-02,2,5,Leadership Development,External,Completed,Yangland,718.38
Damaris,Oneal,2022-11-19,2023-02-15,Production Technician II,Natalie Johnson,damaris.oneal@bilearner.com,PYZ,Voluntarily Terminated,Full-Time,Full-Time,Involuntary,Production       ,General - Con,1972-07-26,MA,Male,Fully Meets,1913,2023-01-21,5,4,Project Management,External,Failed,Brianland,195.29
Rebecca,Craig,2019-03-15,2019-10-02,Production Technician II,Deanna Freeman,rebecca.craig@bilearner.com,WBL,Voluntarily Terminated,Part-Time,Full-Time,Resignation,Production       ,Engineers,1981-04-04,MA,Female,Fully Meets,1914,2023-02-23,4,4,Leadership Development,External,Passed,Mckeemouth,113.43
Carley,Waters,2023-05-11,2023-07-05,Production Technician II,Mary Todd,carley.waters@bilearner.com,NEL,Leave of Absence,Part-Time,Temporary,Voluntary,Production       ,General - Con,1946-07-23,MA,Female,Fully Meets,1915,2023-07-11,2,3,Customer Service,External,Incomplete,Wilsonbury,651.23
Kadyn,Harrison,2022-02-05,2023-02-07,Production Technician II,Kevin Perkins,kadyn.harrison@bilearner.com,PL,Leave of Absence,Full-Time,Full-Time,Involuntary,Production       ,General - Con,1963-09-25,MA,Male,Fully Meets,1916,2022-12-25,3,4,Technical Skills,Internal,Incomplete,Allisonton,331.66
Callum,Blair,2023-01-09,2023-03-14,Production Technician I,Kayla Shelton,callum.blair@bilearner.com,MSC,Active,Contract,Temporary,Involuntary,Production       ,Field Operations,1990-09-12,MA,Female,Fully Meets,1918,2022-10-01,3,5,Communication Skills,Internal,Incomplete,South Thomas,226.7
Emilie,Donaldson,2022-05-01,2022-11-21,Production Technician I,Dylan Foster,emilie.donaldson@bilearner.com,TNS,Voluntarily Terminated,Contract,Full-Time,Involuntary,Production       ,Shop (Fleet),1990-08-15,MA,Female,Fully Meets,1919,2023-05-22,2,3,Leadership Development,External,Failed,Wellsland,583.76
Darius,Duke,2021-01-26,2021-08-06,Production Technician I,Mary Morgan,darius.duke@bilearner.com,PYZ,Voluntarily Terminated,Full-Time,Full-Time,Retirement,Production       ,Field Operations,1948-08-03,MA,Female,Fully Meets,1920,2022-09-23,2,5,Customer Service,Internal,Failed,West Chadview,646.65
Kenya,Decker,2021-09-06,2023-07-02,Production Technician I,Danny Howard,kenya.decker@bilearner.com,WBL,Active,Contract,Full-Time,Voluntary,Production       ,Engineers,1994-07-27,MA,Male,Fully Meets,1921,2023-02-01,3,2,Technical Skills,External,Incomplete,West Dawn,813.17
Giana,Roach,2023-03-31,2023-04-30,Production Technician I,John Adams,giana.roach@bilearner.com,PL,Active,Full-Time,Full-Time,Involuntary,Production       ,People Services,1966-11-05,MA,Female,Fully Meets,1923,2023-07-29,3,4,Project Management,External,Failed,Dianeview,868.74
Teagan,Swanson,2023-05-16,2023-05-29,Production Technician I,Derek Thompson,teagan.swanson@bilearner.com,BPC,Active,Part-Time,Full-Time,Voluntary,Production       ,Field Operations,1994-11-29,MA,Female,Fully Meets,1924,2022-09-05,3,5,Customer Service,External,Failed,Port Hannahshire,250.41
Jerome,Fischer,2023-04-29,2023-07-07,Production Technician I,Jason Kelly,jerome.fischer@bilearner.com,CCDR,Active,Contract,Full-Time,Voluntary,Production       ,Splicing,1980-02-13,MA,Male,Fully Meets,1925,2023-04-21,1,5,Communication Skills,Internal,Completed,Karenshire,882.06
Turner,Bradley,2022-11-03,2023-04-02,Production Technician I,Jeffrey Peters,turner.bradley@bilearner.com,EW,Active,Full-Time,Full-Time,Involuntary,Production       ,Field Operations,1976-04-06,MA,Male,Fully Meets,1927,2022-12-13,3,2,Leadership Development,External,Completed,Michaelmouth,571.81
John,Smith,2019-12-24,2022-06-12,Sales Manager,Emily Gaines,john.smith@bilearner.com,BPC,Active,Full-Time,Temporary,Voluntary,Sales,General - Sga,1977-08-16,MA,Male,Fully Meets,1932,2023-01-17,5,5,Customer Service,Internal,Failed,Georgemouth,754.08
Donysha,Kampew,2019-06-25,2020-10-04,Sales Manager,Steve Grant,donysha.kampew@bilearner.com,WBL,Voluntarily Terminated,Contract,Full-Time,Voluntary,Sales,General - Eng,1991-09-29,PA,Female,Fully Meets,1934,2022-08-25,2,5,Leadership Development,External,Incomplete,Suzannemouth,993.7
Maryjane,Choi,2022-03-30,2023-01-30,Production Technician II,Kayla Peterson,maryjane.choi@bilearner.com,CCDR,Voluntarily Terminated,Full-Time,Temporary,Involuntary,Sales,Engineers,1957-03-25,PA,Female,Fully Meets,1937,2022-08-11,4,5,Leadership Development,External,Completed,Chapmanstad,774.74
Jett,Kent,2019-07-30,2022-11-09,Production Technician II,William Thompson,jett.kent@bilearner.com,TNS,Voluntarily Terminated,Part-Time,Part-Time,Retirement,Sales,Wireline Construction,1964-02-11,MA,Female,Fully Meets,1942,2022-11-08,2,4,Customer Service,Internal,Completed,West Stephanieton,250.51
Zander,Aguilar,2022-05-08,2022-11-17,Production Technician II,Timothy Wheeler,zander.aguilar@bilearner.com,PYZ,Voluntarily Terminated,Contract,Part-Time,Retirement,Sales,Shop (Fleet),1956-03-23,PA,Female,Fully Meets,1943,2022-09-22,5,5,Technical Skills,Internal,Passed,Bassborough,453.4
Jaxson,Brady,2019-03-28,2022-12-10,Sales Manager,Christopher Murray DDS,jaxson.brady@bilearner.com,TNS,Voluntarily Terminated,Full-Time,Temporary,Resignation,Sales,Engineers,1977-02-17,MA,Female,Fully Meets,1945,2023-02-10,1,3,Customer Service,External,Passed,Rachelbury,341.94
Skyla,Lambert,2022-07-02,2022-08-09,Production Technician II,Teresa Williamson,skyla.lambert@bilearner.com,TNS,Voluntarily Terminated,Part-Time,Temporary,Retirement,Sales,Splicing,1963-12-08,PA,Female,Fully Meets,1948,2023-03-16,2,1,Project Management,External,Failed,Port Patrickport,884.26
Lilliana,Walker,2023-07-21,2023-07-21,Production Technician II,Stephanie Anderson,lilliana.walker@bilearner.com,TNS,Voluntarily Terminated,Contract,Temporary,Involuntary,Production       ,Splicing,1958-03-24,PA,Female,Fully Meets,1950,2022-09-17,3,2,Project Management,External,Passed,Michaelchester,801.28
Lindsay,Copeland,2020-08-26,2021-05-30,Sales Manager,Jeffery Snyder,lindsay.copeland@bilearner.com,SVG,Voluntarily Terminated,Full-Time,Temporary,Voluntary,Sales,Aerial,1960-10-09,MA,Female,Fully Meets,1951,2023-04-20,4,1,Leadership Development,Internal,Incomplete,Veronicatown,717.95
Barbara,Sutwell,2023-04-06,2023-05-24,Production Technician I,Jeffrey Murphy,barbara.sutwell@bilearner.com,PL,Active,Full-Time,Full-Time,Retirement,Production       ,Finance & Accounting,1976-02-20,MA,Female,Fully Meets,1953,2023-04-07,4,5,Leadership Development,External,Passed,West Kelli,275.62
Lenora,Tejeda,2019-02-18,2022-10-31,Production Technician II,Heather Riley,lenora.tejeda@bilearner.com,SVG,Voluntarily Terminated,Part-Time,Temporary,Voluntary,Production       ,Finance & Accounting,1968-07-22,MA,Female,Fully Meets,1954,2023-03-16,1,1,Customer Service,External,Passed,Lake Cindy,837.05
Melisa,Gerke,2019-05-13,2022-05-30,Production Technician I,Jimmy Cox,melisa.gerke@bilearner.com,TNS,Voluntarily Terminated,Part-Time,Full-Time,Retirement,Production       ,Field Operations,1975-02-15,MA,Female,Fully Meets,1957,2023-03-17,5,2,Customer Service,External,Failed,North Meganstad,744.55
Kamrin,Sander,2022-04-01,2022-04-28,Production Technician I,Kirsten Patel,kamrin.sander@bilearner.com,CCDR,Active,Part-Time,Temporary,Voluntary,Production       ,Project Management - Con,1989-08-02,MA,Female,Fully Meets,1959,2023-01-04,5,3,Project Management,External,Completed,Lake Travisfort,883.34
Nina,Panjwani,2018-10-11,2022-05-04,Production Technician I,Matthew Hawkins,nina.panjwani@bilearner.com,TNS,Voluntarily Terminated,Part-Time,Full-Time,Voluntary,Production       ,General - Eng,1945-07-17,MA,Female,Fully Meets,1961,2022-12-21,2,3,Customer Service,External,Failed,Juliehaven,767.22
Megan,Faller,2023-06-25,2023-07-25,Production Technician II,Susan Gilbert,megan.faller@bilearner.com,CCDR,Active,Contract,Part-Time,Involuntary,Production       ,General - Con,1951-02-18,MA,Female,Fully Meets,1962,2022-09-05,2,4,Leadership Development,External,Completed,Stephanietown,555.6
Judy,Jung,2020-09-14,2021-08-31,Production Technician I,Tiffany Baker,judy.jung@bilearner.com,CCDR,Voluntarily Terminated,Contract,Full-Time,Resignation,Production       ,General - Con,1972-05-08,MA,Female,Fully Meets,1963,2022-08-23,2,5,Technical Skills,Internal,Incomplete,Danielhaven,316.03
April,Evensen,2022-12-20,2023-03-11,Production Technician I,Ashley Wagner,april.evensen@bilearner.com,EW,Terminated for Cause,Part-Time,Part-Time,Voluntary,Production       ,Executive,1969-03-27,MA,Female,Fully Meets,1964,2022-11-21,5,5,Customer Service,Internal,Failed,East Tina,540.96
Allison,Lydon,2021-01-17,2021-06-08,Production Technician I,Derek Vargas,allison.lydon@bilearner.com,MSC,Leave of Absence,Full-Time,Part-Time,Retirement,Production       ,General - Con,1975-02-10,MA,Female,Fully Meets,1969,2023-04-20,4,3,Communication Skills,Internal,Incomplete,North Ericside,967.94
Trina,Alagbe,2022-04-21,2022-04-21,Production Technician I,Mark Bradley,trina.alagbe@bilearner.com,PYZ,Active,Part-Time,Temporary,Retirement,Production       ,Field Operations,1952-04-17,MA,Female,Fully Meets,1970,2023-03-06,5,4,Leadership Development,External,Failed,Douglasland,398.23
Betsy,Bondwell,2018-09-15,2023-07-14,Production Technician II,Christopher Rodriguez,betsy.bondwell@bilearner.com,MSC,Voluntarily Terminated,Part-Time,Full-Time,Voluntary,Production       ,General - Con,1994-02-10,MA,Female,Fully Meets,1971,2023-05-27,3,2,Leadership Development,External,Incomplete,West Sandratown,331.8
Joe,Smith,2021-12-04,2022-01-07,Production Technician II,Caroline Little,joe.smith@bilearner.com,EW,Active,Contract,Temporary,Involuntary,Production       ,Field Operations,1996-01-23,MA,Male,Fully Meets,1972,2023-03-15,2,2,Leadership Development,External,Incomplete,Powellside,349.48
Paxton,Clarke,2022-12-26,2023-07-04,Production Technician I,Ashley Williams,paxton.clarke@bilearner.com,MSC,Voluntarily Terminated,Contract,Full-Time,Voluntary,Production       ,Field Operations,1952-09-22,MA,Female,Fully Meets,1977,2023-03-18,2,5,Leadership Development,Internal,Incomplete,Port Austin,781.27
Lillian,Hines,2021-10-05,2023-07-02,Production Technician I,James Foster,lillian.hines@bilearner.com,TNS,Voluntarily Terminated,Full-Time,Part-Time,Voluntary,Production       ,Finance & Accounting,1976-12-22,MA,Female,Fully Meets,1978,2023-06-08,3,5,Leadership Development,Internal,Failed,Jerryborough,983.61
Liam,Snow,2022-09-25,2023-03-27,Production Technician I,Christopher Sanford,liam.snow@bilearner.com,PYZ,Active,Part-Time,Temporary,Voluntary,Production       ,Engineers,1972-03-25,MA,Female,Fully Meets,1979,2023-07-17,1,4,Communication Skills,Internal,Failed,Torresmouth,656.46
Ayanna,Short,2021-04-08,2023-07-16,Production Technician I,Amanda Mills,ayanna.short@bilearner.com,NEL,Active,Contract,Temporary,Involuntary,Production       ,General - Con,1993-11-14,MA,Male,Fully Meets,1981,2023-03-23,5,4,Leadership Development,Internal,Passed,Harmonmouth,676.42
Ricardo,Bruce,2020-03-14,2022-10-22,Production Technician I,Daniel Huff,ricardo.bruce@bilearner.com,BPC,Active,Part-Time,Full-Time,Resignation,Production       ,General - Con,1956-11-26,MA,Female,Fully Meets,1983,2022-08-16,2,5,Customer Service,Internal,Failed,East William,769.23
Braxton,Rojas,2023-03-19,2023-04-04,Production Technician I,Hunter Cervantes,braxton.rojas@bilearner.com,SVG,Active,Contract,Temporary,Resignation,Production       ,General - Con,1963-11-09,MA,Female,Fully Meets,1985,2023-03-04,5,5,Communication Skills,Internal,Incomplete,Sheltonborough,474.95
Juliana,Dyer,2018-11-23,2019-08-19,Production Technician I,Lisa Jones,juliana.dyer@bilearner.com,TNS,Active,Contract,Temporary,Retirement,Production       ,Field Operations,1989-10-26,MA,Female,Fully Meets,1988,2023-02-10,1,3,Project Management,External,Completed,Andersonchester,903.8
Adriana,Weber,2020-05-16,2022-05-18,Production Technician II,Jacqueline Jackson,adriana.weber@bilearner.com,BPC,Active,Full-Time,Temporary,Resignation,Production       ,Field Operations,1947-09-18,MA,Female,Fully Meets,1990,2022-08-31,3,1,Leadership Development,Internal,Incomplete,Mccarthyhaven,332.51
Lola,Hensley,2019-06-18,2023-07-05,Production Technician II,Kimberly Fox,lola.hensley@bilearner.com,CCDR,Active,Contract,Temporary,Involuntary,Production       ,General - Con,1949-01-01,MA,Female,Fully Meets,1991,2023-01-26,2,1,Technical Skills,External,Failed,Allenhaven,643.63
Shamar,Delgado,2019-05-20,2021-03-30,Production Technician II,Melissa Welch,shamar.delgado@bilearner.com,SVG,Active,Contract,Part-Time,Involuntary,Production       ,General - Con,1950-02-25,MA,Female,Fully Meets,1992,2023-02-06,4,3,Communication Skills,Internal,Failed,North Samuelview,827.05
Emmanuel,Huang,2020-10-16,2021-02-12,Production Technician II,James Ferguson,emmanuel.huang@bilearner.com,EW,Active,Full-Time,Full-Time,Voluntary,Production       ,Field Operations,1972-07-21,MA,Female,Fully Meets,1993,2022-12-10,5,2,Customer Service,External,Failed,North Andrew,995.42
Brenna,Decker,2022-07-01,2022-11-03,Production Technician II,Michael Pope,brenna.decker@bilearner.com,MSC,Active,Full-Time,Full-Time,Voluntary,Production       ,General - Con,1988-12-29,MA,Female,Fully Meets,1994,2022-10-04,5,5,Technical Skills,External,Passed,Martinchester,360.61
Gaige,Marsh,2021-10-24,2021-11-21,Production Technician II,Carrie Davidson,gaige.marsh@bilearner.com,PYZ,Active,Part-Time,Temporary,Resignation,Production       ,Aerial,1992-07-10,MA,Female,Fully Meets,1996,2023-08-01,3,5,Communication Skills,Internal,Failed,Coxshire,250.11
Karli,Ross,2019-02-28,2019-10-11,Production Technician II,Ricky Stephens,karli.ross@bilearner.com,WBL,Active,Part-Time,Full-Time,Retirement,Production       ,Wireline Construction,1990-06-09,MA,Female,Fully Meets,1997,2023-02-16,3,3,Project Management,Internal,Failed,East Karenberg,819.65
Kayla,Gibbs,2021-10-17,2022-11-12,Production Technician II,Leslie Hernandez,kayla.gibbs@bilearner.com,PL,Active,Contract,Temporary,Involuntary,Production       ,Field Operations,1943-06-22,MA,Female,Fully Meets,1999,2023-07-12,3,2,Technical Skills,External,Passed,Lewisland,633.67
Jocelyn,Jackson,2022-05-13,2022-09-12,Production Technician I,Judith Ryan,jocelyn.jackson@bilearner.com,PYZ,Active,Full-Time,Part-Time,Involuntary,Production       ,General - Con,1963-07-07,MA,Female,Fully Meets,2000,2022-10-25,1,3,Technical Skills,Internal,Incomplete,East Erin,236.34
Gilbert,Newman,2019-10-09,2023-01-06,Production Technician I,Kimberly Meyer,gilbert.newman@bilearner.com,SVG,Voluntarily Terminated,Contract,Full-Time,Resignation,Production       ,Yard (Material Handling),1977-08-17,MA,Female,Fully Meets,2001,2023-02-09,5,3,Leadership Development,Internal,Incomplete,Port Valerie,504.62
Roberto,Rosales,2018-10-12,2023-07-21,Production Technician I,Amanda Garcia,roberto.rosales@bilearner.com,TNS,Voluntarily Terminated,Contract,Temporary,Involuntary,Production       ,General - Con,1990-05-25,MA,Female,Fully Meets,2002,2023-03-11,1,4,Project Management,External,Incomplete,Whitebury,217.86
Justice,Rhodes,2020-04-13,2022-11-28,Production Technician I,Kathleen Hayes,justice.rhodes@bilearner.com,WBL,Voluntarily Terminated,Contract,Part-Time,Voluntary,Production       ,Shop (Fleet),1985-07-01,MA,Female,Fully Meets,2003,2023-06-19,5,5,Technical Skills,External,Completed,Perezview,148.97
Laci,Baird,2018-12-21,2022-11-16,Production Technician I,Glenn Rollins,laci.baird@bilearner.com,WBL,Active,Part-Time,Part-Time,Retirement,Production       ,Splicing,1947-03-09,MA,Female,Fully Meets,2005,2022-11-04,2,1,Leadership Development,Internal,Completed,West Danielton,458.78
Kaila,Johnston,2019-07-15,2020-01-13,Production Technician I,Michelle Taylor,kaila.johnston@bilearner.com,BPC,Active,Part-Time,Temporary,Voluntary,Production       ,Field Operations,1941-09-03,MA,Female,Fully Meets,2008,2023-03-17,1,2,Project Management,External,Passed,Thomasland,478.95
Araceli,Mcguire,2023-02-04,2023-06-24,Production Technician I,Eric Vincent,araceli.mcguire@bilearner.com,SVG,Active,Part-Time,Part-Time,Resignation,Production       ,Catv,1949-03-07,MA,Female,Fully Meets,2010,2023-02-17,4,4,Communication Skills,Internal,Passed,Andrewview,601.66
Naomi,Hardin,2022-07-03,2022-07-12,Production Technician I,Nichole Jordan,naomi.hardin@bilearner.com,EW,Active,Contract,Temporary,Retirement,Production       ,Finance & Accounting,1994-08-06,MA,Female,Fully Meets,2011,2023-01-27,3,2,Leadership Development,Internal,Completed,Lake Jeffreyberg,999.96
Darnell,Eaton,2020-01-24,2022-09-14,Production Technician I,Jason Kennedy,darnell.eaton@bilearner.com,MSC,Active,Contract,Full-Time,Voluntary,Production       ,General - Sga,1984-06-06,MA,Female,Fully Meets,2012,2023-07-26,2,3,Communication Skills,External,Incomplete,New Karenberg,138.67
Zariah,Ritter,2019-07-07,2021-03-27,Production Technician I,Crystal Johnson,zariah.ritter@bilearner.com,TNS,Active,Contract,Temporary,Voluntary,Production       ,General - Con,1952-04-08,MA,Female,Fully Meets,2013,2023-03-07,4,5,Leadership Development,External,Failed,East Sabrinachester,962.76
Anya,Morton,2022-03-09,2023-05-18,Production Technician II,Kimberly Roth,anya.morton@bilearner.com,PYZ,Active,Contract,Temporary,Retirement,Production       ,Yard (Material Handling),1986-01-27,MA,Female,Fully Meets,2018,2022-10-31,5,2,Customer Service,External,Incomplete,Lake Robertfort,739.74
Angelique,Mathis,2021-05-08,2022-08-05,Production Technician II,Allison Fox,angelique.mathis@bilearner.com,TNS,Active,Part-Time,Full-Time,Involuntary,Production       ,Wireline Construction,1946-02-14,MA,Female,Fully Meets,2020,2022-11-28,2,1,Leadership Development,Internal,Failed,West Kayla,428.51
Sophie,Moran,2022-01-29,2022-04-23,Production Technician II,Sara Chapman,sophie.moran@bilearner.com,CCDR,Active,Part-Time,Part-Time,Retirement,Production       ,General - Con,1962-08-04,MA,Female,Fully Meets,2023,2022-10-10,3,4,Communication Skills,External,Incomplete,Rosefort,894.92
Yair,Snyder,2021-07-06,2022-03-14,Production Technician II,Troy Price,yair.snyder@bilearner.com,EW,Active,Full-Time,Full-Time,Retirement,Production       ,Field Operations,1991-03-25,MA,Female,Fully Meets,2024,2022-10-25,2,1,Communication Skills,External,Failed,North Danielview,222.56
Shamar,Herman,2021-01-29,2023-02-12,Production Technician II,Jason Johnson,shamar.herman@bilearner.com,MSC,Active,Part-Time,Temporary,Resignation,Production       ,Field Operations,1975-04-11,MA,Female,Fully Meets,2025,2023-05-02,1,2,Technical Skills,Internal,Passed,West Cherylview,699.76
Ishaan,Schaefer,2023-05-13,2023-06-10,Production Technician I,James White,ishaan.schaefer@bilearner.com,SVG,Active,Contract,Full-Time,Resignation,Production       ,Field Operations,1970-02-26,MA,Female,Fully Meets,2026,2023-03-22,2,4,Project Management,External,Incomplete,East Cole,124.93
Linda,Combs,2021-09-30,2021-11-14,Production Technician I,Paul Wilcox,linda.combs@bilearner.com,MSC,Voluntarily Terminated,Full-Time,Temporary,Retirement,Production       ,Field Operations,1981-05-02,MA,Female,Fully Meets,2028,2022-10-01,4,4,Project Management,External,Passed,North Barbaraberg,862.82
Yuliana,Nelson,2019-04-26,2019-05-13,Production Technician I,Nicole Rodriguez,yuliana.nelson@bilearner.com,PYZ,Active,Full-Time,Full-Time,Resignation,Production       ,Wireline Construction,1982-08-13,MA,Female,Fully Meets,2030,2023-04-07,4,1,Communication Skills,External,Incomplete,West Vincent,349.75
August,Wiley,2022-02-19,2023-04-05,Production Technician I,Mary Clark,august.wiley@bilearner.com,WBL,Active,Full-Time,Full-Time,Involuntary,Production       ,Project Management - Con,1977-06-16,MA,Male,Fully Meets,2031,2023-02-09,1,3,Technical Skills,External,Failed,Campbellhaven,244.5
Lindsay,Pennington,2022-04-16,2022-12-25,Production Technician I,Daniel Stafford,lindsay.pennington@bilearner.com,NEL,Active,Contract,Part-Time,Retirement,Production       ,Field Operations,1996-11-05,MA,Male,Fully Meets,2032,2023-07-02,5,2,Customer Service,Internal,Completed,Erikmouth,873.52
Jaliyah,Conway,2021-08-26,2023-08-03,Production Technician I,Randall Hill,jaliyah.conway@bilearner.com,BPC,Active,Full-Time,Part-Time,Voluntary,Production       ,Field Operations,1947-01-19,MA,Female,Fully Meets,2034,2023-01-30,2,4,Technical Skills,Internal,Passed,Crystalchester,632.33
Raymond,Gillespie,2020-06-06,2021-11-23,Production Technician I,Alicia Horton,raymond.gillespie@bilearner.com,CCDR,Active,Full-Time,Full-Time,Retirement,Production       ,Aerial,2001-03-14,MA,Female,Fully Meets,2035,2023-01-11,4,2,Customer Service,External,Failed,Kristenland,565.81
Ian,Hester,2021-01-09,2022-05-14,Production Technician I,Keith Morrison,ian.hester@bilearner.com,EW,Active,Contract,Full-Time,Involuntary,Production       ,General - Con,1945-08-27,MA,Female,Fully Meets,2037,2023-01-28,2,5,Leadership Development,Internal,Failed,Rachelfort,519.43
Brynlee,Crawford,2021-12-05,2023-06-26,Production Technician II,Eric Walton,brynlee.crawford@bilearner.com,NEL,Future Start,Contract,Temporary,Involuntary,Production       ,General - Con,1949-12-04,MA,Female,Fully Meets,2040,2023-04-23,1,2,Communication Skills,Internal,Passed,Port Glenn,753.51
Meadow,Atkins,2022-01-11,2022-12-16,Production Technician II,Lisa Smith,meadow.atkins@bilearner.com,NEL,Active,Full-Time,Full-Time,Retirement,Production       ,Wireless,1953-02-03,MA,Female,Fully Meets,2050,2023-04-03,5,4,Communication Skills,Internal,Completed,Jasonbury,904.54
Blaine,Contreras,2020-06-10,2022-11-13,Production Technician I,Dr. Donald Henry,blaine.contreras@bilearner.com,SVG,Active,Part-Time,Part-Time,Involuntary,Production       ,Field Operations,1956-05-12,MA,Female,Fully Meets,2052,2023-07-06,1,4,Project Management,Internal,Completed,South William,507.49
Erika,Mata,2018-10-25,2021-10-15,Production Technician I,Shawn Acosta,erika.mata@bilearner.com,MSC,Active,Contract,Temporary,Voluntary,Production       ,Project Management - Con,1993-12-30,MA,Female,Fully Meets,2054,2023-02-04,4,5,Leadership Development,Internal,Incomplete,Lake Carolinemouth,528.18
Kelly,Ellis,2020-04-17,2022-02-26,Production Technician I,Abigail Cooper,kelly.ellis@bilearner.com,PYZ,Active,Contract,Full-Time,Voluntary,Production       ,Field Operations,1957-07-25,MA,Female,Fully Meets,2056,2023-07-12,3,4,Technical Skills,External,Failed,North Fernando,190.55
Brady,Boyd,2022-04-17,2022-06-03,Production Technician I,Stephanie Morales,brady.boyd@bilearner.com,NEL,Active,Full-Time,Temporary,Resignation,Production       ,Field Operations,1984-01-13,MA,Male,Fully Meets,2058,2023-05-29,5,5,Customer Service,Internal,Passed,Parkertown,338.16
Alfred,Manning,2023-07-29,2023-08-06,Production Technician I,Sally Owens,alfred.manning@bilearner.com,PL,Voluntarily Terminated,Full-Time,Temporary,Retirement,Production       ,General - Con,1987-07-27,MA,Female,Fully Meets,2059,2023-05-09,4,4,Customer Service,External,Completed,West Danielmouth,969.03
Philip,Cobb,2020-08-28,2020-12-26,Production Technician I,Nicholas Freeman,philip.cobb@bilearner.com,MSC,Active,Part-Time,Full-Time,Resignation,Production       ,Finance & Accounting,1964-05-10,MA,Female,Fully Meets,2064,2023-03-13,1,3,Technical Skills,Internal,Passed,North Susanton,343.22
Ellie,Holder,2023-08-04,2023-08-04,Production Technician II,Lisa Bryant,ellie.holder@bilearner.com,MSC,Active,Contract,Full-Time,Voluntary,Production       ,Project Management - Con,1989-05-25,MA,Female,Fully Meets,2066,2022-10-08,1,5,Customer Service,Internal,Passed,Courtneytown,107.29
Armani,Barker,2023-03-03,2023-08-06,Production Technician II,Daniel Lee,armani.barker@bilearner.com,PYZ,Active,Part-Time,Full-Time,Involuntary,Production       ,Field Operations,1956-07-18,MA,Female,Fully Meets,2073,2023-02-12,1,2,Project Management,Internal,Incomplete,South Maria,760.53
Nathalia,Larson,2021-12-07,2023-01-02,Production Technician I,David Simpson,nathalia.larson@bilearner.com,PL,Active,Full-Time,Full-Time,Voluntary,Production       ,Field Operations,1943-07-27,MA,Female,Fully Meets,2076,2023-01-07,5,5,Communication Skills,Internal,Completed,Jasonstad,350.22
Laurel,Chan,2020-11-18,2021-02-13,Production Technician I,Christina Serrano,laurel.chan@bilearner.com,PYZ,Active,Full-Time,Temporary,Resignation,Production       ,General - Con,1943-12-25,MA,Female,Fully Meets,2077,2023-07-26,4,1,Communication Skills,Internal,Completed,Robertfurt,447.67
Alejandra,Barnes,2018-09-26,2019-10-15,Production Technician I,Yolanda Sanders,alejandra.barnes@bilearner.com,SVG,Voluntarily Terminated,Full-Time,Temporary,Voluntary,Production       ,Field Operations,1986-10-26,MA,Female,Fully Meets,2078,2022-10-21,5,5,Communication Skills,Internal,Incomplete,Patriciabury,737.61
Ellie,Robbins,2022-09-15,2023-02-14,Production Technician I,Alexander Martin,ellie.robbins@bilearner.com,WBL,Active,Contract,Temporary,Involuntary,Production       ,Catv,1960-11-03,MA,Female,Fully Meets,2080,2023-02-12,4,1,Project Management,External,Failed,Jessicafurt,605.05
Layton,Goodwin,2019-05-05,2022-01-11,Production Technician I,Dana Parker,layton.goodwin@bilearner.com,NEL,Active,Contract,Full-Time,Voluntary,Production       ,Engineers,1999-07-12,MA,Female,Fully Meets,2085,2022-10-13,3,4,Project Management,External,Incomplete,South Darrenview,963.42
Eliza,Munoz,2021-05-31,2021-11-12,Production Technician I,Steven Short,eliza.munoz@bilearner.com,PL,Active,Contract,Part-Time,Retirement,Production       ,General - Con,1978-11-14,MA,Female,Fully Meets,2086,2022-08-05,5,4,Communication Skills,External,Completed,Roberthaven,488.66
Arianna,Durham,2019-11-21,2020-06-24,Production Technician I,Drew Hawkins,arianna.durham@bilearner.com,PYZ,Active,Part-Time,Full-Time,Involuntary,Production       ,Field Operations,1959-12-19,MA,Female,Fully Meets,2087,2022-11-14,4,4,Leadership Development,Internal,Completed,Hollyborough,450.94
Ethan,Rhodes,2018-12-29,2020-07-04,Production Technician I,Zachary Hanson,ethan.rhodes@bilearner.com,TNS,Active,Contract,Part-Time,Voluntary,Production       ,Technology / It,1966-06-04,MA,Female,Fully Meets,2089,2023-06-16,5,3,Communication Skills,Internal,Completed,East Corey,423.31
Carlee,Lang,2020-09-08,2022-08-24,Production Technician II,Harold Mccullough,carlee.lang@bilearner.com,PL,Active,Contract,Temporary,Resignation,Production       ,General - Con,1948-05-06,MA,Female,Fully Meets,2093,2023-02-01,2,3,Leadership Development,External,Failed,East Amyville,628.62
Eli,Flores,2019-06-16,2021-09-07,Production Technician II,Andrew Norton,eli.flores@bilearner.com,PYZ,Active,Part-Time,Part-Time,Involuntary,Production       ,Field Operations,1964-01-12,MA,Female,Fully Meets,2094,2022-08-25,2,5,Leadership Development,Internal,Passed,New Sheila,739.32
Lyric,Solomon,2023-07-14,2023-07-16,Production Technician II,Allen Mckinney,lyric.solomon@bilearner.com,SVG,Active,Full-Time,Full-Time,Retirement,Production       ,Project Management - Con,1997-10-19,MA,Female,Fully Meets,2095,2023-07-21,5,3,Leadership Development,Internal,Passed,North Wendy,773.16
Parker,Fritz,2018-12-06,2019-04-09,Production Technician II,Kenneth Mathews,parker.fritz@bilearner.com,WBL,Active,Part-Time,Full-Time,Retirement,Production       ,Aerial,1964-02-25,MA,Female,PIP,2097,2022-08-30,2,1,Technical Skills,External,Incomplete,North Brandi,426.55
Justice,Curry,2022-12-28,2023-05-13,Production Technician I,Sarah Carter,justice.curry@bilearner.com,SVG,Voluntarily Terminated,Full-Time,Temporary,Involuntary,Production       ,Fielders,1964-12-13,MA,Female,PIP,2101,2023-01-10,4,4,Leadership Development,External,Completed,Suarezstad,751.81
Tony,Mendoza,2019-04-14,2023-01-20,Production Technician I,Timothy Walters,tony.mendoza@bilearner.com,WBL,Active,Contract,Temporary,Resignation,Production       ,Wireline Construction,1962-11-14,MA,Male,Exceeds,2106,2022-10-28,5,5,Customer Service,Internal,Passed,Port Tamarahaven,782.43
Jacqueline,Black,2023-06-02,2023-07-24,Production Technician I,Jesse Gilmore,jacqueline.black@bilearner.com,NEL,Active,Contract,Temporary,Retirement,Production       ,Field Operations,1943-12-27,MA,Female,Exceeds,2107,2022-11-25,4,1,Communication Skills,External,Passed,Douglasview,668.91
Denise,Mccullough,2022-05-09,2023-01-03,Production Technician I,Austin Brown,denise.mccullough@bilearner.com,PL,Voluntarily Terminated,Part-Time,Temporary,Retirement,Production       ,Field Operations,1978-09-19,MA,Female,Needs Improvement,2108,2023-04-10,1,2,Customer Service,Internal,Completed,Port Ruthbury,804.37
Carmelo,Hayden,2022-03-29,2022-07-30,Production Technician I,Sharon Salas,carmelo.hayden@bilearner.com,SVG,Active,Full-Time,Temporary,Involuntary,Production       ,General - Con,1957-05-17,MA,Female,Needs Improvement,2111,2023-04-26,2,3,Customer Service,Internal,Passed,Brittanyport,470.24
Emilio,Pierce,2019-07-30,2020-01-21,Production Technician I,Cristina Davis,emilio.pierce@bilearner.com,EW,Active,Part-Time,Temporary,Voluntary,Production       ,Engineers,1943-09-24,MA,Female,Exceeds,2112,2023-02-01,4,3,Customer Service,External,Failed,Ramirezland,157.04
Emerson,Wood,2020-07-09,2022-12-10,Production Technician I,Lisa Manning,emerson.wood@bilearner.com,MSC,Active,Part-Time,Full-Time,Involuntary,Production       ,General - Con,1944-10-20,MA,Female,Exceeds,2113,2022-08-31,5,1,Project Management,Internal,Passed,Hayesborough,394.54
Nikhil,Cummings,2019-04-15,2023-05-10,Production Technician II,Kristin White,nikhil.cummings@bilearner.com,PL,Active,Contract,Part-Time,Voluntary,Production       ,Billable Consultants,1978-03-30,MA,Female,Exceeds,2115,2023-01-25,5,2,Leadership Development,Internal,Incomplete,Penaberg,752.82
Tia,Kent,2021-06-11,2022-11-14,Production Technician I,William Thomas,tia.kent@bilearner.com,BPC,Active,Full-Time,Temporary,Resignation,Production       ,General - Con,1975-10-21,MA,Female,Needs Improvement,2122,2023-01-25,3,3,Technical Skills,External,Passed,South Johnmouth,949.46
Spencer,Hicks,2023-02-21,2023-07-09,Production Technician I,Kristin Lee,spencer.hicks@bilearner.com,SVG,Voluntarily Terminated,Contract,Temporary,Voluntary,Production       ,Wireline Construction,1950-08-09,MA,Female,Exceeds,2124,2023-04-21,4,1,Leadership Development,Internal,Completed,Hebertfort,238.23
Chasity,Kennedy,2021-03-08,2022-10-07,Production Technician I,Steven Logan,chasity.kennedy@bilearner.com,MSC,Active,Part-Time,Temporary,Involuntary,Production       ,Technology / It,1969-06-20,MA,Female,PIP,2126,2023-04-14,3,4,Communication Skills,External,Failed,Patriciaport,692.5
Kaiya,Marsh,2020-06-06,2022-03-12,Production Technician I,John Harvey,kaiya.marsh@bilearner.com,PL,Voluntarily Terminated,Part-Time,Part-Time,Resignation,Production       ,Field Operations,1951-03-12,MA,Female,Needs Improvement,2131,2022-12-28,1,2,Project Management,Internal,Passed,Nicolemouth,591.83
Beatrice,Faulkner,2022-02-28,2023-05-31,Production Technician I,Vanessa Garcia,beatrice.faulkner@bilearner.com,SVG,Active,Part-Time,Temporary,Resignation,Production       ,Aerial,2001-07-09,MA,Female,Exceeds,2134,2023-02-27,4,2,Technical Skills,Internal,Completed,Collierville,420.72
Valeria,Mayo,2021-10-25,2023-02-18,Production Technician I,Shaun Barr,valeria.mayo@bilearner.com,EW,Active,Contract,Part-Time,Voluntary,Production       ,Engineers,1955-04-25,MA,Female,Exceeds,2135,2023-08-02,2,2,Technical Skills,Internal,Completed,Port Gregoryfort,218.13
Darrell,Vaughan,2018-09-12,2020-07-11,Production Technician I,Elizabeth Ray,darrell.vaughan@bilearner.com,MSC,Active,Part-Time,Part-Time,Involuntary,Production       ,Underground,1991-10-08,MA,Female,Exceeds,2136,2023-02-18,2,2,Communication Skills,Internal,Incomplete,New William,659.25
Carlos,Murphy,2022-12-31,2023-01-15,Production Technician II,Joseph Guerra,carlos.murphy@bilearner.com,CCDR,Future Start,Contract,Full-Time,Involuntary,Production       ,General - Con,1962-02-21,MA,Female,Exceeds,2137,2022-10-14,1,3,Technical Skills,External,Completed,Staceyborough,187.31
Wilson,Sloan,2021-11-04,2023-06-10,Production Technician II,Charles Castillo,wilson.sloan@bilearner.com,EW,Active,Contract,Temporary,Involuntary,Production       ,Project Management - Con,1966-08-11,MA,Female,Exceeds,2138,2022-08-22,1,5,Project Management,Internal,Completed,Russellstad,282.21
Casey,Dixon,2018-09-29,2023-05-20,Production Technician II,Andrea Simmons,casey.dixon@bilearner.com,PL,Active,Contract,Full-Time,Resignation,Production       ,Aerial,1946-07-25,MA,Female,Exceeds,2141,2022-11-14,2,3,Customer Service,Internal,Completed,East Melissa,619.72
Josue,Gentry,2020-01-09,2020-11-02,Production Technician II,Jill Hubbard,josue.gentry@bilearner.com,PYZ,Active,Contract,Temporary,Involuntary,Production       ,Engineers,1965-01-25,MA,Female,Exceeds,2142,2023-05-06,2,5,Leadership Development,Internal,Failed,West Christine,248.83
Adelaide,Meyer,2020-07-01,2022-10-31,Production Technician II,Jessica Morales,adelaide.meyer@bilearner.com,SVG,Future Start,Contract,Temporary,Involuntary,Production       ,Yard (Material Handling),1994-01-25,MA,Female,Exceeds,2143,2022-12-14,2,1,Communication Skills,Internal,Incomplete,New Caitlynburgh,322.33
Frankie,Franklin,2019-12-25,2023-06-04,Production Technician I,Jerry Peters,frankie.franklin@bilearner.com,MSC,Voluntarily Terminated,Full-Time,Temporary,Resignation,Production       ,Splicing,1943-11-03,MA,Female,Exceeds,2146,2023-02-24,3,1,Leadership Development,External,Completed,Lake Leontown,386.89
Vance,Cain,2020-08-14,2021-10-27,Production Technician I,Jessica Myers,vance.cain@bilearner.com,NEL,Active,Contract,Temporary,Involuntary,Production       ,Aerial,1981-11-06,MA,Female,Exceeds,2147,2022-11-03,2,1,Technical Skills,External,Passed,Sheltonburgh,535.19
Cheyanne,Hess,2021-05-02,2023-06-27,Production Technician I,Charles Williams,cheyanne.hess@bilearner.com,PYZ,Voluntarily Terminated,Full-Time,Temporary,Involuntary,Production       ,Project Management - Con,1997-03-26,MA,Female,Exceeds,2149,2023-05-21,5,3,Technical Skills,Internal,Failed,Brooketon,747.63
Ishaan,Sheppard,2023-01-21,2023-03-29,Production Technician I,Eric Rivera,ishaan.sheppard@bilearner.com,SVG,Active,Full-Time,Full-Time,Voluntary,Production       ,Splicing,1971-10-06,MA,Female,Exceeds,2150,2022-11-26,2,1,Project Management,External,Incomplete,Port Jameshaven,794.12
Areli,Mitchell,2021-01-20,2023-06-27,Production Technician I,Jimmy Watkins,areli.mitchell@bilearner.com,TNS,Active,Contract,Temporary,Involuntary,Production       ,Fielders,1950-12-05,MA,Female,Exceeds,2151,2023-04-11,4,4,Leadership Development,External,Failed,Tracyberg,845.94
Arthur,Wilson,2019-06-29,2023-02-19,Production Technician I,Jesse Montoya,arthur.wilson@bilearner.com,EW,Voluntarily Terminated,Part-Time,Full-Time,Resignation,Production       ,Finance & Accounting,1942-02-24,MA,Female,Exceeds,2155,2023-03-13,1,2,Customer Service,Internal,Passed,West Rebecca,972.82
Ariel,Osborn,2018-09-11,2020-03-14,Production Technician I,Melissa Glass,ariel.osborn@bilearner.com,MSC,Active,Part-Time,Temporary,Voluntary,Production       ,Executive,1989-01-29,MA,Female,Exceeds,2156,2023-03-03,5,1,Customer Service,Internal,Failed,Jenniferville,763.44
Ansley,Arias,2020-05-15,2021-12-22,Production Technician I,Heather Swanson,ansley.arias@bilearner.com,NEL,Active,Contract,Full-Time,Retirement,Production       ,General - Sga,1950-02-02,MA,Female,Exceeds,2157,2022-12-10,4,2,Leadership Development,Internal,Incomplete,East Bernard,152.69
Matias,Burns,2021-03-23,2022-03-22,Production Technician I,James Medina,matias.burns@bilearner.com,PYZ,Active,Full-Time,Temporary,Resignation,Production       ,Aerial,1983-05-31,MA,Female,Exceeds,2159,2022-09-20,1,1,Customer Service,External,Completed,East Debra,833.52
Aden,George,2022-11-07,2023-04-06,Production Technician I,Tyler Sexton,aden.george@bilearner.com,SVG,Active,Full-Time,Part-Time,Involuntary,Production       ,General - Con,1988-05-22,MA,Female,Exceeds,2160,2023-01-20,1,1,Customer Service,Internal,Completed,South Matthewhaven,329.65
Yasmine,Hughes,2019-03-16,2020-04-26,Production Technician II,Tracey Cox,yasmine.hughes@bilearner.com,BPC,Active,Contract,Full-Time,Involuntary,Production       ,Field Operations,1948-02-06,MA,Female,Exceeds,2165,2022-10-28,5,3,Project Management,External,Failed,East Ray,652.57
Kendrick,Ashley,2018-12-30,2020-08-10,Production Technician II,Theresa Olson,kendrick.ashley@bilearner.com,SVG,Future Start,Part-Time,Temporary,Voluntary,Production       ,Technology / It,1991-11-27,MA,Female,Exceeds,2167,2022-09-03,2,4,Leadership Development,External,Completed,Andreamouth,163.17
Larissa,Warner,2020-07-04,2022-05-11,Production Technician II,Sarah Harrison,larissa.warner@bilearner.com,MSC,Active,Full-Time,Full-Time,Retirement,Production       ,General - Con,1995-12-26,MA,Female,Exceeds,2169,2023-04-18,5,2,Customer Service,External,Failed,Kingshire,200.13
Simone,Sharp,2021-08-09,2022-05-27,Production Technician I,Nicholas Ho,simone.sharp@bilearner.com,BPC,Active,Full-Time,Part-Time,Resignation,Production       ,Executive,1992-02-11,MA,Female,Exceeds,2171,2023-03-16,1,3,Communication Skills,External,Passed,Chapmanfurt,243.07
Cristofer,Mcbride,2021-05-16,2023-06-30,Production Technician I,Jennifer Collins,cristofer.mcbride@bilearner.com,CCDR,Voluntarily Terminated,Part-Time,Temporary,Retirement,Production       ,Field Operations,1994-06-01,MA,Female,Exceeds,2172,2023-03-17,2,4,Project Management,External,Incomplete,Rosemouth,198.08
Charlize,Wong,2021-08-14,2021-10-08,Production Technician I,Ryan Armstrong,charlize.wong@bilearner.com,SVG,Voluntarily Terminated,Contract,Part-Time,Retirement,Production       ,Engineers,1987-10-04,MA,Female,Exceeds,2173,2023-02-13,1,4,Technical Skills,External,Completed,Jessebury,372.55
Kason,Ellison,2019-12-16,2020-06-21,Production Technician I,Julia Mitchell,kason.ellison@bilearner.com,MSC,Active,Contract,Temporary,Voluntary,Production       ,Field Operations,1987-10-02,MA,Female,Exceeds,2175,2023-03-16,1,3,Communication Skills,External,Completed,East Maria,512.6
Raphael,Solomon,2022-10-28,2023-05-27,Production Technician I,Christopher Gardner,raphael.solomon@bilearner.com,NEL,Voluntarily Terminated,Contract,Full-Time,Retirement,Production       ,Project Management - Con,1996-01-04,MA,Female,PIP,2179,2023-06-16,1,3,Leadership Development,External,Passed,Andersonport,937.57
Zariah,Castaneda,2018-11-03,2023-05-03,Production Technician I,Elizabeth Koch,zariah.castaneda@bilearner.com,PL,Active,Full-Time,Full-Time,Resignation,Production       ,Field Operations,1980-08-10,MA,Female,PIP,2180,2023-05-29,4,4,Technical Skills,External,Incomplete,West Danielland,706.08
Trevin,Lambert,2019-03-05,2020-03-16,Production Technician I,Nathaniel Harvey,trevin.lambert@bilearner.com,BPC,Active,Contract,Temporary,Resignation,Production       ,Field Operations,1991-08-13,MA,Female,PIP,2181,2023-02-04,2,1,Communication Skills,Internal,Incomplete,East Arthurtown,542.94
Mason,Brewer,2021-09-05,2023-03-31,Production Technician I,Jeremy Ritter,mason.brewer@bilearner.com,EW,Active,Full-Time,Part-Time,Retirement,Production       ,Aerial,1984-02-20,MA,Female,Exceeds,2184,2023-03-09,2,4,Communication Skills,External,Failed,Maynardfort,661.36
Salvatore,Snyder,2020-05-17,2022-02-18,Production Technician II,Todd Henson,salvatore.snyder@bilearner.com,WBL,Voluntarily Terminated,Contract,Full-Time,Involuntary,Production       ,Aerial,1959-04-21,MA,Female,Exceeds,2185,2022-11-07,4,5,Customer Service,Internal,Incomplete,East Carrie,220.95
Vivian,Hickman,2023-03-03,2023-03-23,Production Technician II,Nathan Bush,vivian.hickman@bilearner.com,NEL,Active,Part-Time,Temporary,Voluntary,Production       ,Field Operations,1997-05-17,MA,Male,Exceeds,2186,2022-09-17,4,1,Leadership Development,External,Failed,West Michael,747.61
Grant,York,2021-02-11,2023-06-28,Production Technician II,Patrick Garner,grant.york@bilearner.com,BPC,Active,Part-Time,Part-Time,Involuntary,Production       ,Field Operations,1965-02-21,MA,Female,Exceeds,2188,2023-01-25,5,4,Leadership Development,Internal,Incomplete,Lake Veronicabury,754.8
Kimberly,Horn,2023-04-25,2023-06-15,Production Technician II,Steven Kennedy,kimberly.horn@bilearner.com,SVG,Active,Part-Time,Full-Time,Voluntary,Production       ,General - Con,1985-01-20,MA,Female,Needs Improvement,2190,2023-03-31,5,2,Technical Skills,Internal,Completed,Lake Elizabeth,623.98
Paul,Moreno,2021-02-14,2023-04-19,Production Technician II,Joshua Nguyen,paul.moreno@bilearner.com,EW,Active,Contract,Part-Time,Retirement,Production       ,Engineers,1971-11-19,MA,Female,Needs Improvement,2191,2023-04-11,2,2,Communication Skills,Internal,Failed,Smithside,774.02
Macey,Christian,2020-10-07,2023-01-18,Production Technician II,Robert Wallace,macey.christian@bilearner.com,MSC,Active,Part-Time,Part-Time,Voluntary,Production       ,General - Con,1945-06-29,MA,Female,Needs Improvement,2192,2022-12-26,5,3,Leadership Development,External,Completed,New Edwinville,866.14
Joel,Bowen,2019-02-28,2023-06-01,Production Technician I,Carol Ingram,joel.bowen@bilearner.com,NEL,Voluntarily Terminated,Part-Time,Part-Time,Involuntary,Production       ,Field Operations,1963-08-01,MA,Male,Needs Improvement,2193,2023-07-10,2,2,Technical Skills,External,Incomplete,Nelsonport,704.42
Josie,Mercer,2023-06-02,2023-07-07,Production Technician I,Traci Dillon,josie.mercer@bilearner.com,BPC,Active,Contract,Part-Time,Voluntary,Production       ,Underground,1954-10-31,MA,Female,Needs Improvement,2195,2022-11-30,1,5,Project Management,External,Failed,East Matthew,559.87
Ellie,Ortega,2022-11-14,2023-01-04,Production Technician I,Steven Valdez,ellie.ortega@bilearner.com,CCDR,Voluntarily Terminated,Full-Time,Full-Time,Resignation,Production       ,Underground,1983-06-25,MA,Male,Needs Improvement,2196,2023-08-01,5,2,Technical Skills,External,Completed,Carrborough,572.11
Adrien,Maddox,2018-08-22,2021-11-10,Production Technician I,Tamara Humphrey,adrien.maddox@bilearner.com,SVG,Voluntarily Terminated,Contract,Full-Time,Involuntary,Production       ,Wireline Construction,1983-04-12,MA,Female,Needs Improvement,2197,2023-04-15,2,3,Technical Skills,External,Passed,Lake Jameschester,724.83
Landyn,Velez,2022-12-15,2022-12-29,Production Technician I,Joseph Bell,landyn.velez@bilearner.com,EW,Active,Contract,Temporary,Retirement,Production       ,Field Operations,1963-07-01,MA,Female,Exceeds,2198,2023-07-13,2,4,Leadership Development,Internal,Failed,Deanland,198.35
Colton,Le,2020-02-29,2021-05-20,Production Technician I,Richard Jones,colton.le@bilearner.com,NEL,Voluntarily Terminated,Contract,Part-Time,Involuntary,Production       ,General - Con,1986-04-05,MA,Female,Exceeds,2203,2022-08-29,1,4,Technical Skills,External,Incomplete,West Markside,333.27
Leonidas,Bridges,2021-09-24,2022-01-28,Production Technician I,Lee Crawford,leonidas.bridges@bilearner.com,PL,Active,Part-Time,Part-Time,Retirement,Production       ,Shop (Fleet),1984-10-23,MA,Female,Needs Improvement,2204,2022-10-01,5,2,Customer Service,Internal,Passed,Davidhaven,284.05
Gia,Franco,2022-04-13,2023-07-30,Production Technician I,Jason Boyd,gia.franco@bilearner.com,BPC,Active,Full-Time,Full-Time,Involuntary,Production       ,General - Sga,1944-01-13,MA,Female,Needs Improvement,2205,2022-09-05,2,3,Leadership Development,Internal,Incomplete,Bryanville,271.69
Julia,Soto,2021-05-31,2022-10-31,IT Support,Kimberly Frazier,julia.soto@bilearner.com,PL,Active,Part-Time,Temporary,Resignation,IT/IS,Wireline Construction,1965-02-12,MA,Female,Exceeds,2210,2023-01-09,1,5,Technical Skills,Internal,Completed,Schmittbury,220.14
Savanna,Mayo,2022-07-03,2023-03-22,IT Support,Amber Hoffman,savanna.mayo@bilearner.com,MSC,Active,Full-Time,Part-Time,Involuntary,IT/IS,Field Operations,1991-05-11,MA,Female,Exceeds,2212,2023-07-26,4,1,Technical Skills,Internal,Incomplete,Frankside,160.81
Branden,Khan,2023-03-15,2023-05-10,IT Support,David Kennedy,branden.khan@bilearner.com,EW,Active,Part-Time,Full-Time,Retirement,IT/IS,Shop (Fleet),1965-09-03,MA,Female,Exceeds,2213,2023-05-05,1,4,Technical Skills,Internal,Passed,North Benjamin,196.03
Aiden,Wade,2021-07-29,2022-08-12,IT Support,Amber Johnson,aiden.wade@bilearner.com,CCDR,Active,Contract,Full-Time,Resignation,IT/IS,Field Operations,1951-10-22,MA,Female,Exceeds,2214,2023-02-26,1,1,Leadership Development,Internal,Passed,Emilyview,973.62
Conrad,Ochoa,2022-02-05,2023-01-13,IT Support,Susan Kelly,conrad.ochoa@bilearner.com,BPC,Active,Contract,Temporary,Resignation,IT/IS,Engineers,1962-12-17,MA,Female,Exceeds,2215,2023-04-24,1,5,Customer Service,External,Failed,East Donnahaven,227.0
Kaylie,Ayers,2020-11-23,2020-12-14,IT Manager - Infra,Donna Brown,kaylie.ayers@bilearner.com,TNS,Active,Part-Time,Temporary,Voluntary,IT/IS,People Services,1995-07-21,CT,Female,Exceeds,2217,2022-10-05,2,1,Communication Skills,External,Failed,East Melissa,315.39
Abdullah,Arellano,2019-02-21,2022-10-21,IT Manager - DB,Jacob Christian,abdullah.arellano@bilearner.com,SVG,Active,Part-Time,Part-Time,Resignation,IT/IS,Field Operations,1967-11-08,MA,Female,Exceeds,2218,2022-10-10,4,1,Technical Skills,Internal,Incomplete,Silvaville,222.99
Hazel,Lane,2022-09-25,2023-05-06,IT Support,Lance Torres,hazel.lane@bilearner.com,SVG,Active,Part-Time,Part-Time,Retirement,IT/IS,Wireline Construction,1966-10-25,MA,Female,Exceeds,2219,2023-03-29,5,2,Technical Skills,External,Failed,Kimberlyshire,401.35
Caiden,Lam,2020-07-21,2021-08-18,IT Support,Scott Thomas,caiden.lam@bilearner.com,TNS,Active,Part-Time,Temporary,Resignation,IT/IS,Wireline Construction,1998-07-17,MA,Female,Exceeds,2222,2022-09-14,2,3,Project Management,External,Failed,Baldwinport,303.01
Zechariah,Strong,2019-03-22,2021-06-17,IT Support,Daniel Blake,zechariah.strong@bilearner.com,SVG,Active,Contract,Full-Time,Resignation,IT/IS,General - Eng,1960-09-07,MA,Female,Exceeds,2226,2023-01-28,4,4,Project Management,Internal,Completed,Stevenmouth,125.06
Kayley,Romero,2018-08-12,2022-06-13,IT Support,Michael Webb,kayley.romero@bilearner.com,MSC,Active,Part-Time,Part-Time,Resignation,IT/IS,Wireless,1942-09-16,MA,Female,PIP,2228,2023-01-20,3,2,Technical Skills,External,Passed,Pamelaport,713.03
Ariel,Barnes,2021-02-20,2022-01-09,IT Support,William Phillips,ariel.barnes@bilearner.com,EW,Active,Part-Time,Full-Time,Resignation,IT/IS,Wireline Construction,1975-02-26,MA,Female,Fully Meets,2234,2022-08-23,1,1,Communication Skills,External,Completed,South Gina,693.52
Princess,Long,2018-12-23,2021-10-11,IT Support,Amber Rocha,princess.long@bilearner.com,BPC,Active,Full-Time,Temporary,Involuntary,IT/IS,Engineers,1948-10-28,CT,Female,Fully Meets,2236,2022-12-29,2,1,Customer Service,External,Passed,New Deborahshire,144.74
Lyla,Wong,2022-01-10,2023-01-04,IT Manager - Support,John Thomas,lyla.wong@bilearner.com,WBL,Active,Full-Time,Temporary,Resignation,IT/IS,Underground,1975-04-22,CT,Female,Fully Meets,2237,2023-06-08,2,5,Leadership Development,External,Completed,West Maria,240.77
Shyanne,Livingston,2021-03-04,2021-12-06,IT Manager - Infra,April Burns,shyanne.livingston@bilearner.com,TNS,Active,Part-Time,Temporary,Resignation,IT/IS,Project Management - Con,1972-01-17,CT,Male,Fully Meets,2238,2023-03-28,4,4,Communication Skills,External,Completed,Lauriemouth,905.56
Dario,Whitney,2023-03-10,2023-04-04,IT Manager - DB,Sean Hill,dario.whitney@bilearner.com,SVG,Active,Full-Time,Part-Time,Retirement,IT/IS,Catv,1962-12-11,MA,Male,Fully Meets,2239,2022-12-31,1,3,Technical Skills,Internal,Passed,Robertmouth,273.84
Aileen,Pacheco,2022-05-10,2022-07-16,IT Support,Alicia Farrell,aileen.pacheco@bilearner.com,MSC,Active,Full-Time,Temporary,Resignation,IT/IS,Field Operations,1994-03-29,MA,Female,Fully Meets,2242,2023-02-26,3,2,Project Management,External,Failed,West Laura,627.11
Dorian,Wu,2023-04-13,2023-05-03,IT Support,Desiree Martinez,dorian.wu@bilearner.com,TNS,Active,Full-Time,Part-Time,Involuntary,IT/IS,Finance & Accounting,1954-07-20,CT,Female,Fully Meets,2243,2023-06-26,1,3,Leadership Development,External,Passed,New Timothystad,242.22
Londyn,Underwood,2021-02-28,2022-07-13,IT Manager - Infra,Mrs. Lori Petty MD,londyn.underwood@bilearner.com,WBL,Active,Part-Time,Part-Time,Resignation,IT/IS,Engineers,1946-09-15,MA,Male,Fully Meets,2245,2023-07-08,2,4,Project Management,Internal,Incomplete,Perryhaven,968.2
Britney,Logan,2020-10-14,2022-04-10,IT Manager - DB,Paul Robertson,britney.logan@bilearner.com,NEL,Active,Contract,Part-Time,Resignation,IT/IS,Field Operations,1973-11-22,MA,Male,Fully Meets,2246,2023-03-20,3,4,Project Management,Internal,Completed,Lake Kennethhaven,364.36
Alessandra,Novak,2018-09-10,2023-06-08,IT Support,William Murray,alessandra.novak@bilearner.com,SVG,Active,Part-Time,Temporary,Resignation,IT/IS,Fielders,1983-04-10,MA,Female,Fully Meets,2247,2023-02-16,3,4,Communication Skills,External,Incomplete,Barnettview,803.16
Ariel,Powers,2022-12-16,2023-05-28,IT Support,Corey Fletcher,ariel.powers@bilearner.com,EW,Active,Part-Time,Temporary,Retirement,IT/IS,Field Operations,1999-12-17,MA,Female,Fully Meets,2248,2023-05-24,1,5,Leadership Development,External,Incomplete,Langton,571.12
Jewel,Bryant,2018-09-28,2019-01-26,IT Support,James Rhodes,jewel.bryant@bilearner.com,MSC,Active,Contract,Part-Time,Voluntary,IT/IS,Field Operations,1994-11-07,MA,Female,Fully Meets,2249,2023-05-29,3,5,Customer Service,External,Failed,East Jessicafort,705.36
Irene,Kim,2022-03-08,2022-04-26,IT Support,Peter Williams,irene.kim@bilearner.com,TNS,Active,Contract,Temporary,Involuntary,IT/IS,Aerial,1962-09-02,CT,Female,Fully Meets,2250,2023-05-29,4,2,Communication Skills,Internal,Failed,Amyberg,565.78
Gabrielle,Mercer,2020-09-15,2021-10-01,IT Support,Jose Jordan,gabrielle.mercer@bilearner.com,TNS,Active,Full-Time,Part-Time,Involuntary,IT/IS,Wireline Construction,1990-07-16,MA,Female,Fully Meets,2255,2023-05-12,1,4,Customer Service,Internal,Completed,West Jeffrey,357.69
Ingrid,Lucero,2021-04-29,2022-06-10,IT Manager - Support,Meredith Martin,ingrid.lucero@bilearner.com,WBL,Active,Contract,Full-Time,Voluntary,IT/IS,General - Eng,1988-10-22,MA,Male,Fully Meets,2257,2023-07-25,4,3,Customer Service,External,Incomplete,New Sarahland,456.3
Rocco,Vaughan,2020-01-17,2021-09-30,IT Support,Victor Armstrong,rocco.vaughan@bilearner.com,EW,Active,Part-Time,Temporary,Voluntary,IT/IS,Engineers,1992-10-21,MA,Female,Fully Meets,2260,2023-08-05,3,1,Customer Service,Internal,Incomplete,East Kristyfort,377.64
Piper,Guzman,2021-02-24,2021-12-29,IT Manager - Infra,Joseph Underwood,piper.guzman@bilearner.com,WBL,Active,Part-Time,Part-Time,Involuntary,IT/IS,Executive,1979-03-05,MA,Male,Fully Meets,2264,2022-11-08,1,2,Communication Skills,External,Failed,Lake Christopher,465.3
Jameson,Eaton,2020-05-12,2021-03-17,IT Support,Timothy Owens,jameson.eaton@bilearner.com,EW,Active,Full-Time,Temporary,Resignation,IT/IS,Field Operations,1975-02-10,MA,Female,Fully Meets,2266,2023-04-27,5,3,Leadership Development,External,Completed,Lake Eileen,898.01
Armani,Rogers,2021-01-04,2022-04-28,IT Support,Kelly Waters,armani.rogers@bilearner.com,TNS,Active,Contract,Full-Time,Resignation,IT/IS,General - Con,1963-08-06,CT,Male,Fully Meets,2268,2023-07-03,2,3,Communication Skills,Internal,Failed,Pattersonburgh,677.84
Jacoby,Lyons,2020-04-28,2022-12-01,IT Manager - Support,Beverly Ramirez,jacoby.lyons@bilearner.com,PYZ,Active,Full-Time,Full-Time,Resignation,IT/IS,Executive,1974-01-15,MA,Male,Fully Meets,2269,2023-02-14,5,5,Technical Skills,Internal,Incomplete,Taylorview,109.33
Dylan,Livingston,2019-04-16,2021-07-31,IT Support,David Rose PhD,dylan.livingston@bilearner.com,PYZ,Active,Contract,Part-Time,Resignation,IT/IS,Project Management - Con,1952-09-19,MA,Female,Fully Meets,2270,2023-03-18,4,4,Technical Skills,Internal,Passed,East Kyle,781.35
Darryl,Richmond,2022-08-29,2023-01-15,IT Support,Daniel Simpson,darryl.richmond@bilearner.com,TNS,Active,Part-Time,Full-Time,Retirement,IT/IS,Field Operations,1987-04-04,CT,Female,Fully Meets,2272,2022-08-05,5,5,Communication Skills,Internal,Passed,Port Grant,233.42
Ana,Stafford,2020-01-26,2020-12-11,IT Support,Kenneth Chavez,ana.stafford@bilearner.com,WBL,Active,Full-Time,Part-Time,Resignation,IT/IS,Project Management - Eng,1956-05-16,CT,Male,Fully Meets,2273,2022-10-26,5,2,Leadership Development,External,Passed,West Benjamin,301.15
Ebonee,Peterson,2018-12-04,2023-07-07,Production Manager,Brittany Thompson,ebonee.peterson@bilearner.com,PYZ,Voluntarily Terminated,Contract,Temporary,Retirement,Production       ,Catv,1985-03-06,MA,Female,Fully Meets,2280,2023-02-23,4,2,Customer Service,External,Passed,Carsonchester,493.98
Sean,Quinn,2018-10-03,2019-06-27,Shared Services Manager,Michael Stevenson,sean.quinn@bilearner.com,WBL,Voluntarily Terminated,Part-Time,Temporary,Retirement,Admin Offices,Field Operations,1961-12-17,MA,Male,Fully Meets,2283,2022-10-20,4,2,Leadership Development,External,Failed,North Baileyport,183.88
Brannon,Miller,2018-09-24,2021-01-18,Production Manager,Jonathan Nguyen,brannon.miller@bilearner.com,NEL,Active,Contract,Temporary,Voluntary,Production       ,General - Eng,1981-10-10,MA,Male,Fully Meets,2286,2023-01-20,4,4,Project Management,External,Failed,Port Denise,107.64
Ketsia,Liebig,2022-03-09,2023-04-08,Production Manager,James Hunt,ketsia.liebig@bilearner.com,PYZ,Active,Contract,Part-Time,Involuntary,Production       ,General - Con,1961-03-20,MA,Female,Fully Meets,2287,2022-11-11,4,4,Communication Skills,Internal,Passed,East Brandonmouth,560.64
Kelley,Spirea,2018-11-07,2020-05-25,Production Manager,Laura Mccarty,kelley.spirea@bilearner.com,NEL,Active,Full-Time,Temporary,Involuntary,Production       ,Fielders,1984-09-09,MA,Female,Fully Meets,2288,2023-07-09,5,1,Communication Skills,Internal,Failed,New Joseton,187.85
Debra,Houlihan,2020-11-27,2023-07-05,Director of Sales,Joseph Chavez,debra.houlihan@bilearner.com,EW,Active,Full-Time,Temporary,Retirement,Sales,Wireline Construction,1942-04-16,RI,Female,Fully Meets,2290,2023-04-14,4,1,Communication Skills,Internal,Failed,New Bobbyfort,575.55
David,Stanley,2020-06-15,2021-09-05,Production Manager,Richard Collins,david.stanley@bilearner.com,CCDR,Active,Contract,Full-Time,Involuntary,Production       ,Field Operations,1998-04-01,MA,Male,Fully Meets,2293,2023-06-19,5,3,Project Management,Internal,Failed,Harperside,510.67
Everett,Jordan,2022-05-19,2023-04-10,Production Manager,Michael Davis,everett.jordan@bilearner.com,SVG,Active,Full-Time,Temporary,Involuntary,Production       ,Field Operations,1999-01-25,MA,Female,Fully Meets,2295,2022-11-26,3,5,Communication Skills,Internal,Passed,Lake Adam,448.38
Deandre,Richard,2018-12-18,2019-09-25,Production Manager,Christine Adams,deandre.richard@bilearner.com,WBL,Voluntarily Terminated,Part-Time,Full-Time,Resignation,Production       ,Aerial,1958-09-23,MA,Female,Fully Meets,2297,2022-09-14,5,4,Leadership Development,Internal,Completed,Debbiechester,691.71
Emiliano,Rich,2022-04-13,2023-04-17,Production Manager,Ashley Cummings,emiliano.rich@bilearner.com,TNS,Active,Part-Time,Temporary,Resignation,Production       ,Field Operations,1942-02-24,MA,Female,Fully Meets,2299,2022-08-18,2,1,Customer Service,External,Failed,Camposland,922.03
Lauren,Keith,2021-02-12,2022-08-03,Production Manager,Peter Williams,lauren.keith@bilearner.com,PYZ,Active,Part-Time,Temporary,Voluntary,Production       ,Underground,1946-08-12,MA,Female,Fully Meets,2301,2023-07-26,3,1,Technical Skills,Internal,Incomplete,Donnafort,475.03
Marlene,Rhodes,2019-01-02,2020-10-09,Production Manager,Katie Carroll,marlene.rhodes@bilearner.com,PL,Terminated for Cause,Contract,Temporary,Resignation,Production       ,Wireline Construction,1988-11-28,MA,Female,Fully Meets,2302,2023-04-12,2,5,Project Management,Internal,Passed,South Gregoryville,173.45
Penelope,Jordan,2019-10-26,2023-07-22,Production Manager,Christopher Owen,penelope.jordan@bilearner.com,NEL,Terminated for Cause,Contract,Temporary,Resignation,Production       ,Field Operations,1957-12-27,MA,Female,Fully Meets,2303,2023-02-01,5,5,Customer Service,External,Passed,East Barryview,813.39
Rosemary,Thornton,2019-12-11,2021-05-12,Network Engineer,Tracy Logan,rosemary.thornton@bilearner.com,EW,Active,Part-Time,Full-Time,Resignation,Production       ,Field Operations,1970-10-03,MA,Female,Fully Meets,2305,2023-05-26,4,5,Communication Skills,External,Incomplete,Port Gary,933.39
Ayanna,Lutz,2020-10-21,2023-05-14,Network Engineer,Thomas Whitaker,ayanna.lutz@bilearner.com,CCDR,Active,Part-Time,Full-Time,Resignation,Production       ,Project Management - Con,1999-11-06,MA,Male,Fully Meets,2306,2023-04-25,3,4,Communication Skills,External,Failed,Lake Jennifer,217.33
Asia,Rivers,2022-05-24,2022-10-13,Data Analyst,Matthew Tucker,asia.rivers@bilearner.com,EW,Active,Full-Time,Full-Time,Retirement,Production       ,Field Operations,1999-05-09,MA,Male,Fully Meets,2308,2023-03-11,1,2,Communication Skills,Internal,Completed,North Stephanieton,751.86
Araceli,Castillo,2019-12-10,2023-02-21,Data Analyst,Craig White,araceli.castillo@bilearner.com,PYZ,Active,Part-Time,Full-Time,Voluntary,Production       ,Field Operations,1971-03-25,MA,Female,Fully Meets,2311,2023-03-15,5,3,Leadership Development,External,Passed,Johnport,616.43
Marcelo,Flowers,2022-06-12,2023-07-09,Production Manager,Kyle Strong,marcelo.flowers@bilearner.com,CCDR,Active,Full-Time,Full-Time,Voluntary,Production       ,Project Management - Con,1986-02-19,MA,Female,Fully Meets,2315,2022-08-10,4,3,Customer Service,External,Incomplete,Lake Theresafurt,252.59
Kaylee,Harvey,2019-03-28,2022-04-14,Production Manager,Steven Miller,kaylee.harvey@bilearner.com,TNS,Voluntarily Terminated,Contract,Part-Time,Voluntary,Production       ,General - Sga,1983-02-18,MA,Female,Fully Meets,2319,2023-03-29,5,4,Customer Service,Internal,Passed,Jeremyfort,832.15
Kristen,Peters,2022-10-26,2023-06-17,Production Manager,David Powers,kristen.peters@bilearner.com,PYZ,Voluntarily Terminated,Part-Time,Full-Time,Voluntary,Production       ,Fielders,1964-09-09,MA,Female,Fully Meets,2320,2023-02-12,5,1,Communication Skills,External,Incomplete,Lake Lee,509.71
Hadassah,Gallegos,2023-05-10,2023-05-14,Production Manager,Kimberly Owen,hadassah.gallegos@bilearner.com,WBL,Active,Full-Time,Full-Time,Voluntary,Production       ,Field Operations,1951-08-21,MA,Female,Fully Meets,2321,2022-11-07,4,2,Communication Skills,Internal,Incomplete,Tranberg,781.95
Aubree,Villanueva,2021-04-21,2021-08-17,Production Manager,Sheila Roberts MD,aubree.villanueva@bilearner.com,PL,Active,Part-Time,Temporary,Retirement,Production       ,Project Management - Con,1959-07-05,MA,Female,Fully Meets,2323,2022-11-21,2,1,Project Management,External,Incomplete,North Jessica,964.4
Aspen,Dixon,2021-07-23,2023-02-15,Production Manager,Justin Perez,aspen.dixon@bilearner.com,BPC,Terminated for Cause,Part-Time,Temporary,Involuntary,Production       ,General - Con,1996-07-17,MA,Female,Fully Meets,2324,2023-06-24,1,2,Communication Skills,External,Incomplete,Davidborough,299.75
Aubree,Anderson,2019-07-25,2022-09-03,Network Engineer,Larry Gonzales,aubree.anderson@bilearner.com,TNS,Active,Full-Time,Full-Time,Retirement,Executive Office,Aerial,1962-10-26,MA,Male,Fully Meets,2329,2022-09-02,2,3,Leadership Development,External,Incomplete,Jonesmouth,209.86
Violet,Willis,2019-12-06,2021-10-29,Data Analyst,Sara Edwards,violet.willis@bilearner.com,TNS,Active,Contract,Part-Time,Retirement,Production       ,Wireline Construction,1952-02-14,MA,Male,Fully Meets,2331,2022-12-11,2,5,Technical Skills,Internal,Failed,Rachelstad,108.2
Jaime,Austin,2019-06-29,2020-07-21,Data Analyst ,Lisa Barrera,jaime.austin@bilearner.com,WBL,Active,Contract,Full-Time,Involuntary,Production       ,Fielders,1971-08-21,MA,Male,Fully Meets,2332,2022-11-02,1,1,Communication Skills,Internal,Completed,Austinborough,144.68
Iris,Preston,2021-07-21,2022-09-03,Data Analyst,Alexandria Hahn,iris.preston@bilearner.com,CCDR,Active,Contract,Temporary,Retirement,IT/IS,Engineers,1983-02-19,MA,Male,Fully Meets,2334,2022-12-01,3,3,Project Management,Internal,Failed,Raymondberg,860.16
Ivan,Hull,2018-10-10,2022-05-02,Production Manager,Robert Sullivan,ivan.hull@bilearner.com,EW,Active,Part-Time,Temporary,Involuntary,Production       ,Project Management - Con,1971-08-06,MA,Female,Fully Meets,2338,2022-09-09,2,3,Customer Service,External,Completed,Lake Ashlee,819.8
India,Kemp,2022-07-25,2022-11-08,Production Manager,Brett Aguilar,india.kemp@bilearner.com,MSC,Voluntarily Terminated,Full-Time,Part-Time,Retirement,Production       ,General - Sga,1972-08-06,MA,Female,Fully Meets,2339,2023-03-22,3,1,Leadership Development,Internal,Failed,Morganside,369.94
Alice,Dudley,2021-03-17,2023-05-13,Production Manager,Derrick Cannon,alice.dudley@bilearner.com,TNS,Voluntarily Terminated,Contract,Temporary,Resignation,Production       ,General - Con,2001-02-27,MA,Female,Fully Meets,2340,2023-05-23,4,5,Project Management,External,Failed,Port Glennview,811.91
Jaden,Bates,2019-10-26,2020-03-10,Production Manager,Regina Smith,jaden.bates@bilearner.com,PL,Active,Contract,Temporary,Retirement,Production       ,Yard (Material Handling),1991-08-23,MA,Female,Fully Meets,2344,2023-02-08,2,5,Technical Skills,External,Completed,Lake Ruth,967.05
Nyla,Schwartz,2020-09-14,2023-05-30,Production Manager,Cindy Schneider,nyla.schwartz@bilearner.com,BPC,Terminated for Cause,Full-Time,Temporary,Involuntary,Production       ,Field Operations,1971-01-10,MA,Female,Fully Meets,2345,2023-01-14,2,1,Project Management,External,Incomplete,Williamston,379.57
Reagan,Atkinson,2023-01-26,2023-02-27,Network Engineer,Joshua Johnson,reagan.atkinson@bilearner.com,MSC,Active,Part-Time,Full-Time,Voluntary,Production       ,General - Con,1956-06-03,MA,Male,Fully Meets,2349,2022-11-05,5,5,Communication Skills,Internal,Completed,Longstad,317.31
Kendall,Mcintyre,2019-12-24,2020-06-21,Data Analyst,Rita Abbott,kendall.mcintyre@bilearner.com,EW,Active,Contract,Temporary,Retirement,Production       ,Engineers,1943-02-27,MA,Male,Fully Meets,2351,2023-02-21,3,3,Communication Skills,Internal,Incomplete,East Justinton,173.96
Anahi,Frye,2020-10-16,2020-11-15,Data Analyst,Renee Ritter,anahi.frye@bilearner.com,MSC,Active,Full-Time,Temporary,Retirement,Production       ,General - Con,1993-12-31,MA,Male,Fully Meets,2352,2023-07-11,2,3,Communication Skills,External,Completed,Murrayside,889.07
Charlee,Navarro,2022-01-07,2022-06-29,Data Analyst,Elizabeth Houston,charlee.navarro@bilearner.com,PYZ,Active,Part-Time,Full-Time,Retirement,IT/IS,Wireline Construction,1971-09-02,MA,Female,Fully Meets,2354,2023-06-10,5,1,Communication Skills,External,Completed,South Jennifer,572.14
Karter,Perry,2019-03-25,2019-04-23,Data Analyst,Elizabeth Gray,karter.perry@bilearner.com,WBL,Active,Contract,Temporary,Retirement,IT/IS,Field Operations,1943-01-17,MA,Male,Fully Meets,2355,2022-11-15,1,1,Customer Service,External,Failed,East Jennifer,945.93
Sariah,Little,2021-11-18,2022-12-17,Data Analyst,Courtney Webb,sariah.little@bilearner.com,NEL,Active,Part-Time,Temporary,Retirement,IT/IS,Catv,1955-07-14,MA,Male,Fully Meets,2356,2023-03-07,4,1,Technical Skills,External,Passed,East Travisstad,668.66
Antoine,Murray,2022-12-31,2023-07-21,Production Manager,Erin Richard,antoine.murray@bilearner.com,PL,Active,Contract,Temporary,Involuntary,Production       ,General - Con,1943-09-15,MA,Female,Fully Meets,2357,2022-11-12,1,2,Leadership Development,Internal,Failed,Hendrickschester,483.49
Summer,Huang,2020-05-14,2022-11-29,Production Manager,Christy Wagner,summer.huang@bilearner.com,PYZ,Active,Part-Time,Temporary,Involuntary,Production       ,Executive,1993-03-20,MA,Male,Fully Meets,2358,2022-09-07,5,3,Project Management,External,Incomplete,Eddiemouth,164.22
Jaylyn,Contreras,2020-12-13,2023-02-12,Production Manager,Andrew Wright,jaylyn.contreras@bilearner.com,SVG,Active,Full-Time,Part-Time,Retirement,Production       ,Engineers,1996-07-01,MA,Female,Fully Meets,2359,2023-07-08,4,4,Technical Skills,External,Failed,Piercestad,850.73
Brenna,York,2021-11-16,2022-11-23,Production Manager,Deborah Wood,brenna.york@bilearner.com,TNS,Voluntarily Terminated,Part-Time,Part-Time,Voluntary,Production       ,Fielders,1990-10-06,MA,Female,Fully Meets,2360,2023-02-07,4,4,Project Management,Internal,Passed,Jonesberg,400.62
Braden,Wiggins,2022-12-01,2023-07-06,Production Manager,Christine Randall,braden.wiggins@bilearner.com,WBL,Voluntarily Terminated,Full-Time,Full-Time,Involuntary,Production       ,Project Management - Con,1996-12-05,MA,Female,Fully Meets,2361,2023-02-12,4,4,Customer Service,External,Failed,North Monicahaven,148.29
Nola,Bullock,2020-10-30,2022-07-28,Production Manager,Debra Green,nola.bullock@bilearner.com,BPC,Active,Full-Time,Part-Time,Involuntary,Production       ,Field Operations,1974-05-06,MA,Female,Fully Meets,2362,2023-01-21,5,4,Project Management,Internal,Incomplete,Villanuevamouth,543.65
Kaleigh,Keller,2021-02-08,2022-09-25,Production Manager,Frances Olsen,kaleigh.keller@bilearner.com,CCDR,Active,Full-Time,Temporary,Retirement,Production       ,Wireline Construction,1983-02-17,MA,Female,Fully Meets,2363,2023-07-16,2,5,Communication Skills,External,Incomplete,Billyville,282.26
Timothy,Goodwin,2018-11-29,2023-03-09,Production Manager,Tyler Galvan,timothy.goodwin@bilearner.com,MSC,Terminated for Cause,Contract,Temporary,Involuntary,Production       ,Engineers,1953-08-25,MA,Female,Fully Meets,2365,2022-09-07,1,1,Communication Skills,External,Passed,Laneside,355.8
Reese,Kennedy,2018-11-16,2021-05-25,Production Manager,Terri Morris,reese.kennedy@bilearner.com,NEL,Terminated for Cause,Full-Time,Part-Time,Retirement,Production       ,Fielders,1944-07-22,MA,Female,Fully Meets,2366,2023-04-30,4,2,Project Management,Internal,Incomplete,North Danieltown,184.59
Mariam,Doyle,2020-08-23,2022-06-11,Production Manager,John Hurst,mariam.doyle@bilearner.com,PL,Active,Contract,Part-Time,Resignation,Production       ,Wireline Construction,1959-07-29,MA,Female,Fully Meets,2367,2022-10-26,3,2,Project Management,Internal,Completed,West Nicolechester,249.77
Clinton,Brennan,2020-08-22,2023-03-09,President & CEO,Kristi Lee,clinton.brennan@bilearner.com,PYZ,Active,Full-Time,Temporary,Resignation,Production       ,Wireline Construction,1950-03-31,MA,Female,Fully Meets,2368,2022-11-06,5,2,Technical Skills,External,Completed,Lisafurt,285.54
Maximilian,Moyer,2021-10-19,2022-09-10,Network Engineer,Nicole Sosa,maximilian.moyer@bilearner.com,SVG,Active,Part-Time,Full-Time,Retirement,Production       ,Field Operations,1987-09-16,MA,Male,Fully Meets,2369,2023-02-18,5,2,Leadership Development,External,Failed,Butlershire,711.15
Salvador,Robinson,2020-02-21,2021-11-29,Network Engineer,Cynthia Nguyen,salvador.robinson@bilearner.com,TNS,Active,Contract,Full-Time,Retirement,Production       ,Field Operations,1952-01-31,MA,Male,Fully Meets,2370,2022-10-03,1,2,Leadership Development,External,Incomplete,Henrytown,644.97
Junior,York,2019-08-05,2021-12-06,Data Analyst,Lisa Davis,junior.york@bilearner.com,CCDR,Active,Full-Time,Part-Time,Involuntary,Production       ,Field Operations,1992-03-10,MA,Female,Fully Meets,2372,2023-08-02,3,4,Leadership Development,Internal,Completed,West David,784.93
Marilyn,Wiley,2020-11-05,2022-06-04,Data Analyst ,Erica Allen,marilyn.wiley@bilearner.com,BPC,Active,Full-Time,Full-Time,Resignation,IT/IS,Catv,1982-10-22,MA,Female,Fully Meets,2373,2023-07-21,3,5,Project Management,External,Completed,Paynetown,801.63
Selena,Hebert,2021-06-12,2022-02-25,Data Analyst,Michael Lucas,selena.hebert@bilearner.com,WBL,Active,Part-Time,Part-Time,Retirement,IT/IS,Field Operations,1962-08-09,MA,Female,Fully Meets,2374,2023-01-16,1,2,Customer Service,External,Incomplete,West Heather,650.48
Erica,Sloan,2023-04-09,2023-06-03,Production Manager,Jamie Simon,erica.sloan@bilearner.com,CCDR,Active,Full-Time,Temporary,Involuntary,Production       ,Field Operations,1983-10-10,MA,Female,Fully Meets,2376,2022-12-07,5,2,Communication Skills,Internal,Completed,Nguyenton,755.69
Carolyn,Sosa,2019-10-19,2020-12-23,Production Manager,Jennifer Krause,carolyn.sosa@bilearner.com,MSC,Voluntarily Terminated,Full-Time,Part-Time,Resignation,Production       ,Fielders,1991-12-22,MA,Female,Fully Meets,2379,2023-07-01,2,5,Communication Skills,External,Completed,Danielfurt,146.18
German,Higgins,2023-07-02,2023-07-11,Production Manager,Heidi Martin,german.higgins@bilearner.com,TNS,Active,Full-Time,Temporary,Retirement,Production       ,General - Con,1956-12-19,MA,Female,Fully Meets,2380,2022-10-25,2,1,Customer Service,Internal,Completed,South Danielchester,910.96
Davion,Friedman,2023-07-17,2023-07-28,Production Manager,Mark Wood,davion.friedman@bilearner.com,WBL,Active,Part-Time,Temporary,Involuntary,Production       ,Catv,1943-12-10,MA,Male,Fully Meets,2382,2022-11-19,4,3,Project Management,Internal,Completed,Wrighthaven,751.78
Matthias,Dunlap,2021-10-14,2022-10-21,Production Manager,Kimberly Moore,matthias.dunlap@bilearner.com,PL,Terminated for Cause,Full-Time,Temporary,Resignation,Production       ,Field Operations,1979-09-11,MA,Female,Fully Meets,2384,2022-09-03,2,2,Communication Skills,Internal,Failed,Washingtonville,166.1
Gretchen,Richards,2022-06-27,2023-01-05,President & CEO,Brandi Lambert,gretchen.richards@bilearner.com,SVG,Active,Contract,Temporary,Resignation,Production       ,Safety,1994-05-28,MA,Male,Fully Meets,2387,2023-01-06,1,2,Communication Skills,Internal,Failed,North Courtneychester,459.27
Keshawn,Singh,2019-11-03,2021-06-22,Data Analyst,Michelle Scott,keshawn.singh@bilearner.com,EW,Active,Contract,Part-Time,Resignation,Production       ,General - Eng,1976-05-22,MA,Male,Fully Meets,2389,2023-06-06,1,4,Technical Skills,Internal,Completed,North Kimside,718.39
Barrett,Obrien,2020-05-15,2021-12-27,Data Analyst,Lawrence Walsh,barrett.obrien@bilearner.com,MSC,Active,Part-Time,Part-Time,Involuntary,Production       ,Engineers,1943-02-13,MA,Female,Fully Meets,2390,2022-10-18,1,5,Customer Service,External,Completed,Davidview,923.06
Gisselle,Villanueva,2023-04-28,2023-05-13,Data Analyst ,Cassandra Snyder,gisselle.villanueva@bilearner.com,TNS,Active,Part-Time,Full-Time,Resignation,IT/IS,Splicing,1964-02-11,MA,Female,Fully Meets,2391,2023-06-22,3,3,Technical Skills,External,Failed,Hughesburgh,363.35
Rhett,Holmes,2018-12-05,2021-09-15,Production Manager,Michael Morse,rhett.holmes@bilearner.com,NEL,Active,Full-Time,Part-Time,Involuntary,Production       ,Engineers,1993-09-04,MA,Female,Fully Meets,2393,2023-05-12,3,2,Project Management,External,Completed,Popeside,803.82
Harold,David,2022-04-25,2023-06-23,Production Manager,Patty Boyd,harold.david@bilearner.com,PL,Active,Full-Time,Full-Time,Involuntary,Production       ,Field Operations,1980-09-17,MA,Male,Fully Meets,2394,2022-11-18,4,1,Customer Service,Internal,Completed,East Robinville,661.88
Reginald,Klein,2022-06-30,2022-07-13,Production Manager,Gerald Carpenter,reginald.klein@bilearner.com,SVG,Voluntarily Terminated,Contract,Part-Time,Resignation,Production       ,General - Eng,1960-07-18,MA,Female,Fully Meets,2396,2022-12-14,3,4,Project Management,External,Completed,Castrofort,887.46
Marcos,Sloan,2018-09-19,2019-04-29,Production Manager,Barry Powell,marcos.sloan@bilearner.com,TNS,Active,Part-Time,Full-Time,Retirement,Production       ,Field Operations,1990-08-22,MA,Female,Fully Meets,2397,2022-09-08,2,5,Project Management,External,Completed,Port Anthonyton,514.94
Davion,Hahn,2019-07-08,2022-08-16,Production Manager,Angela Bailey,davion.hahn@bilearner.com,WBL,Active,Contract,Temporary,Resignation,Production       ,General - Con,1959-06-11,MA,Female,Fully Meets,2398,2023-01-07,4,3,Technical Skills,External,Incomplete,Batesburgh,304.35
Brice,Phillips,2023-05-25,2023-07-31,Production Manager,Brian Peters,brice.phillips@bilearner.com,PYZ,Active,Full-Time,Part-Time,Retirement,Production       ,Wireline Construction,1958-06-13,MA,Male,Fully Meets,2399,2022-11-29,1,4,Customer Service,External,Passed,Patrickmouth,329.83
Darien,Young,2022-11-09,2023-01-10,Production Manager,Christopher Reid,darien.young@bilearner.com,NEL,Terminated for Cause,Full-Time,Part-Time,Resignation,Production       ,Field Operations,1945-09-23,MA,Female,Fully Meets,2401,2022-12-23,1,1,Customer Service,Internal,Failed,Benjaminton,935.2
Hayley,Chung,2022-04-14,2022-09-22,Production Manager,Dawn Smith,hayley.chung@bilearner.com,PL,Terminated for Cause,Full-Time,Full-Time,Resignation,Production       ,Shop (Fleet),1985-09-19,MA,Female,Fully Meets,2402,2022-10-29,3,2,Communication Skills,External,Failed,Lake Ashleyview,478.73
Ellis,Maldonado,2020-08-06,2022-07-29,Production Manager,Michael Hayes,ellis.maldonado@bilearner.com,BPC,Active,Full-Time,Temporary,Retirement,Production       ,Finance & Accounting,1958-03-22,MA,Female,Fully Meets,2403,2022-11-07,3,3,Technical Skills,External,Failed,Perezmouth,766.04
Alena,Ibarra,2019-06-26,2020-01-27,Production Manager,Brandy Coleman,alena.ibarra@bilearner.com,CCDR,Active,Contract,Temporary,Voluntary,Production       ,General - Con,1949-05-19,MA,Female,Fully Meets,2404,2023-05-01,3,3,Project Management,External,Failed,Powellberg,561.63
Emily,Davidson,2020-09-13,2022-03-15,President & CEO,Jackie Walsh,emily.davidson@bilearner.com,SVG,Voluntarily Terminated,Full-Time,Part-Time,Involuntary,Production       ,Field Operations,1950-04-06,MA,Male,Fully Meets,2405,2023-07-25,4,1,Technical Skills,External,Completed,Amberland,722.5
Lamont,Prince,2019-10-06,2023-04-14,Data Analyst,Gary Gray,lamont.prince@bilearner.com,EW,Active,Full-Time,Temporary,Involuntary,Production       ,Finance & Accounting,1953-04-17,MA,Male,Fully Meets,2407,2022-09-23,3,5,Project Management,Internal,Completed,Patriciatown,545.35
Frankie,Yang,2022-01-30,2023-03-22,Production Manager,James Spears,frankie.yang@bilearner.com,PL,Active,Full-Time,Part-Time,Voluntary,Production       ,Engineers,1994-10-13,MA,Male,Fully Meets,2412,2023-04-10,5,4,Project Management,Internal,Passed,South Scottbury,859.0
Alexus,Greer,2022-07-27,2022-10-09,Production Manager,Clayton Phillips,alexus.greer@bilearner.com,PYZ,Active,Full-Time,Temporary,Resignation,Production       ,General - Con,1942-04-10,MA,Female,Fully Meets,2413,2022-11-08,4,2,Communication Skills,External,Failed,Kelseyfurt,193.51
Raelynn,Lara,2021-02-08,2022-08-23,Production Manager,Steven Drake,raelynn.lara@bilearner.com,TNS,Active,Full-Time,Full-Time,Involuntary,Production       ,Field Operations,1952-09-10,MA,Female,Fully Meets,2415,2023-02-08,1,2,Customer Service,Internal,Failed,Port Robert,938.18
Hayley,Webb,2021-02-27,2023-07-30,Production Manager,Anna Love,hayley.webb@bilearner.com,BPC,Active,Contract,Full-Time,Retirement,Production       ,Engineers,1986-11-10,MA,Male,Fully Meets,2417,2022-09-17,2,3,Communication Skills,External,Passed,East Andrea,587.29
Teagan,Rodriguez,2022-01-26,2023-05-04,Production Manager,Sean Garcia,teagan.rodriguez@bilearner.com,CCDR,Terminated for Cause,Contract,Temporary,Involuntary,Production       ,Project Management - Con,1942-06-20,MA,Male,Fully Meets,2418,2023-03-08,3,2,Technical Skills,External,Failed,Aliciaburgh,966.19
Rigoberto,Gibson,2021-12-21,2022-04-07,Production Manager,Joseph Parker,rigoberto.gibson@bilearner.com,PL,Voluntarily Terminated,Part-Time,Temporary,Involuntary,Production       ,General - Con,1949-03-16,MA,Male,Fully Meets,2422,2022-10-18,5,4,Leadership Development,External,Failed,Woodsbury,400.73
Jonathon,Montes,2019-02-26,2021-03-24,Network Engineer,Joseph Krause,jonathon.montes@bilearner.com,SVG,Active,Full-Time,Full-Time,Resignation,Executive Office,Engineers,1974-08-18,MA,Male,Fully Meets,2424,2023-02-25,2,1,Customer Service,Internal,Failed,Rebeccaville,292.85
Alexzander,Guzman,2022-06-19,2023-05-20,Director of Operations,David Patel,alexzander.guzman@bilearner.com,MSC,Active,Contract,Full-Time,Resignation,Production       ,Wireline Construction,1982-06-15,MA,Male,Fully Meets,2425,2023-03-28,2,2,Technical Skills,External,Failed,New Benjamin,136.76
Gunnar,Gray,2020-07-20,2023-07-10,Data Analyst,Johnny Hall,gunnar.gray@bilearner.com,EW,Active,Full-Time,Part-Time,Retirement,Production       ,General - Con,1959-03-03,MA,Female,Fully Meets,2426,2022-10-21,5,5,Leadership Development,External,Incomplete,West Tylerview,107.48
Emilee,Thompson,2020-01-17,2020-04-20,Data Analyst,Mary Contreras,emilee.thompson@bilearner.com,CCDR,Active,Part-Time,Full-Time,Voluntary,IT/IS,Field Operations,1956-11-22,MA,Female,Fully Meets,2427,2023-04-14,2,2,Communication Skills,Internal,Passed,South Christopher,528.76
Emmett,Chandler,2021-06-04,2022-02-11,Data Analyst ,Pamela Shelton,emmett.chandler@bilearner.com,BPC,Active,Part-Time,Temporary,Voluntary,IT/IS,Yard (Material Handling),1963-01-22,MA,Female,Fully Meets,2428,2022-11-30,2,5,Customer Service,External,Passed,Brianstad,549.8
Vincent,Ramsey,2019-04-19,2020-07-02,Production Manager,Kristy Taylor,vincent.ramsey@bilearner.com,BPC,Active,Part-Time,Temporary,Involuntary,Production       ,Field Operations,1999-05-01,MA,Male,Fully Meets,2429,2022-11-06,3,4,Communication Skills,External,Completed,Simonfort,308.1
Dallas,Ross,2018-11-17,2020-12-20,Production Manager,Gregory Myers,dallas.ross@bilearner.com,CCDR,Active,Full-Time,Part-Time,Voluntary,Production       ,General - Con,1948-04-25,MA,Male,Fully Meets,2430,2022-09-22,2,1,Technical Skills,External,Passed,Castillofort,622.08
Elvis,Kaufman,2022-08-18,2023-06-20,Production Manager,Gregg Thomas,elvis.kaufman@bilearner.com,SVG,Active,Contract,Full-Time,Resignation,Production       ,General - Con,1942-03-12,MA,Female,Fully Meets,2431,2022-10-31,4,2,Customer Service,External,Incomplete,Simmonsstad,730.23
Rayna,Gates,2023-02-10,2023-04-24,Production Manager,William Castillo,rayna.gates@bilearner.com,EW,Voluntarily Terminated,Contract,Full-Time,Retirement,Production       ,Yard (Material Handling),1963-04-18,MA,Female,Fully Meets,2432,2023-07-30,1,1,Customer Service,External,Failed,New Jordan,353.71
Darryl,Wiley,2020-04-22,2022-08-03,Production Manager,Edwin Freeman,darryl.wiley@bilearner.com,MSC,Active,Contract,Temporary,Retirement,Production       ,Engineers,1976-08-30,MA,Male,Fully Meets,2433,2022-08-05,1,5,Technical Skills,Internal,Completed,Johnsonport,580.82
Liam,Blevins,2023-01-14,2023-05-07,Production Manager,Melissa Rice,liam.blevins@bilearner.com,TNS,Active,Part-Time,Full-Time,Involuntary,Production       ,General - Con,1991-09-22,MA,Male,Fully Meets,2434,2022-08-14,5,2,Leadership Development,External,Failed,Guzmanside,810.59
Easton,Zavala,2023-03-13,2023-03-21,Production Manager,Gina Dillon,easton.zavala@bilearner.com,PYZ,Terminated for Cause,Full-Time,Part-Time,Involuntary,Production       ,Engineers,1982-06-05,MA,Male,Fully Meets,2435,2023-01-29,1,3,Communication Skills,Internal,Incomplete,Booneside,150.58
Susan,Wiggins,2022-12-30,2023-04-16,Production Manager,Anna Garcia,susan.wiggins@bilearner.com,WBL,Terminated for Cause,Full-Time,Part-Time,Voluntary,Production       ,Field Operations,1958-04-23,MA,Male,Fully Meets,2436,2022-11-04,1,3,Project Management,External,Failed,Port Brandi,985.02
Alison,Evans,2020-06-04,2022-10-30,Production Manager,Christopher Mccann,alison.evans@bilearner.com,NEL,Terminated for Cause,Full-Time,Full-Time,Voluntary,Production       ,Shop (Fleet),1977-05-30,MA,Female,Fully Meets,2437,2022-10-17,3,5,Customer Service,External,Completed,Davisfurt,669.99
Larissa,Garza,2023-01-31,2023-06-22,Director of Operations,Sandra Manning,larissa.garza@bilearner.com,SVG,Active,Contract,Full-Time,Resignation,Production       ,Executive,1973-04-16,MA,Female,Fully Meets,2442,2023-01-26,2,1,Communication Skills,Internal,Failed,Lake Chris,688.8
Devan,Hall,2021-12-06,2023-01-11,Production Manager,Wendy James,devan.hall@bilearner.com,NEL,Active,Contract,Full-Time,Involuntary,Production       ,Executive,1948-10-20,MA,Male,Fully Meets,2446,2023-06-09,1,2,Communication Skills,External,Passed,North Paul,129.32
Jensen,Mccullough,2020-02-02,2022-03-06,Production Manager,Eric Miller,jensen.mccullough@bilearner.com,PL,Active,Full-Time,Full-Time,Voluntary,Production       ,Engineers,1992-04-13,MA,Female,Fully Meets,2447,2023-02-01,5,3,Technical Skills,Internal,Completed,East Keithside,505.6
Kristin,Hickman,2020-10-23,2021-03-14,Production Manager,Doris Boyd,kristin.hickman@bilearner.com,PYZ,Voluntarily Terminated,Full-Time,Part-Time,Voluntary,Production       ,General - Eng,1989-01-17,MA,Female,Fully Meets,2448,2023-04-14,2,2,Customer Service,Internal,Passed,Port Chelseaburgh,633.54
Chana,Fox,2020-04-29,2021-07-10,Production Manager,Desiree Blair,chana.fox@bilearner.com,SVG,Voluntarily Terminated,Part-Time,Temporary,Retirement,Production       ,Aerial,1986-02-10,MA,Female,Fully Meets,2449,2023-01-28,4,5,Project Management,External,Passed,Port Tonyashire,485.29
Vivian,Bright,2022-08-18,2022-09-24,Production Manager,Angela Chapman,vivian.bright@bilearner.com,TNS,Active,Full-Time,Part-Time,Resignation,Production       ,Aerial,1996-10-15,MA,Male,Fully Meets,2450,2023-01-21,5,3,Project Management,Internal,Completed,New Nathaniel,302.62
Angelica,Gamble,2020-10-21,2022-03-24,President & CEO,Robert Conway,angelica.gamble@bilearner.com,PYZ,Active,Part-Time,Temporary,Voluntary,Production       ,Shop (Fleet),1979-03-10,MA,Male,Fully Meets,2458,2022-09-19,5,3,Customer Service,Internal,Failed,South Corey,912.62
Bradyn,Pham,2020-12-15,2021-06-24,Director of Operations,Sarah Kennedy,bradyn.pham@bilearner.com,SVG,Active,Full-Time,Temporary,Retirement,Production       ,Field Operations,1995-07-10,RI,Female,Fully Meets,2459,2022-10-14,5,5,Project Management,External,Failed,East Lindaberg,973.11
Konner,Pierce,2018-09-05,2023-01-27,Data Analyst,Kathryn Chen,konner.pierce@bilearner.com,EW,Active,Contract,Full-Time,Retirement,IT/IS,Finance & Accounting,1959-10-21,MA,Female,Fully Meets,2460,2023-03-24,3,4,Communication Skills,External,Passed,Longton,637.58
Lainey,York,2020-01-09,2021-01-27,Production Manager,Miranda Webb,lainey.york@bilearner.com,NEL,Active,Part-Time,Full-Time,Voluntary,Production       ,General - Con,1948-11-03,MA,Female,Fully Meets,2462,2023-05-09,4,1,Customer Service,External,Completed,West Cindy,758.62
Callum,Miles,2020-04-13,2021-06-26,Production Manager,Heidi Mann,callum.miles@bilearner.com,CCDR,Active,Contract,Full-Time,Retirement,Production       ,Field Operations,1961-11-09,MA,Female,Fully Meets,2465,2023-01-06,3,3,Project Management,Internal,Incomplete,Port Patriciabury,475.26
Natasha,Valdez,2021-11-14,2023-01-22,Production Manager,Matthew Hull,natasha.valdez@bilearner.com,SVG,Voluntarily Terminated,Contract,Full-Time,Voluntary,Production       ,Fielders,1967-09-13,MA,Female,Fully Meets,2466,2022-09-14,2,4,Customer Service,External,Failed,Laurabury,652.89
Talia,Barrett,2022-03-17,2023-06-23,Production Manager,Ryan Wise,talia.barrett@bilearner.com,EW,Voluntarily Terminated,Full-Time,Full-Time,Involuntary,Production       ,Engineers,1979-01-02,MA,Female,Fully Meets,2467,2022-08-14,1,1,Customer Service,External,Passed,Danielsshire,832.16
Uriah,Pennington,2021-11-27,2023-06-22,Production Manager,Heather Liu,uriah.pennington@bilearner.com,TNS,Active,Part-Time,Part-Time,Involuntary,Production       ,Field Operations,2001-02-04,MA,Male,Fully Meets,2469,2023-04-13,2,1,Project Management,External,Completed,North Michele,780.71
Anastasia,Hardy,2021-03-27,2022-06-23,Production Manager,Alexa Powell,anastasia.hardy@bilearner.com,MSC,Active,Contract,Full-Time,Involuntary,Production       ,Corp Operations,1982-07-15,MA,Male,Fully Meets,2473,2022-09-16,4,4,Leadership Development,Internal,Completed,Port Joshua,938.63
Aliana,Blake,2023-03-12,2023-06-02,Production Manager,Amber Ross,aliana.blake@bilearner.com,NEL,Active,Contract,Temporary,Involuntary,Production       ,Field Operations,1959-01-13,MA,Male,Fully Meets,2474,2023-06-12,4,5,Project Management,Internal,Completed,Port Lisaburgh,543.64
Houston,Burnett,2022-10-05,2022-12-17,Production Manager,Gabriel Fitzgerald,houston.burnett@bilearner.com,PL,Voluntarily Terminated,Part-Time,Temporary,Retirement,Production       ,General - Con,1942-02-26,MA,Male,Fully Meets,2475,2023-05-18,1,4,Leadership Development,Internal,Failed,Stokeshaven,117.83
Case,Conley,2021-10-01,2023-06-21,President & CEO,Ryan Thompson,case.conley@bilearner.com,PYZ,Active,Part-Time,Full-Time,Voluntary,Executive Office,Yard (Material Handling),1967-07-11,MA,Male,Fully Meets,2476,2023-03-18,3,5,Technical Skills,External,Completed,Bryantbury,350.21
Mireya,Sutton,2023-04-18,2023-05-17,Data Analyst,Edward Ross,mireya.sutton@bilearner.com,SVG,Active,Contract,Part-Time,Involuntary,IT/IS,General - Con,1946-12-17,MA,Female,Fully Meets,2479,2022-10-31,2,1,Technical Skills,Internal,Passed,New Samuel,439.17
Eric,Dougall,2018-09-01,2022-06-20,IT Manager - Support,Erin Jones,eric.dougall@bilearner.com,PYZ,Active,Contract,Full-Time,Voluntary,IT/IS,Isp,1950-04-17,MA,Male,Fully Meets,2482,2023-01-19,4,2,Customer Service,External,Incomplete,West Crystalberg,688.55
Alex,Sweetwater,2020-03-04,2021-09-08,Software Engineering Manager,Regina Becker,alex.sweetwater@bilearner.com,NEL,Active,Part-Time,Part-Time,Retirement,Software Engineering,Wireless,1945-10-25,MA,Male,Fully Meets,2485,2023-05-14,3,5,Communication Skills,Internal,Completed,Joshuashire,642.68
Braedon,Welch,2022-05-26,2022-10-05,IT Director,Angela Mcdonald,braedon.welch@bilearner.com,PL,Active,Contract,Full-Time,Resignation,IT/IS,Field Operations,1989-01-31,MA,Male,Fully Meets,2488,2023-01-10,2,4,Customer Service,External,Completed,Matthewsview,278.96
Connor,Carrillo,2022-12-03,2023-06-29,Software Engineer,Thomas Green,connor.carrillo@bilearner.com,SVG,Active,Contract,Full-Time,Retirement,Software Engineering,Field Operations,1981-05-16,MA,Male,Fully Meets,2493,2023-01-23,1,3,Communication Skills,Internal,Completed,North Benjaminside,443.46
Owen,Burch,2020-04-04,2022-11-10,IT Manager - DB,Dawn Foley,owen.burch@bilearner.com,MSC,Active,Contract,Temporary,Retirement,IT/IS,Field Operations,1978-08-04,MA,Male,Fully Meets,2494,2022-11-06,1,1,Customer Service,Internal,Incomplete,East Wesleyland,203.97
Abel,Bush,2020-03-08,2023-02-26,IT Director,John Jones,abel.bush@bilearner.com,NEL,Active,Contract,Part-Time,Resignation,IT/IS,Fielders,1970-01-26,MA,Male,Fully Meets,2495,2023-01-10,5,1,Project Management,Internal,Incomplete,Goodwinbury,180.44
Selina,Mullins,2020-09-28,2023-03-27,Director of Sales,Brian Thompson,selina.mullins@bilearner.com,PL,Active,Part-Time,Temporary,Retirement,IT/IS,Underground,1961-03-18,MA,Male,Fully Meets,2496,2022-12-15,2,3,Technical Skills,Internal,Passed,Priceside,647.25
Marilyn,Chaney,2021-07-14,2022-08-09,Director of Operations,Angel Howard,marilyn.chaney@bilearner.com,PYZ,Active,Full-Time,Temporary,Voluntary,IT/IS,Field Operations,1955-09-05,MA,Male,Fully Meets,2497,2022-10-27,5,2,Customer Service,Internal,Passed,South Patricia,833.99
Camron,Keller,2019-10-17,2020-03-21,BI Developer,Joseph Bowen,camron.keller@bilearner.com,PYZ,Terminated for Cause,Full-Time,Temporary,Involuntary,IT/IS,Field Operations,1999-09-08,MA,Female,Fully Meets,2498,2023-07-05,5,3,Project Management,Internal,Incomplete,Perryberg,825.58
Ali,Benjamin,2023-04-08,2023-06-09,Software Engineer,Micheal Moreno,ali.benjamin@bilearner.com,PL,Active,Contract,Full-Time,Resignation,Software Engineering,Project Management - Con,1989-09-04,MA,Male,Fully Meets,2499,2023-05-01,5,5,Project Management,Internal,Failed,East Christopher,190.49
Ally,Goodman,2021-12-26,2022-01-29,IT Manager - DB,Sean Wong,ally.goodman@bilearner.com,PL,Active,Contract,Temporary,Voluntary,IT/IS,General - Con,1949-12-23,MA,Male,Fully Meets,2503,2022-12-06,1,1,Technical Skills,External,Incomplete,South Kimberlyshire,354.28
Adalyn,Hess,2023-01-05,2023-01-14,BI Developer,Kimberly Moore,adalyn.hess@bilearner.com,CCDR,Terminated for Cause,Part-Time,Temporary,Resignation,IT/IS,Aerial,1985-09-06,MA,Female,Fully Meets,2507,2023-07-31,2,3,Technical Skills,External,Incomplete,Matthewmouth,680.09
Madeleine,Paul,2020-09-21,2021-10-16,Software Engineer,Abigail Reynolds,madeleine.paul@bilearner.com,EW,Active,Part-Time,Full-Time,Involuntary,Software Engineering,Billable Consultants,1998-03-19,MA,Female,Fully Meets,2509,2023-03-10,1,2,Communication Skills,Internal,Completed,Traceyborough,433.69
Ronald,Lamb,2019-11-25,2023-02-24,Software Engineer,Mitchell Oliver,ronald.lamb@bilearner.com,MSC,Active,Contract,Temporary,Retirement,Software Engineering,Aerial,1988-03-24,MA,Male,Fully Meets,2510,2022-09-10,2,2,Customer Service,Internal,Completed,Huynhburgh,580.84
Ernesto,Beltran,2021-02-05,2023-02-12,Software Engineer,Edwin Sparks,ernesto.beltran@bilearner.com,NEL,Active,Full-Time,Part-Time,Involuntary,Software Engineering,Engineers,1946-12-27,MA,Male,Fully Meets,2511,2023-06-24,4,3,Technical Skills,External,Incomplete,Jessicaside,830.45
Lawrence,Obrien,2023-04-16,2023-05-25,Software Engineer,Pamela Robbins,lawrence.obrien@bilearner.com,PL,Active,Part-Time,Temporary,Retirement,Software Engineering,Field Operations,1967-03-06,MA,Male,Fully Meets,2512,2022-09-02,1,4,Communication Skills,External,Failed,Andersonmouth,802.2
Trinity,Estes,2021-08-19,2022-02-16,IT Manager - DB,Laura Goodman,trinity.estes@bilearner.com,PYZ,Active,Full-Time,Full-Time,Involuntary,IT/IS,General - Eng,1941-10-18,MA,Male,Fully Meets,2513,2023-03-28,5,2,Communication Skills,Internal,Failed,North Jason,337.06
Alina,Benson,2019-12-01,2023-01-25,BI Developer,Mario Ellis,alina.benson@bilearner.com,CCDR,Active,Full-Time,Full-Time,Retirement,IT/IS,Aerial,1963-02-10,MA,Male,Fully Meets,2517,2023-07-05,5,5,Technical Skills,Internal,Incomplete,Lorihaven,826.65
Rebekah,Delacruz,2021-02-28,2022-07-31,BI Developer,Christina Barnes,rebekah.delacruz@bilearner.com,SVG,Active,Full-Time,Full-Time,Voluntary,IT/IS,Wireline Construction,1963-12-26,MA,Male,Fully Meets,2518,2022-12-28,4,2,Customer Service,Internal,Completed,Smithtown,732.18
Zaniyah,Parks,2020-10-09,2021-11-09,IT Manager - DB,Jeffrey Santana,zaniyah.parks@bilearner.com,PL,Active,Full-Time,Temporary,Voluntary,IT/IS,Field Operations,1949-01-21,MA,Male,Fully Meets,2522,2022-08-13,3,3,Communication Skills,Internal,Passed,South Sherryshire,839.04
Larry,Novak,2021-09-15,2023-07-02,Director of Operations,Zachary Higgins,larry.novak@bilearner.com,SVG,Active,Full-Time,Full-Time,Retirement,Sales,General - Con,1952-02-07,MA,Male,Fully Meets,2525,2023-07-23,2,5,Leadership Development,External,Incomplete,North Eddieside,450.81
Rigoberto,Allen,2023-03-20,2023-05-06,BI Developer,Melvin Mitchell,rigoberto.allen@bilearner.com,PYZ,Active,Part-Time,Part-Time,Retirement,IT/IS,Project Management - Con,1985-06-09,MA,Male,Fully Meets,2528,2023-07-10,2,4,Communication Skills,Internal,Passed,Patricialand,760.34
Hana,Lucero,2022-10-20,2023-07-07,Software Engineer,Mr. John Long,hana.lucero@bilearner.com,PL,Active,Part-Time,Temporary,Retirement,Software Engineering,Yard (Material Handling),1980-04-11,MA,Male,Fully Meets,2530,2023-07-18,4,1,Technical Skills,External,Failed,Jamesview,723.57
Luciana,Gill,2023-07-24,2023-07-29,Software Engineer,Mary Thomas,luciana.gill@bilearner.com,BPC,Active,Part-Time,Full-Time,Voluntary,Software Engineering,Executive,1951-05-21,MA,Male,Fully Meets,2531,2022-08-28,2,5,Communication Skills,Internal,Incomplete,East Joseton,725.34
Iyana,Benjamin,2019-04-15,2021-05-23,IT Director,Scott Moore,iyana.benjamin@bilearner.com,BPC,Active,Part-Time,Temporary,Retirement,IT/IS,Project Management - Con,1960-07-05,MA,Male,Fully Meets,2534,2022-10-15,2,2,Leadership Development,Internal,Passed,Michellemouth,739.85
Antoine,Haney,2020-08-24,2023-05-02,Director of Sales,David Roberts,antoine.haney@bilearner.com,CCDR,Active,Contract,Part-Time,Resignation,Sales,Field Operations,1978-09-22,MA,Male,Fully Meets,2535,2022-08-06,2,5,Project Management,Internal,Incomplete,New Brandi,369.68
Darien,Sawyer,2022-09-18,2023-06-07,BI Developer,James Bradley,darien.sawyer@bilearner.com,PL,Active,Full-Time,Full-Time,Involuntary,IT/IS,Field Operations,1951-07-24,MA,Female,Fully Meets,2537,2023-07-26,4,5,Project Management,External,Failed,North Katelynside,475.8
London,Bautista,2022-10-18,2023-01-10,Software Engineering Manager,Caroline Brooks,london.bautista@bilearner.com,CCDR,Active,Contract,Part-Time,Resignation,Software Engineering,Finance & Accounting,1994-08-26,MA,Female,Fully Meets,2540,2023-04-16,3,4,Project Management,Internal,Failed,Victortown,602.26
Ernest,Finley,2019-01-30,2021-03-22,Software Engineer,Kenneth Berry,ernest.finley@bilearner.com,NEL,Voluntarily Terminated,Full-Time,Full-Time,Resignation,Software Engineering,General - Con,1991-12-25,MA,Male,Fully Meets,2543,2023-07-06,3,4,Communication Skills,Internal,Passed,Rothfort,100.45
Wade,Hernandez,2023-05-22,2023-07-12,IT Manager - DB,Julie Howard,wade.hernandez@bilearner.com,SVG,Active,Full-Time,Temporary,Voluntary,IT/IS,Splicing,1946-04-14,MA,Male,Fully Meets,2544,2023-07-07,2,3,Communication Skills,Internal,Completed,Bullockside,767.56
Luz,Garza,2018-11-14,2021-07-08,BI Developer,Brittany Johnson,luz.garza@bilearner.com,PYZ,Active,Contract,Temporary,Resignation,IT/IS,General - Sga,1954-02-16,MA,Female,Fully Meets,2548,2022-08-07,2,5,Project Management,External,Failed,Carpentershire,670.58
Beckett,Beck,2020-11-19,2021-11-03,Software Engineering Manager,Mark Cole,beckett.beck@bilearner.com,WBL,Active,Contract,Part-Time,Involuntary,Software Engineering,General - Con,1952-04-25,MA,Female,Fully Meets,2550,2023-01-01,3,1,Project Management,Internal,Incomplete,West Christina,997.89
Coby,Giles,2023-05-04,2023-07-02,Software Engineer,Edwin Chen,coby.giles@bilearner.com,NEL,Active,Full-Time,Temporary,Voluntary,Software Engineering,General - Con,1988-05-12,MA,Female,Fully Meets,2551,2022-09-03,4,2,Communication Skills,Internal,Completed,Mclaughlinview,985.0
Ralph,Barrera,2022-08-19,2023-01-18,IT Manager - DB,William Brown,ralph.barrera@bilearner.com,NEL,Active,Contract,Part-Time,Resignation,IT/IS,Aerial,1973-10-09,MA,Male,Fully Meets,2553,2022-10-16,2,2,Project Management,External,Failed,Hunterhaven,414.08
Shania,Caldwell,2022-07-18,2023-05-09,IT Manager - DB,Dylan Brown,shania.caldwell@bilearner.com,PL,Active,Part-Time,Full-Time,Voluntary,IT/IS,General - Eng,1991-10-03,MA,Male,Fully Meets,2554,2022-12-29,5,1,Communication Skills,External,Completed,Lake Miguel,889.09
Colby,Horne,2019-08-14,2021-05-13,IT Director,Victoria Munoz,colby.horne@bilearner.com,BPC,Active,Full-Time,Temporary,Resignation,IT/IS,Wireless,1956-10-26,MA,Male,Fully Meets,2555,2023-05-14,5,1,Technical Skills,Internal,Passed,Andreaview,650.08
Kaiden,Cunningham,2020-12-10,2022-05-30,Director of Sales,John Smith,kaiden.cunningham@bilearner.com,CCDR,Active,Part-Time,Full-Time,Voluntary,Sales,Project Management - Eng,1996-04-25,MA,Male,Fully Meets,2556,2023-02-01,4,1,Customer Service,Internal,Passed,Barajasside,283.57
Maeve,Gordon,2021-11-19,2021-12-27,Software Engineering Manager,Ernest Jones,maeve.gordon@bilearner.com,WBL,Active,Full-Time,Full-Time,Involuntary,Software Engineering,Field Operations,1965-11-25,MA,Female,Fully Meets,2558,2022-12-15,2,4,Technical Skills,Internal,Failed,Lake Mauricefurt,900.85
Nathan,Schmitt,2021-06-30,2021-07-28,IT Manager - Infra,Sarah Campbell,nathan.schmitt@bilearner.com,WBL,Active,Part-Time,Part-Time,Voluntary,IT/IS,Field Operations,1977-01-05,MA,Male,Fully Meets,2560,2022-10-19,5,1,Communication Skills,External,Failed,Bradleyfurt,981.9
Angelique,Cochran,2021-04-12,2023-03-06,IT Manager - DB,Benjamin Mcdonald,angelique.cochran@bilearner.com,PL,Active,Contract,Full-Time,Retirement,IT/IS,Field Operations,1967-11-18,MA,Male,Fully Meets,2562,2023-04-17,1,4,Customer Service,Internal,Failed,Lake Sherri,657.23
Deandre,Oneal,2019-10-31,2020-03-01,Director of Sales,Brian Mueller,deandre.oneal@bilearner.com,CCDR,Active,Contract,Full-Time,Voluntary,Sales,General - Con,1995-07-11,MA,Male,Fully Meets,2564,2022-12-11,1,4,Leadership Development,Internal,Completed,North Jefferyberg,624.9
Sylvia,Price,2022-12-22,2023-07-26,IT Manager - Infra,Christy Cunningham,sylvia.price@bilearner.com,CCDR,Active,Full-Time,Part-Time,Voluntary,IT/IS,Field Operations,1959-10-15,MA,Male,Fully Meets,2567,2022-08-17,4,3,Communication Skills,Internal,Failed,Kimfort,660.4
Emerson,Grimes,2021-10-07,2021-12-31,IT Manager - DB,Mrs. Debra Flynn,emerson.grimes@bilearner.com,MSC,Active,Full-Time,Temporary,Retirement,IT/IS,General - Con,1995-03-28,MA,Male,Fully Meets,2569,2023-05-28,3,4,Project Management,Internal,Completed,Mitchellchester,694.21
Ayden,Wu,2019-06-16,2023-05-21,IT Director,Tamara Adkins,ayden.wu@bilearner.com,NEL,Active,Contract,Full-Time,Voluntary,IT/IS,Field Operations,1991-11-18,MA,Male,Fully Meets,2570,2023-04-15,3,3,Customer Service,Internal,Incomplete,North Rebecca,737.84
Hayley,Keller,2021-03-17,2022-09-08,BI Director,Megan Hart,hayley.keller@bilearner.com,SVG,Active,Part-Time,Full-Time,Retirement,IT/IS,Field Operations,1989-02-11,MA,Female,Fully Meets,2571,2023-06-19,3,3,Technical Skills,Internal,Failed,Jimmymouth,919.95
Alannah,Rivas,2022-08-07,2023-04-26,BI Developer,Stacy Lopez,alannah.rivas@bilearner.com,PYZ,Active,Contract,Temporary,Resignation,IT/IS,Engineers,1994-05-20,MA,Male,Fully Meets,2572,2022-10-19,1,1,Technical Skills,Internal,Completed,Coopermouth,797.82
Jessica,Bunbury,2020-01-17,2023-02-28,Area Sales Manager,Keith Adams,jessica.bunbury@bilearner.com,NEL,Voluntarily Terminated,Contract,Temporary,Voluntary,Sales,Field Operations,1987-01-02,VA,Female,Fully Meets,2573,2023-04-24,1,4,Customer Service,Internal,Passed,South Garymouth,806.47
Giovanni,Leruth,2022-06-11,2023-02-20,Area Sales Manager,Travis Davenport,giovanni.leruth@bilearner.com,EW,Active,Full-Time,Full-Time,Involuntary,Sales,Billable Consultants,1971-11-18,UT,Male,Fully Meets,2574,2023-03-20,3,1,Technical Skills,External,Failed,Claudiahaven,376.59
Ricardo,Gonzales,2021-03-03,2023-01-30,Area Sales Manager,Patricia Norris,ricardo.gonzales@bilearner.com,PYZ,Active,Contract,Temporary,Retirement,Sales,Splicing,1951-06-21,ID,Male,Fully Meets,2575,2023-05-26,4,3,Communication Skills,Internal,Incomplete,Deborahland,157.17
Caitrin,Strong,2020-04-16,2021-03-15,Area Sales Manager,Patrick Patterson,caitrin.strong@bilearner.com,CCDR,Active,Contract,Part-Time,Resignation,Sales,General - Sga,1969-12-27,MT,Female,Fully Meets,2576,2022-11-19,2,4,Leadership Development,External,Incomplete,Palmerfurt,608.82
Jenna,Dietrich,2022-09-22,2023-01-28,Area Sales Manager,Mrs. Stephanie Forbes,jenna.dietrich@bilearner.com,PYZ,Active,Full-Time,Temporary,Voluntary,Sales,Wireline Construction,1963-07-28,WA,Female,Fully Meets,2577,2022-09-18,5,2,Communication Skills,Internal,Failed,South Michael,928.48
Alfred,Digitale,2020-04-29,2021-10-20,Area Sales Manager,Nathan Kelly,alfred.digitale@bilearner.com,BPC,Active,Full-Time,Part-Time,Resignation,Sales,Finance & Accounting,1954-04-07,NH,Male,Fully Meets,2580,2022-10-28,1,2,Communication Skills,Internal,Incomplete,Washingtonchester,227.13
Rylee,Frye,2019-09-04,2020-04-13,Area Sales Manager,Ashley Phillips,rylee.frye@bilearner.com,NEL,Active,Full-Time,Part-Time,Involuntary,Sales,Field Operations,2000-07-31,MA,Male,Fully Meets,2587,2022-11-24,4,4,Project Management,Internal,Failed,West Dylan,583.69
Stephanie,Wilkinson,2023-01-13,2023-02-12,Area Sales Manager,Nancy Mccarthy,stephanie.wilkinson@bilearner.com,CCDR,Active,Part-Time,Full-Time,Retirement,Sales,Engineers,1998-02-07,AZ,Male,Fully Meets,2590,2022-08-28,1,1,Leadership Development,External,Incomplete,West Daniel,606.76
Sage,Booker,2018-12-01,2021-06-23,Area Sales Manager,Kimberly Lee,sage.booker@bilearner.com,MSC,Active,Contract,Temporary,Voluntary,Sales,General - Con,1972-02-08,TN,Male,Fully Meets,2593,2023-04-04,3,1,Communication Skills,Internal,Failed,Melvinchester,659.82
Thaddeus,Lutz,2021-10-16,2022-05-04,Area Sales Manager,Katelyn Kramer,thaddeus.lutz@bilearner.com,WBL,Active,Contract,Full-Time,Voluntary,Sales,Corp Operations,1977-05-20,ID,Male,Fully Meets,2596,2023-06-06,4,1,Communication Skills,External,Incomplete,New Ericaborough,114.28
Jase,Waters,2022-03-27,2023-06-14,Administrative Assistant,Michaela Jones,jase.waters@bilearner.com,BPC,Active,Contract,Temporary,Voluntary,Sales,Yard (Material Handling),1942-07-11,ID,Female,Fully Meets,2599,2023-03-31,1,4,Customer Service,External,Failed,Roblesport,288.93
Anya,Baldwin,2019-11-29,2020-04-21,Administrative Assistant,Lonnie Sanders,anya.baldwin@bilearner.com,SVG,Active,Full-Time,Part-Time,Involuntary,Sales,General - Con,2001-03-02,WA,Female,Fully Meets,2601,2022-10-06,3,5,Communication Skills,External,Failed,Marissastad,944.24
Jacquelyn,Austin,2019-04-16,2022-08-05,Accountant I,Ariana Brady,jacquelyn.austin@bilearner.com,EW,Active,Full-Time,Full-Time,Involuntary,Admin Offices,Wireline Construction,1982-08-07,MA,Female,Fully Meets,2602,2023-02-10,5,5,Leadership Development,Internal,Failed,Brownhaven,364.41
Kaitlynn,Aguirre,2019-03-05,2019-10-12,Area Sales Manager,Jessica Rose,kaitlynn.aguirre@bilearner.com,NEL,Active,Part-Time,Full-Time,Involuntary,Sales,Splicing,1999-06-08,MA,Male,Fully Meets,2603,2022-12-04,4,1,Communication Skills,Internal,Passed,Christopherside,605.84
Saniyah,Cantu,2018-12-20,2020-05-29,Area Sales Manager,Barbara Neal,saniyah.cantu@bilearner.com,PL,Active,Contract,Full-Time,Voluntary,Sales,Aerial,1987-03-10,MA,Male,Fully Meets,2604,2023-01-23,1,1,Leadership Development,Internal,Failed,Robinview,990.59
Jakayla,Dickson,2021-03-08,2023-05-29,Area Sales Manager,Julie Mcclain,jakayla.dickson@bilearner.com,BPC,Active,Full-Time,Part-Time,Retirement,Sales,Wireline Construction,1968-08-11,AZ,Male,Fully Meets,2605,2023-02-25,3,4,Project Management,External,Completed,Reidburgh,549.19
Harrison,Camacho,2019-12-06,2021-07-18,Area Sales Manager,Robert Thompson,harrison.camacho@bilearner.com,MSC,Active,Part-Time,Temporary,Retirement,Sales,General - Sga,1971-08-13,TN,Male,Fully Meets,2609,2023-04-29,3,3,Communication Skills,External,Passed,Salazarstad,484.08
Ronald,Marquez,2022-09-23,2023-01-25,Area Sales Manager,Kelly James,ronald.marquez@bilearner.com,TNS,Active,Full-Time,Full-Time,Retirement,Sales,General - Con,1947-12-30,TN,Male,Fully Meets,2610,2022-11-04,5,1,Customer Service,External,Passed,Lake Jennifer,184.63
Arabella,Hunter,2019-12-26,2022-06-04,Area Sales Manager,Juan Henson,arabella.hunter@bilearner.com,PYZ,Active,Part-Time,Temporary,Voluntary,Sales,Wireline Construction,1956-09-22,TN,Male,Fully Meets,2611,2023-06-25,5,3,Customer Service,Internal,Failed,Rileybury,793.77
Amiya,Richardson,2018-08-27,2019-12-19,Area Sales Manager,Jacob Nelson,amiya.richardson@bilearner.com,WBL,Active,Part-Time,Part-Time,Retirement,Sales,Field Operations,1963-07-01,ID,Male,Fully Meets,2612,2023-03-26,2,2,Customer Service,Internal,Completed,Carmenfurt,301.02
Raquel,Sosa,2022-12-12,2023-03-07,Area Sales Manager,Lisa Green,raquel.sosa@bilearner.com,NEL,Active,Part-Time,Full-Time,Resignation,Sales,Project Management - Eng,1944-07-16,ID,Male,Fully Meets,2613,2023-03-04,2,1,Leadership Development,Internal,Failed,East Josephmouth,253.86
Destiney,Navarro,2019-08-14,2022-09-04,Administrative Assistant,Gary Ortiz,destiney.navarro@bilearner.com,CCDR,Active,Full-Time,Part-Time,Involuntary,Sales,Engineers,1972-12-18,WA,Female,Fully Meets,2616,2022-09-12,3,1,Customer Service,External,Failed,Paulmouth,428.33
Yadira,Barron,2020-08-02,2022-12-30,Administrative Assistant,Tanya Wilson,yadira.barron@bilearner.com,SVG,Active,Full-Time,Full-Time,Retirement,Sales,Catv,1995-04-26,WA,Female,Fully Meets,2617,2022-12-23,4,4,Project Management,External,Completed,South Mark,806.47
Carlo,Giles,2020-06-17,2022-02-08,Area Sales Manager,Alexandria Brown,carlo.giles@bilearner.com,WBL,Active,Contract,Temporary,Involuntary,Sales,Field Operations,1946-04-06,MA,Male,Fully Meets,2619,2023-03-21,1,2,Technical Skills,Internal,Completed,Cynthiaview,440.24
Harper,Clark,2020-05-21,2021-06-13,Area Sales Manager,Benjamin Cooper,harper.clark@bilearner.com,CCDR,Active,Contract,Full-Time,Involuntary,Sales,Field Operations,1953-07-13,AZ,Male,Fully Meets,2623,2022-11-10,2,5,Leadership Development,Internal,Incomplete,Fernandezhaven,310.28
Charles,Howard,2023-06-11,2023-07-28,Area Sales Manager,Janet Andrews,charles.howard@bilearner.com,SVG,Active,Part-Time,Temporary,Retirement,Sales,Wireline Construction,1984-07-22,AL,Male,Fully Meets,2624,2023-01-24,1,4,Customer Service,Internal,Incomplete,New Carmenchester,227.91
Jaron,Rojas,2022-11-27,2023-05-19,Area Sales Manager,William Ellis,jaron.rojas@bilearner.com,EW,Active,Full-Time,Full-Time,Retirement,Sales,Splicing,1943-11-09,TN,Male,Fully Meets,2625,2022-10-11,5,5,Technical Skills,Internal,Failed,Lopezside,379.25
Jordyn,Mcguire,2020-03-02,2022-05-27,Area Sales Manager,Kenneth Perry,jordyn.mcguire@bilearner.com,MSC,Active,Full-Time,Temporary,Resignation,Sales,Project Management - Con,1976-09-04,TN,Male,Fully Meets,2626,2022-10-23,1,4,Technical Skills,Internal,Incomplete,West Sarah,197.3
Valentino,Myers,2023-01-29,2023-05-24,Area Sales Manager,Michael Taylor,valentino.myers@bilearner.com,TNS,Active,Full-Time,Part-Time,Retirement,Sales,Wireline Construction,1990-05-26,TN,Male,Fully Meets,2627,2022-08-15,5,3,Customer Service,Internal,Completed,Gatesstad,862.64
Kamden,Cummings,2023-03-19,2023-07-11,Area Sales Manager,Stephen Green,kamden.cummings@bilearner.com,CCDR,Active,Contract,Temporary,Retirement,Sales,Underground,1975-02-04,ID,Male,Fully Meets,2629,2022-10-24,1,5,Communication Skills,External,Completed,Davidsonport,750.65
Kiley,Wagner,2022-06-10,2023-02-14,Area Sales Manager,Andrea Dean,kiley.wagner@bilearner.com,EW,Active,Part-Time,Full-Time,Involuntary,Sales,Field Operations,1994-11-04,ID,Male,Fully Meets,2630,2022-09-04,1,5,Technical Skills,External,Incomplete,New Kevinland,424.19
Maxim,Phillips,2019-05-01,2023-02-16,Accountant I,Lauren Shepard,maxim.phillips@bilearner.com,SVG,Active,Full-Time,Temporary,Voluntary,Admin Offices,General - Con,1957-07-26,MA,Female,Fully Meets,2635,2023-06-21,3,1,Communication Skills,External,Passed,West Dawn,136.6
Gwendolyn,Hogan,2018-09-13,2020-11-04,Area Sales Manager,Jason Hayes,gwendolyn.hogan@bilearner.com,PYZ,Active,Full-Time,Temporary,Resignation,Sales,General - Eng,1970-11-20,MA,Male,Fully Meets,2636,2022-12-20,5,3,Communication Skills,Internal,Passed,Port Tiffanybury,483.54
Mathias,Tran,2021-11-20,2023-03-17,Area Sales Manager,Michelle Guzman,mathias.tran@bilearner.com,NEL,Active,Contract,Full-Time,Voluntary,Sales,Catv,1957-01-10,AZ,Male,Fully Meets,2638,2023-04-28,1,2,Technical Skills,External,Passed,Lake Noah,152.85
Magdalena,Whitehead,2021-08-28,2022-09-06,Area Sales Manager,Jacob Perez,magdalena.whitehead@bilearner.com,BPC,Active,Contract,Full-Time,Voluntary,Sales,Wireline Construction,1962-11-06,AZ,Male,Fully Meets,2640,2023-07-17,1,5,Project Management,Internal,Failed,Sabrinaport,237.14
Gwendolyn,Mccall,2021-04-28,2022-03-22,Area Sales Manager,Lisa Dyer,gwendolyn.mccall@bilearner.com,CCDR,Active,Full-Time,Full-Time,Voluntary,Sales,Aerial,1975-07-20,AZ,Male,Fully Meets,2641,2022-11-25,2,3,Technical Skills,Internal,Passed,Port Sarahmouth,637.84
Demarion,Harrington,2022-06-15,2023-05-05,Area Sales Manager,Rebecca Taylor DVM,demarion.harrington@bilearner.com,SVG,Active,Full-Time,Full-Time,Voluntary,Sales,Field Operations,1951-06-13,AL,Male,Fully Meets,2642,2022-12-09,2,3,Project Management,Internal,Completed,Moniqueville,889.73
Katelyn,Brown,2022-04-15,2022-10-10,Area Sales Manager,Deborah Stephens,katelyn.brown@bilearner.com,EW,Active,Full-Time,Temporary,Voluntary,Sales,Wireline Construction,1966-12-24,TN,Male,Fully Meets,2643,2023-05-01,4,3,Project Management,Internal,Failed,Port Jillview,357.94
Miranda,Keith,2020-07-19,2021-04-10,Area Sales Manager,Patrick Lopez,miranda.keith@bilearner.com,MSC,Active,Full-Time,Part-Time,Involuntary,Sales,Aerial,1999-01-23,TN,Male,Fully Meets,2644,2022-11-22,4,1,Customer Service,Internal,Incomplete,East Eileenton,150.96
Maximus,Delgado,2020-09-28,2023-06-02,Area Sales Manager,Leslie Scott,maximus.delgado@bilearner.com,PL,Active,Part-Time,Full-Time,Retirement,Sales,Project Management - Con,1973-03-21,NY,Female,Fully Meets,2649,2022-12-26,4,4,Communication Skills,Internal,Passed,North Teresa,836.76
Fernando,Richard,2023-07-09,2023-07-14,Administrative Assistant,Virginia Smith,fernando.richard@bilearner.com,SVG,Active,Contract,Temporary,Voluntary,Sales,General - Sga,1954-03-08,MA,Female,Fully Meets,2652,2022-11-11,1,4,Customer Service,External,Incomplete,Lake Michael,424.44
Keon,Gonzalez,2023-04-20,2023-05-08,Area Sales Manager,Brett Vargas,keon.gonzalez@bilearner.com,PYZ,Active,Full-Time,Part-Time,Retirement,Sales,Wireline Construction,1944-04-21,MA,Male,Fully Meets,2653,2023-02-23,4,5,Technical Skills,Internal,Incomplete,Singletonmouth,139.71
Lauryn,Anthony,2019-08-22,2020-01-07,Area Sales Manager,Mark Hernandez,lauryn.anthony@bilearner.com,WBL,Active,Full-Time,Temporary,Resignation,Sales,General - Con,1955-07-09,MA,Male,Fully Meets,2654,2023-03-07,4,1,Communication Skills,External,Passed,West Judy,428.13
Amanda,Allison,2022-08-02,2023-04-07,Area Sales Manager,John Wright,amanda.allison@bilearner.com,NEL,Active,Contract,Part-Time,Voluntary,Sales,General - Con,1964-11-08,AZ,Male,Fully Meets,2655,2022-08-29,2,5,Project Management,External,Incomplete,Cameronchester,972.66
Urijah,Houston,2018-10-31,2020-01-23,Area Sales Manager,Tony Moore,urijah.houston@bilearner.com,PL,Active,Part-Time,Part-Time,Voluntary,Sales,Aerial,1957-02-10,AZ,Male,Fully Meets,2656,2023-03-15,5,4,Communication Skills,External,Failed,Youngview,877.57
Trace,Brandt,2021-11-23,2022-07-20,Area Sales Manager,Jeffrey Hodge,trace.brandt@bilearner.com,BPC,Active,Contract,Temporary,Voluntary,Sales,Isp,1995-06-06,AZ,Male,Fully Meets,2657,2023-03-04,4,3,Project Management,External,Failed,Port Cynthia,751.13
Yuliana,Levine,2023-07-01,2023-07-21,Area Sales Manager,Emily Simmons,yuliana.levine@bilearner.com,CCDR,Active,Full-Time,Temporary,Involuntary,Sales,Engineers,1960-03-28,AZ,Male,Fully Meets,2658,2022-10-22,3,1,Technical Skills,External,Passed,Jessicamouth,471.89
Eli,Grant,2023-01-06,2023-04-25,Area Sales Manager,Ryan Ward,eli.grant@bilearner.com,PYZ,Active,Part-Time,Part-Time,Resignation,Sales,Splicing,1971-07-21,ID,Male,Fully Meets,2663,2022-08-07,3,4,Customer Service,External,Passed,North Elizabethberg,819.64
Kaylyn,Frye,2018-11-07,2022-01-08,Area Sales Manager,Taylor Lopez,kaylyn.frye@bilearner.com,PL,Active,Part-Time,Full-Time,Retirement,Sales,Yard (Material Handling),1946-01-19,WA,Female,Fully Meets,2666,2023-05-24,5,5,Project Management,Internal,Failed,Lake Brett,460.62
Marisol,Alvarez,2019-10-03,2021-08-25,Administrative Assistant,Joshua Brown,marisol.alvarez@bilearner.com,BPC,Active,Full-Time,Part-Time,Retirement,Sales,Billable Consultants,1965-10-08,WA,Female,Fully Meets,2667,2022-12-28,3,2,Leadership Development,External,Passed,Priceville,821.39
Lane,Willis,2022-08-12,2023-04-16,Administrative Assistant,Roger Campbell,lane.willis@bilearner.com,CCDR,Active,Contract,Part-Time,Resignation,Sales,General - Con,1978-11-12,MA,Female,Fully Meets,2668,2023-04-28,4,4,Project Management,Internal,Passed,East Selenaville,968.31
Quincy,Shannon,2020-04-09,2023-05-06,Area Sales Manager,Carrie Wells,quincy.shannon@bilearner.com,NEL,Active,Contract,Full-Time,Involuntary,Sales,Fielders,1999-07-23,AZ,Male,Fully Meets,2672,2023-06-04,5,2,Project Management,Internal,Incomplete,Bishophaven,118.43
Kayden,Fernandez,2020-11-29,2022-07-16,Area Sales Manager,Monica Miller,kayden.fernandez@bilearner.com,CCDR,Active,Part-Time,Part-Time,Resignation,Sales,Engineers,1946-06-07,AL,Male,Fully Meets,2675,2023-01-30,2,4,Customer Service,Internal,Completed,Lake Shannonborough,475.75
Bryson,Giles,2019-03-20,2020-09-23,Area Sales Manager,Brandi Collins,bryson.giles@bilearner.com,SVG,Active,Part-Time,Part-Time,Resignation,Sales,Engineers,1972-08-01,AL,Male,Fully Meets,2676,2022-10-16,4,3,Leadership Development,External,Failed,East Matthewbury,188.07
Demarcus,Small,2019-03-16,2022-01-08,Area Sales Manager,Jimmy Jones,demarcus.small@bilearner.com,EW,Active,Contract,Full-Time,Resignation,Sales,Splicing,1990-10-13,TN,Male,Fully Meets,2677,2022-11-29,2,1,Technical Skills,External,Incomplete,West Carl,843.69
Jasmine,Rogers,2020-12-25,2021-10-04,Area Sales Manager,Joseph Rivas,jasmine.rogers@bilearner.com,PYZ,Active,Contract,Full-Time,Involuntary,Sales,Billable Consultants,1948-01-24,ID,Male,Fully Meets,2680,2022-08-31,1,4,Customer Service,Internal,Failed,Evanhaven,400.81
Jaime,Greer,2020-06-16,2021-08-13,Area Sales Manager,Hannah Rose,jaime.greer@bilearner.com,WBL,Active,Part-Time,Full-Time,Involuntary,Sales,Field Operations,1984-02-04,ID,Male,Fully Meets,2681,2023-07-22,3,3,Leadership Development,Internal,Completed,Sarahshire,318.38
Kendrick,Pollard,2022-02-07,2023-03-02,Administrative Assistant,Nicholas Huang,kendrick.pollard@bilearner.com,BPC,Active,Full-Time,Part-Time,Retirement,Sales,General - Sga,1983-10-07,MA,Female,Fully Meets,2684,2022-09-14,3,4,Communication Skills,Internal,Passed,Cassandrashire,776.58
Meadow,Reed,2021-11-23,2022-03-29,Administrative Assistant,Joshua Rosales,meadow.reed@bilearner.com,CCDR,Active,Full-Time,Temporary,Resignation,Sales,General - Sga,1964-08-08,MA,Female,Fully Meets,2685,2023-07-09,3,1,Project Management,External,Passed,West Kevinton,231.34
Joaquin,Cuevas,2022-04-12,2022-09-02,Area Sales Manager,Elizabeth Garrison,joaquin.cuevas@bilearner.com,BPC,Active,Part-Time,Part-Time,Involuntary,Sales,Project Management - Con,1997-04-14,AZ,Male,Fully Meets,2690,2022-10-29,1,3,Technical Skills,External,Completed,Cannonfurt,134.11
Ralph,Stone,2020-08-01,2022-10-01,Area Sales Manager,Denise Adams,ralph.stone@bilearner.com,SVG,Active,Full-Time,Full-Time,Voluntary,Sales,Underground,1997-11-22,TN,Male,Fully Meets,2692,2023-05-04,4,5,Communication Skills,External,Completed,New Matthew,614.11
Adam,Beltran,2023-05-26,2023-07-14,Area Sales Manager,Mackenzie Cole,adam.beltran@bilearner.com,MSC,Active,Full-Time,Full-Time,Involuntary,Sales,Engineers,1980-12-15,ID,Male,Fully Meets,2694,2022-12-29,3,4,Customer Service,External,Failed,North Christopher,167.34
Isis,Ortega,2021-08-26,2022-11-25,Area Sales Manager,Emily Jones,isis.ortega@bilearner.com,TNS,Active,Full-Time,Temporary,Retirement,Sales,Underground,1960-10-24,ID,Male,Fully Meets,2695,2022-12-04,5,2,Customer Service,External,Passed,Pughstad,123.83
Meadow,Delgado,2022-11-20,2023-02-08,Area Sales Manager,Chelsea Garcia,meadow.delgado@bilearner.com,PYZ,Active,Contract,Temporary,Retirement,Sales,Project Management - Con,1953-03-09,ID,Male,Fully Meets,2696,2023-05-13,3,1,Technical Skills,External,Incomplete,Lake Anthony,932.48
Brynn,Kennedy,2023-01-10,2023-08-06,Administrative Assistant,Nicholas White,brynn.kennedy@bilearner.com,BPC,Active,Full-Time,Temporary,Resignation,Sales,Project Management - Con,1992-09-01,MA,Female,Fully Meets,2700,2023-01-17,3,5,Technical Skills,External,Failed,Port Thomasville,272.59
Isla,Mcdaniel,2020-01-27,2022-06-19,Area Sales Manager,Ashley Larson,isla.mcdaniel@bilearner.com,EW,Active,Part-Time,Full-Time,Voluntary,Sales,Field Operations,1998-07-30,AZ,Male,Fully Meets,2704,2022-09-14,2,4,Leadership Development,Internal,Incomplete,Phillipsstad,499.97
Yadiel,Riggs,2018-12-13,2019-01-13,Area Sales Manager,Eric Byrd,yadiel.riggs@bilearner.com,NEL,Active,Part-Time,Part-Time,Involuntary,Sales,Field Operations,1975-09-24,NC,Male,Fully Meets,2706,2022-12-18,3,2,Leadership Development,Internal,Failed,Johnmouth,258.38
Theodore,Castro,2022-06-08,2022-08-07,Area Sales Manager,Savannah Oconnell,theodore.castro@bilearner.com,PYZ,Active,Full-Time,Part-Time,Involuntary,Sales,General - Con,1965-07-31,TN,Male,Fully Meets,2708,2023-01-15,1,3,Leadership Development,Internal,Failed,Lake Matthew,294.23
Julie,Lloyd,2023-02-23,2023-04-20,Area Sales Manager,Keith Martinez,julie.lloyd@bilearner.com,NEL,Active,Part-Time,Temporary,Resignation,Sales,Field Operations,1972-07-11,WA,Male,Fully Meets,2714,2022-10-20,3,1,Technical Skills,Internal,Incomplete,New Amyfort,831.09
Clara,Stewart,2022-06-20,2023-03-23,Area Sales Manager,Monica Sims,clara.stewart@bilearner.com,NEL,Active,Contract,Temporary,Voluntary,Sales,Finance & Accounting,1996-02-11,AZ,Male,Fully Meets,2719,2022-11-09,5,5,Leadership Development,Internal,Passed,Lake Mirandamouth,992.93
Cheyenne,Herman,2022-01-08,2022-09-03,Area Sales Manager,Kathleen Hickman,cheyenne.herman@bilearner.com,PL,Active,Contract,Temporary,Retirement,Sales,Field Operations,1994-08-13,NC,Female,Fully Meets,2720,2022-12-12,3,3,Customer Service,External,Failed,Ginaton,960.4
Kyleigh,Mathis,2021-05-12,2022-07-01,Area Sales Manager,Ariel Davis,kyleigh.mathis@bilearner.com,SVG,Active,Part-Time,Temporary,Voluntary,Sales,Field Operations,1975-03-17,TN,Male,Fully Meets,2723,2023-01-31,3,1,Leadership Development,External,Incomplete,South Kimberly,763.23
Maximus,Mcdowell,2023-01-01,2023-07-05,Area Sales Manager,Nicholas Robinson,maximus.mcdowell@bilearner.com,EW,Active,Part-Time,Temporary,Involuntary,Sales,Catv,1943-01-15,ID,Male,Fully Meets,2724,2023-01-01,5,3,Leadership Development,External,Completed,Port Nicholasfort,611.51
Martin,Herrera,2021-05-12,2021-11-07,Area Sales Manager,Rachel White,martin.herrera@bilearner.com,TNS,Active,Contract,Full-Time,Retirement,Sales,Wireline Construction,1971-02-23,NY,Male,Fully Meets,2726,2023-07-29,2,4,Customer Service,External,Passed,Lake Jacqueline,502.39
Uriah,Briggs,2020-02-14,2021-12-21,Area Sales Manager,Sheri Valenzuela,uriah.briggs@bilearner.com,PYZ,Active,Contract,Full-Time,Resignation,Sales,General - Con,1984-10-12,NY,Male,Fully Meets,2727,2023-06-17,1,3,Communication Skills,Internal,Incomplete,Daisyview,687.99
Kianna,Little,2020-05-08,2023-03-28,Area Sales Manager,Brandon Perez,kianna.little@bilearner.com,WBL,Active,Full-Time,Full-Time,Involuntary,Sales,Splicing,1956-09-07,WA,Male,Fully Meets,2728,2022-12-03,3,2,Project Management,Internal,Completed,Millerborough,877.47
Fletcher,Maxwell,2022-08-31,2023-04-27,Area Sales Manager,Stephanie Jackson,fletcher.maxwell@bilearner.com,PYZ,Active,Contract,Full-Time,Retirement,Sales,Shop (Fleet),1989-04-07,ME,Male,Fully Meets,2732,2022-11-04,1,5,Customer Service,Internal,Completed,Michaelview,147.28
Darian,Hansen,2021-08-20,2021-10-09,Area Sales Manager,Victoria Padilla,darian.hansen@bilearner.com,CCDR,Active,Full-Time,Temporary,Retirement,Sales,General - Con,1972-05-26,UT,Male,Fully Meets,2737,2022-09-20,5,5,Communication Skills,Internal,Failed,South Tyronetown,317.55
Kaeden,Branch,2019-02-07,2019-03-25,Area Sales Manager,Spencer Larson,kaeden.branch@bilearner.com,SVG,Active,Full-Time,Full-Time,Involuntary,Sales,Field Operations,1957-09-23,TN,Male,Fully Meets,2738,2023-03-16,4,3,Communication Skills,Internal,Incomplete,Chapmanmouth,880.42
Gabriel,Swanson,2021-02-18,2021-11-26,Area Sales Manager,Cynthia Martin,gabriel.swanson@bilearner.com,EW,Active,Contract,Part-Time,Resignation,Sales,General - Con,1944-09-21,ID,Male,Fully Meets,2739,2023-06-26,1,2,Customer Service,Internal,Completed,East Shaneside,457.71
Kellen,Hill,2021-07-29,2022-05-05,Area Sales Manager,Ronald Mata,kellen.hill@bilearner.com,TNS,Active,Full-Time,Part-Time,Resignation,Sales,Wireline Construction,1974-10-27,NY,Male,Fully Meets,2741,2022-10-09,4,3,Technical Skills,External,Failed,Amandamouth,573.08
Samir,Gray,2022-04-23,2022-12-16,Area Sales Manager,Chad Boone,samir.gray@bilearner.com,PYZ,Active,Full-Time,Full-Time,Retirement,Sales,Field Operations,1991-10-09,NH,Male,Fully Meets,2742,2022-11-25,5,3,Communication Skills,Internal,Incomplete,Millermouth,785.39
Stephanie,Hampton,2021-07-31,2022-04-07,Area Sales Manager,Carmen Wilson,stephanie.hampton@bilearner.com,WBL,Active,Full-Time,Temporary,Voluntary,Sales,Field Operations,1982-01-28,WA,Male,Fully Meets,2743,2022-08-31,3,2,Technical Skills,Internal,Failed,Lake Monica,437.36
Misael,Pratt,2020-10-24,2023-04-08,Administrative Assistant,Bailey Case,misael.pratt@bilearner.com,BPC,Voluntarily Terminated,Full-Time,Full-Time,Involuntary,Sales,Project Management - Con,1977-05-17,MA,Female,Fully Meets,2746,2023-07-13,4,4,Project Management,External,Incomplete,Rochatown,399.23
Sneha,Jhaveri,2018-08-18,2019-02-28,Production Technician I,Todd Gonzales,sneha.jhaveri@bilearner.com,SVG,Active,Part-Time,Part-Time,Voluntary,Production       ,General - Con,1960-11-23,MA,Female,Fully Meets,2747,2023-05-13,3,1,Technical Skills,External,Failed,West Laurentown,677.74
Elizabeth,Meads,2018-11-15,2018-11-19,Production Technician I,Matthew Wilcox,elizabeth.meads@bilearner.com,BPC,Voluntarily Terminated,Full-Time,Part-Time,Retirement,Production       ,Technology / It,1949-04-08,MA,Female,Fully Meets,2749,2023-06-24,5,3,Customer Service,External,Failed,Wilsonmouth,149.65
Mathew,Linden,2018-10-27,2019-07-10,Production Technician II,Steven White,mathew.linden@bilearner.com,NEL,Leave of Absence,Full-Time,Part-Time,Retirement,Production       ,Field Operations,1967-04-15,MA,Male,Fully Meets,2751,2022-12-27,3,1,Communication Skills,External,Incomplete,East Michael,585.76
Adeel,Osturnka,2022-10-21,2023-05-09,Production Technician I,Laura Rodriguez,adeel.osturnka@bilearner.com,TNS,Active,Part-Time,Temporary,Involuntary,Production       ,General - Con,1976-05-28,MA,Male,Fully Meets,2752,2023-05-07,3,5,Customer Service,Internal,Incomplete,Alexandraview,450.64
Lisa,Cornett,2023-01-13,2023-05-24,Production Technician I,Joshua Smith,lisa.cornett@bilearner.com,CCDR,Active,Contract,Part-Time,Voluntary,Production       ,Field Operations,1984-06-11,MA,Female,Fully Meets,2753,2023-05-05,3,1,Communication Skills,Internal,Completed,Natashaton,437.7
Kimberly,Beak,2023-07-01,2023-08-04,Production Technician II,Joanna Poole,kimberly.beak@bilearner.com,BPC,Future Start,Part-Time,Part-Time,Retirement,Production       ,Project Management - Con,1948-01-19,MA,Female,Fully Meets,2757,2023-04-30,3,4,Technical Skills,External,Failed,South Robin,519.35
Jonathan R,LeBel,2018-12-20,2023-06-13,Production Technician I,James Austin,jonathan r.lebel@bilearner.com,TNS,Terminated for Cause,Part-Time,Full-Time,Involuntary,Production       ,Wireline Construction,1946-02-12,MA,Male,Fully Meets,2758,2023-02-15,1,3,Technical Skills,External,Incomplete,Jasonview,100.17
Adil,Sahoo,2020-12-06,2022-08-26,Production Technician II,Alexis Shaw,adil.sahoo@bilearner.com,BPC,Active,Part-Time,Temporary,Voluntary,Production       ,Fielders,1969-07-20,MA,Male,Fully Meets,2760,2022-09-26,2,1,Leadership Development,Internal,Completed,Chaseside,287.59
Barbara,Gaul,2021-12-13,2022-06-11,Production Technician I,Austin Klein,barbara.gaul@bilearner.com,EW,Active,Contract,Temporary,Resignation,Production       ,Wireline Construction,1997-02-07,MA,Female,Fully Meets,2761,2023-02-15,1,4,Project Management,External,Incomplete,East Kerri,653.32
Carla,Demita,2021-06-27,2022-01-02,Production Technician II,Cheryl Cole,carla.demita@bilearner.com,CCDR,Voluntarily Terminated,Part-Time,Temporary,Resignation,Production       ,Field Operations,1944-12-09,MA,Female,Fully Meets,2762,2023-01-08,3,1,Leadership Development,Internal,Failed,Kimberlymouth,254.85
Francesco A,Barone,2022-11-26,2023-01-13,Production Technician I,Ronald Sims,francesco a.barone@bilearner.com,WBL,Active,Part-Time,Full-Time,Involuntary,Production       ,Engineers,1993-03-24,MA,Male,Fully Meets,2764,2022-10-22,2,4,Communication Skills,External,Incomplete,Thompsonmouth,755.77
Trina,Hendrickson,2018-08-22,2022-04-14,Production Technician II,Kaitlyn Hale,trina.hendrickson@bilearner.com,EW,Voluntarily Terminated,Part-Time,Full-Time,Involuntary,Production       ,Engineers,1957-06-28,MA,Female,Fully Meets,2766,2022-09-22,3,5,Technical Skills,External,Completed,New Richardburgh,440.14
Tia,Potter,2020-07-08,2021-09-24,Production Technician I,Tonya Moreno,tia.potter@bilearner.com,BPC,Terminated for Cause,Full-Time,Temporary,Retirement,Production       ,Wireline Construction,1950-03-10,MA,Male,Fully Meets,2771,2023-01-28,2,4,Technical Skills,Internal,Incomplete,New Stephen,255.16
Hector,Escobar,2020-04-29,2022-11-22,Production Technician I,Frank Wilkinson,hector.escobar@bilearner.com,PYZ,Active,Part-Time,Full-Time,Voluntary,Production       ,General - Con,1944-07-31,MA,Male,Fully Meets,2777,2023-08-02,5,1,Communication Skills,Internal,Failed,East Rebeccaburgh,458.37
Lilly,Huynh,2021-12-08,2022-06-20,Production Technician I,Adam Murphy,lilly.huynh@bilearner.com,NEL,Active,Contract,Part-Time,Resignation,Production       ,Field Operations,1957-07-16,MA,Male,Fully Meets,2779,2022-08-28,4,1,Leadership Development,Internal,Completed,Colemanburgh,330.68
Anika,Robbins,2022-04-13,2023-08-04,Production Technician I,Kimberly Stout,anika.robbins@bilearner.com,PL,Active,Contract,Part-Time,Retirement,Production       ,General - Con,1951-04-26,MA,Male,Fully Meets,2780,2022-08-29,3,5,Communication Skills,Internal,Incomplete,Elizabethside,625.69
Ishaan,Robinson,2020-12-23,2022-07-23,Production Technician I,Jonathan Hale,ishaan.robinson@bilearner.com,BPC,Voluntarily Terminated,Contract,Part-Time,Retirement,Production       ,Field Operations,1969-10-22,MA,Male,Fully Meets,2781,2023-02-12,1,2,Leadership Development,Internal,Completed,South Tiffany,437.26
Lorelei,Sellers,2023-06-11,2023-07-30,Production Technician II,Jamie Parker,lorelei.sellers@bilearner.com,SVG,Active,Part-Time,Temporary,Resignation,Production       ,Wireline Construction,1977-10-21,MA,Male,Fully Meets,2783,2023-01-06,3,1,Technical Skills,External,Incomplete,Port Vanessamouth,880.21
Gillian,Riddle,2021-05-20,2023-01-31,Production Technician II,Lauren Thomas,gillian.riddle@bilearner.com,TNS,Active,Contract,Full-Time,Involuntary,Production       ,Field Operations,1981-03-08,MA,Male,Fully Meets,2784,2023-01-09,4,3,Customer Service,Internal,Completed,Owenston,427.99
Brooks,Leach,2023-06-03,2023-07-14,Production Technician II,Edward Navarro,brooks.leach@bilearner.com,NEL,Voluntarily Terminated,Contract,Full-Time,Involuntary,Production       ,Project Management - Con,1949-02-07,MA,Female,Fully Meets,2788,2023-05-29,4,1,Project Management,External,Incomplete,Lake Dennis,161.15
Isabel,Wyatt,2021-04-26,2021-07-06,Production Technician I,Matthew Craig,isabel.wyatt@bilearner.com,CCDR,Active,Contract,Temporary,Retirement,Production       ,Wireless,1942-06-04,MA,Male,Fully Meets,2789,2022-12-03,1,2,Project Management,Internal,Completed,Lake Taratown,899.17
Angelo,Henry,2019-04-30,2019-10-09,Production Technician I,Warren Pollard,angelo.henry@bilearner.com,EW,Active,Contract,Part-Time,Involuntary,Production       ,Catv,1959-08-08,MA,Male,Fully Meets,2790,2023-01-03,1,5,Communication Skills,External,Incomplete,Brooksport,438.31
Joselyn,Moss,2021-07-04,2023-06-25,Production Technician I,Felicia Smith,joselyn.moss@bilearner.com,MSC,Active,Contract,Temporary,Involuntary,Production       ,Field Operations,1946-10-28,MA,Male,Fully Meets,2791,2023-01-19,1,3,Communication Skills,Internal,Passed,Youngland,903.18
Corinne,Hopkins,2022-07-10,2022-09-11,Production Technician I,Casey Garner,corinne.hopkins@bilearner.com,SVG,Active,Part-Time,Temporary,Voluntary,Production       ,General - Eng,1949-01-26,MA,Female,Fully Meets,2795,2023-06-06,5,1,Customer Service,Internal,Failed,Horneside,457.74
Destiny,Blake,2022-09-19,2023-06-17,Production Technician I,Megan Harrison,destiny.blake@bilearner.com,TNS,Active,Contract,Full-Time,Voluntary,Production       ,Engineers,1991-09-01,MA,Female,Fully Meets,2796,2023-08-05,2,4,Communication Skills,External,Incomplete,Theresastad,840.27
Makenna,Foster,2021-04-20,2022-09-17,Production Technician I,Timothy Pratt,makenna.foster@bilearner.com,CCDR,Active,Part-Time,Part-Time,Resignation,Production       ,Engineers,1988-02-21,MA,Male,Fully Meets,2799,2023-02-01,2,1,Communication Skills,Internal,Incomplete,Stephaniemouth,543.46
Brian,Kelly,2021-07-06,2023-01-07,Production Technician II,Scott Brown,brian.kelly@bilearner.com,BPC,Voluntarily Terminated,Part-Time,Part-Time,Involuntary,Production       ,Wireline Construction,1977-04-17,MA,Female,Fully Meets,2807,2023-01-13,3,2,Customer Service,Internal,Passed,Montgomeryport,977.46
Jabari,Stanton,2022-11-17,2023-02-08,Production Technician I,Debra Phillips,jabari.stanton@bilearner.com,NEL,Active,Full-Time,Part-Time,Resignation,Production       ,Field Operations,1959-04-10,MA,Male,Fully Meets,2810,2023-07-13,2,5,Technical Skills,Internal,Incomplete,Lake Lisamouth,964.33
Phoenix,Farley,2018-08-13,2020-05-28,Production Technician I,David Holt,phoenix.farley@bilearner.com,PL,Active,Part-Time,Full-Time,Voluntary,Production       ,Field Operations,1996-01-04,MA,Male,Fully Meets,2811,2023-04-13,3,4,Technical Skills,External,Completed,Robertview,589.88
Aurora,Bass,2021-07-02,2023-07-09,Production Technician I,Lisa Ingram,aurora.bass@bilearner.com,BPC,Terminated for Cause,Part-Time,Temporary,Resignation,Production       ,General - Eng,1946-05-16,MA,Male,Fully Meets,2812,2022-08-14,3,2,Leadership Development,External,Incomplete,Flowerston,663.36
Tripp,Sanders,2023-07-28,2023-07-30,Production Technician I,Dr. Wendy Lopez,tripp.sanders@bilearner.com,PYZ,Active,Part-Time,Temporary,Involuntary,Production       ,Fielders,1964-01-19,MA,Male,Exceeds,2818,2023-06-21,4,3,Technical Skills,External,Completed,South Annmouth,453.51
Marin,Mosley,2019-09-08,2021-09-10,Production Technician I,Alfred Sanders,marin.mosley@bilearner.com,PL,Active,Full-Time,Temporary,Retirement,Production       ,Field Operations,1998-09-22,MA,Male,Fully Meets,2821,2023-04-12,2,5,Technical Skills,Internal,Incomplete,Aaronborough,841.22
Roger,Kaufman,2022-08-11,2022-12-01,Production Technician II,Jennifer Farmer,roger.kaufman@bilearner.com,TNS,Leave of Absence,Contract,Full-Time,Involuntary,Production       ,General - Con,1954-04-13,MA,Female,Fully Meets,2826,2023-06-29,4,3,Customer Service,Internal,Failed,Craigton,656.05
Ignacio,Mcintyre,2020-02-19,2022-12-10,Production Technician II,Bruce Barber,ignacio.mcintyre@bilearner.com,PYZ,Voluntarily Terminated,Full-Time,Full-Time,Involuntary,Production       ,Field Operations,1980-08-09,MA,Female,Fully Meets,2827,2022-08-30,4,4,Leadership Development,Internal,Incomplete,East Brandonfort,629.85
Jaydon,Lambert,2021-10-15,2023-03-26,Production Technician II,Dennis Foster,jaydon.lambert@bilearner.com,WBL,Voluntarily Terminated,Full-Time,Temporary,Retirement,Production       ,Field Operations,1944-05-11,MA,Female,Fully Meets,2828,2023-02-26,5,5,Communication Skills,Internal,Completed,Deborahville,915.92
Leslie,Maynard,2022-06-30,2023-02-03,Production Technician I,Nathan Johnson,leslie.maynard@bilearner.com,NEL,Active,Full-Time,Part-Time,Resignation,Production       ,General - Eng,1994-05-26,MA,Male,Fully Meets,2830,2022-12-09,1,2,Project Management,External,Completed,Whitebury,266.42
Madyson,Silva,2018-10-02,2020-09-17,Production Technician I,Bonnie Bell,madyson.silva@bilearner.com,SVG,Active,Full-Time,Full-Time,Involuntary,Production       ,General - Con,1943-11-16,MA,Female,Fully Meets,2834,2023-04-30,5,3,Technical Skills,External,Completed,Port Stacymouth,149.67
Liberty,Poole,2021-07-17,2023-02-27,Production Technician I,Jonathan Stephens,liberty.poole@bilearner.com,EW,Active,Contract,Part-Time,Resignation,Production       ,Engineers,1995-04-11,MA,Female,Fully Meets,2835,2023-03-30,4,5,Customer Service,Internal,Completed,Moorefurt,939.72
Jaylen,Butler,2021-03-20,2023-02-18,Production Technician I,Eric Young,jaylen.butler@bilearner.com,TNS,Active,Part-Time,Temporary,Involuntary,Production       ,Splicing,1944-07-10,MA,Male,Fully Meets,2837,2022-08-08,4,1,Communication Skills,External,Incomplete,Sandersfort,945.59
Gloria,Marks,2021-09-09,2021-11-05,Production Technician I,Michele Young,gloria.marks@bilearner.com,PYZ,Active,Part-Time,Temporary,Voluntary,Production       ,General - Sga,1945-05-13,MA,Male,Fully Meets,2838,2023-07-03,4,4,Communication Skills,Internal,Completed,Port Andreaton,539.06
Jaylee,Cunningham,2019-12-06,2022-03-28,Production Technician I,Karen Espinoza,jaylee.cunningham@bilearner.com,WBL,Active,Part-Time,Part-Time,Voluntary,Production       ,General - Con,1969-09-06,MA,Male,Fully Meets,2839,2022-10-23,1,4,Customer Service,External,Incomplete,South Melissamouth,837.22
Jordon,Wyatt,2023-04-26,2023-05-19,Production Technician I,Yvonne Reilly,jordon.wyatt@bilearner.com,NEL,Active,Contract,Part-Time,Voluntary,Production       ,Fielders,2000-04-29,MA,Male,Fully Meets,2840,2023-05-07,3,2,Customer Service,Internal,Incomplete,Rodneyton,360.08
Ryan,Rollins,2020-10-19,2023-02-28,Production Technician I,Dr. Terry Young,ryan.rollins@bilearner.com,BPC,Voluntarily Terminated,Part-Time,Temporary,Voluntary,Production       ,General - Con,1965-07-16,MA,Female,Fully Meets,2842,2022-11-10,2,1,Project Management,Internal,Failed,Huffton,577.78
Litzy,Lloyd,2020-12-30,2023-07-25,Production Technician II,Anthony Saunders,litzy.lloyd@bilearner.com,TNS,Leave of Absence,Contract,Part-Time,Retirement,Production       ,Engineers,1942-09-07,MA,Male,Fully Meets,2844,2023-07-14,2,5,Leadership Development,Internal,Passed,Port Lauren,336.98
Natalia,Bush,2019-10-14,2022-08-19,Production Technician II,Robin Jones,natalia.bush@bilearner.com,BPC,Voluntarily Terminated,Contract,Full-Time,Resignation,Production       ,Wireless,1955-09-02,MA,Female,Fully Meets,2846,2023-04-05,1,1,Communication Skills,Internal,Incomplete,Lake Courtney,326.54
Mallory,Carey,2021-02-19,2021-09-18,Production Technician II,Jessica Saunders,mallory.carey@bilearner.com,CCDR,Future Start,Part-Time,Full-Time,Involuntary,Production       ,Underground,1966-06-26,MA,Female,Fully Meets,2847,2022-12-01,1,2,Customer Service,Internal,Completed,Port Douglas,762.23
Pierre,Tate,2022-03-13,2022-09-02,Production Technician I,Willie Compton,pierre.tate@bilearner.com,BPC,Terminated for Cause,Full-Time,Temporary,Involuntary,Production       ,Project Management - Con,1946-01-28,MA,Male,Exceeds,2848,2022-08-11,2,1,Customer Service,Internal,Failed,Adammouth,510.12
Carleigh,Schultz,2022-10-06,2022-10-16,Production Technician I,Victoria Williams,carleigh.schultz@bilearner.com,EW,Active,Full-Time,Part-Time,Retirement,Production       ,General - Con,1972-07-29,MA,Male,Exceeds,2850,2023-03-31,4,1,Technical Skills,External,Passed,Jaredtown,634.36
Nathanial,Davis,2022-11-16,2023-03-21,Production Technician I,Donald Hamilton,nathanial.davis@bilearner.com,PL,Terminated for Cause,Contract,Part-Time,Voluntary,Production       ,General - Con,1994-04-06,MA,Male,Needs Improvement,2853,2023-07-31,5,1,Leadership Development,Internal,Passed,West Dennisborough,835.07
Eileen,Beard,2022-08-02,2023-07-27,Production Technician I,Amber Adams,eileen.beard@bilearner.com,PYZ,Active,Part-Time,Full-Time,Resignation,Production       ,Executive,1945-12-18,MA,Female,Needs Improvement,2854,2023-03-05,1,3,Project Management,External,Incomplete,West Wesley,670.82
Dane,Owens,2019-07-19,2022-08-08,Production Technician I,Christina Young,dane.owens@bilearner.com,WBL,Active,Full-Time,Part-Time,Involuntary,Production       ,General - Con,1974-11-01,MA,Male,Fully Meets,2857,2022-12-24,5,2,Customer Service,Internal,Completed,North Edwardtown,229.18
Colin,Simpson,2021-09-02,2022-11-14,Production Technician I,Kayla Chavez,colin.simpson@bilearner.com,BPC,Active,Full-Time,Temporary,Retirement,Production       ,Engineers,1974-01-14,MA,Male,Fully Meets,2858,2023-07-12,1,2,Project Management,Internal,Failed,South Desireebury,851.72
Maria,Cameron,2023-04-13,2023-05-26,Production Technician I,Michelle Murphy,maria.cameron@bilearner.com,EW,Active,Part-Time,Part-Time,Voluntary,Production       ,General - Con,1961-10-31,MA,Male,Fully Meets,2860,2023-01-31,2,1,Leadership Development,External,Passed,North William,587.16
Randall,West,2020-03-24,2022-03-24,Production Technician II,Tony Spears,randall.west@bilearner.com,SVG,Active,Part-Time,Part-Time,Voluntary,Production       ,Engineers,1943-07-14,MA,Male,Fully Meets,2862,2023-03-10,1,2,Communication Skills,Internal,Incomplete,Edwardview,192.39
Esperanza,Horne,2022-05-10,2022-10-17,Production Technician II,Jeremy Frey,esperanza.horne@bilearner.com,TNS,Voluntarily Terminated,Part-Time,Part-Time,Voluntary,Production       ,General - Con,1969-08-27,MA,Female,Fully Meets,2865,2022-10-23,2,2,Customer Service,External,Passed,Maryville,653.99
Sanai,Sweeney,2023-07-26,2023-07-31,Production Technician I,David Mccormick,sanai.sweeney@bilearner.com,WBL,Active,Part-Time,Part-Time,Retirement,Production       ,Sales & Marketing,1950-09-08,MA,Male,Fully Meets,2870,2022-11-28,5,3,Project Management,Internal,Passed,Margaretfort,413.42
Tania,Taylor,2022-03-11,2022-08-02,Production Technician I,Christina Smith,tania.taylor@bilearner.com,NEL,Active,Contract,Part-Time,Resignation,Production       ,Catv,1953-04-27,MA,Male,Fully Meets,2871,2023-05-31,2,5,Communication Skills,External,Incomplete,Richardfurt,900.02
Greta,Horne,2020-06-29,2021-05-20,Production Technician I,Steven Myers,greta.horne@bilearner.com,PL,Active,Contract,Full-Time,Voluntary,Production       ,Wireline Construction,1967-12-03,MA,Male,Fully Meets,2872,2023-06-08,3,5,Communication Skills,Internal,Passed,Morenoland,573.84
Harley,Walker,2020-12-25,2021-09-13,Production Technician I,Wanda Murray,harley.walker@bilearner.com,SVG,Active,Full-Time,Temporary,Involuntary,Production       ,General - Con,1981-06-03,MA,Female,Fully Meets,2875,2023-06-12,3,5,Project Management,External,Incomplete,East Andrew,892.56
Skylar,Riggs,2022-11-11,2022-12-07,Production Technician I,Emily Jennings,skylar.riggs@bilearner.com,MSC,Active,Contract,Part-Time,Resignation,Production       ,Project Management - Con,1944-12-28,MA,Female,Fully Meets,2877,2023-03-02,2,4,Customer Service,Internal,Failed,Ponceville,664.5
Shania,Barrera,2021-05-04,2021-10-12,Production Technician I,Michael Hopkins,shania.barrera@bilearner.com,TNS,Active,Part-Time,Part-Time,Resignation,Production       ,General - Sga,1957-08-11,MA,Male,Fully Meets,2878,2022-12-09,2,3,Project Management,Internal,Incomplete,West Luishaven,925.8
Aimee,Berg,2021-06-11,2022-12-03,Production Technician I,Rodney Grant,aimee.berg@bilearner.com,WBL,Active,Contract,Temporary,Retirement,Production       ,General - Con,2000-08-21,MA,Female,Fully Meets,2880,2023-01-13,1,1,Project Management,Internal,Failed,New Matthew,932.34
Lamar,Kirk,2019-05-21,2020-01-05,Production Technician I,Peter Norton,lamar.kirk@bilearner.com,PL,Voluntarily Terminated,Part-Time,Full-Time,Retirement,Production       ,Shop (Fleet),1978-11-29,MA,Male,Fully Meets,2882,2023-01-10,3,2,Leadership Development,Internal,Failed,North Russellmouth,835.35
Humberto,Yoder,2022-04-14,2022-10-10,Production Technician II,Kelli Blair,humberto.yoder@bilearner.com,EW,Leave of Absence,Full-Time,Part-Time,Voluntary,Production       ,Field Operations,1977-01-27,MA,Male,Fully Meets,2885,2023-01-20,1,5,Communication Skills,External,Passed,Lake Joshua,176.13
Natalya,Reyes,2020-01-28,2022-02-15,Production Technician II,Dylan Allen,natalya.reyes@bilearner.com,TNS,Voluntarily Terminated,Full-Time,Temporary,Voluntary,Production       ,Shop (Fleet),1987-04-27,MA,Female,Fully Meets,2887,2023-06-24,5,1,Communication Skills,Internal,Completed,Vanessamouth,411.52
Celia,Mcpherson,2021-04-17,2022-03-18,Production Technician II,Thomas Reed,celia.mcpherson@bilearner.com,PYZ,Future Start,Contract,Temporary,Retirement,Production       ,Wireless,1983-04-26,MA,Female,Fully Meets,2888,2023-06-01,5,2,Customer Service,External,Completed,North Steven,119.5
Matias,Barton,2019-09-29,2023-06-28,Production Technician II,Brian Castillo,matias.barton@bilearner.com,WBL,Future Start,Part-Time,Temporary,Resignation,Production       ,Fielders,1988-10-25,MA,Female,Fully Meets,2889,2023-06-10,2,2,Customer Service,Internal,Passed,Brownhaven,817.04
Addyson,Pollard,2021-08-11,2021-11-07,Production Technician I,Andrew Bass,addyson.pollard@bilearner.com,PYZ,Active,Contract,Temporary,Resignation,Production       ,Wireline Construction,1995-08-16,MA,Male,Fully Meets,2891,2023-05-27,5,2,Technical Skills,External,Incomplete,Mcguireside,767.51
Laila,Wiggins,2021-04-10,2022-11-01,Production Technician I,Gregory Lee,laila.wiggins@bilearner.com,WBL,Active,Contract,Full-Time,Resignation,Production       ,Catv,1960-12-06,MA,Male,Fully Meets,2892,2023-02-05,2,1,Technical Skills,External,Passed,Port Jasmine,990.52
Mauricio,Stein,2023-04-04,2023-06-20,Production Technician I,Darlene Chambers,mauricio.stein@bilearner.com,BPC,Terminated for Cause,Full-Time,Temporary,Voluntary,Production       ,Field Operations,1998-04-11,MA,Male,Fully Meets,2895,2023-05-31,1,2,Project Management,External,Incomplete,Belltown,555.6
Aidyn,Cuevas,2022-03-04,2023-07-02,Production Technician I,Melissa Young,aidyn.cuevas@bilearner.com,SVG,Active,Full-Time,Part-Time,Voluntary,Production       ,Field Operations,1963-06-10,MA,Female,Fully Meets,2897,2023-04-04,3,5,Leadership Development,Internal,Passed,Andrewston,926.17
Johnathan,Huerta,2020-09-11,2022-03-31,Production Technician I,Mercedes Cervantes,johnathan.huerta@bilearner.com,MSC,Active,Part-Time,Part-Time,Resignation,Production       ,Project Management - Con,1992-04-29,MA,Male,Fully Meets,2899,2022-10-24,1,5,Leadership Development,Internal,Completed,Kyleberg,128.8
Katelyn,Garner,2021-10-31,2023-07-12,Production Technician I,Christine Owens,katelyn.garner@bilearner.com,TNS,Active,Part-Time,Temporary,Resignation,Production       ,General - Con,1952-10-01,MA,Male,Exceeds,2900,2022-10-29,1,4,Customer Service,External,Passed,Joelberg,255.02
Deshawn,Ayers,2018-10-21,2019-04-24,Production Technician I,Yesenia Hawkins,deshawn.ayers@bilearner.com,PYZ,Active,Part-Time,Part-Time,Involuntary,Production       ,Wireline Construction,1991-12-21,MA,Female,Fully Meets,2901,2023-05-20,1,4,Leadership Development,Internal,Incomplete,Rhondaview,674.34
Presley,Padilla,2023-02-09,2023-05-07,Production Technician I,Christine Johnson,presley.padilla@bilearner.com,NEL,Active,Part-Time,Full-Time,Resignation,Production       ,Engineers,1998-02-26,MA,Male,Needs Improvement,2903,2022-08-09,3,3,Customer Service,External,Failed,New Patriciabury,906.63
Marquis,Atkinson,2020-02-15,2020-10-20,Production Technician I,William Livingston,marquis.atkinson@bilearner.com,PL,Voluntarily Terminated,Full-Time,Part-Time,Retirement,Production       ,Project Management - Con,1946-10-05,MA,Female,Exceeds,2904,2022-08-27,4,2,Technical Skills,External,Failed,Rachaelstad,986.01
Jaycee,Osborn,2020-01-02,2023-08-03,Production Technician I,Thomas Frederick,jaycee.osborn@bilearner.com,NEL,Active,Full-Time,Part-Time,Retirement,Production       ,Splicing,1972-12-02,MA,Male,Exceeds,2914,2023-05-29,5,3,Communication Skills,Internal,Failed,Port Robertotown,194.13
Jordyn,Patel,2022-04-30,2023-08-02,Production Technician I,James Smith,jordyn.patel@bilearner.com,PL,Terminated for Cause,Full-Time,Part-Time,Involuntary,Production       ,Field Operations,1992-09-03,MA,Male,Exceeds,2915,2023-04-29,3,4,Technical Skills,Internal,Incomplete,North Margaretshire,993.79
Michael,Acosta,2020-07-04,2021-03-07,Production Technician I,Crystal Jones,michael.acosta@bilearner.com,BPC,Terminated for Cause,Part-Time,Temporary,Resignation,Production       ,General - Sga,1953-01-27,MA,Male,Needs Improvement,2916,2023-02-20,4,4,Technical Skills,Internal,Incomplete,South Nathan,932.4
Brice,Medina,2018-12-22,2022-07-21,Production Technician I,Emma Wilson,brice.medina@bilearner.com,SVG,Active,Part-Time,Full-Time,Retirement,Production       ,Field Operations,1979-05-08,MA,Female,Exceeds,2918,2022-12-11,4,3,Project Management,External,Failed,East Amberside,333.03
Yadira,Dean,2018-09-22,2019-10-10,Production Technician I,Stephanie Perez,yadira.dean@bilearner.com,TNS,Active,Full-Time,Part-Time,Retirement,Production       ,Aerial,1957-08-08,MA,Female,Exceeds,2921,2023-03-15,5,2,Customer Service,External,Incomplete,Lynchfort,465.54
Miles,Roberts,2022-10-14,2023-07-06,Production Technician I,Carolyn Campbell,miles.roberts@bilearner.com,BPC,Active,Part-Time,Full-Time,Involuntary,Production       ,General - Con,1993-04-25,MA,Female,Exceeds,2922,2023-04-29,4,2,Technical Skills,External,Incomplete,West Heathertown,713.3
Joel,Spence,2022-02-12,2022-09-22,Production Technician I,Norma Parker,joel.spence@bilearner.com,CCDR,Active,Part-Time,Part-Time,Voluntary,Production       ,Field Operations,1980-07-01,MA,Female,Needs Improvement,2923,2023-05-06,5,1,Technical Skills,Internal,Failed,Castilloshire,632.73
Kole,Garrison,2021-03-23,2023-07-20,Production Technician I,Anna Ashley,kole.garrison@bilearner.com,EW,Voluntarily Terminated,Contract,Part-Time,Retirement,Production       ,Field Operations,1979-05-15,MA,Male,Exceeds,2924,2023-05-16,5,4,Technical Skills,External,Failed,Bishophaven,244.84
Kaylin,Andersen,2018-08-30,2021-07-11,Production Technician II,Monica Jackson,kaylin.andersen@bilearner.com,CCDR,Active,Part-Time,Temporary,Involuntary,Production       ,General - Sga,1972-09-18,MA,Male,Exceeds,2925,2023-07-30,1,3,Communication Skills,External,Failed,New John,689.93
Yareli,Valdez,2022-12-10,2023-07-02,Production Technician II,Sandy Jones,yareli.valdez@bilearner.com,SVG,Leave of Absence,Part-Time,Temporary,Voluntary,Production       ,Field Operations,1999-12-08,MA,Male,Needs Improvement,2926,2022-09-10,1,1,Technical Skills,Internal,Failed,Hudsonfort,459.59
Rubi,Sanford,2023-02-04,2023-07-25,Production Technician II,Thomas Williams,rubi.sanford@bilearner.com,EW,Leave of Absence,Part-Time,Part-Time,Voluntary,Production       ,General - Sga,1982-02-18,MA,Male,Exceeds,2927,2023-07-31,4,2,Technical Skills,External,Failed,Wolfetown,597.54
Izabella,Watson,2020-08-19,2021-11-14,Production Technician II,Richard Reynolds,izabella.watson@bilearner.com,TNS,Voluntarily Terminated,Full-Time,Temporary,Voluntary,Production       ,Field Operations,1986-06-05,MA,Female,Needs Improvement,2929,2023-01-28,1,3,Project Management,Internal,Passed,East Christine,120.14
Halle,Chan,2020-01-29,2021-01-09,Production Technician I,Sarah Cortez,halle.chan@bilearner.com,MSC,Terminated for Cause,Full-Time,Temporary,Retirement,Production       ,Field Operations,1969-07-11,MA,Male,Exceeds,2931,2022-09-20,5,4,Leadership Development,External,Passed,Ericside,485.84
Braeden,Moss,2021-08-19,2023-05-25,Production Technician I,Lynn Beasley DVM,braeden.moss@bilearner.com,TNS,Terminated for Cause,Part-Time,Full-Time,Involuntary,Production       ,Finance & Accounting,1948-01-13,MA,Male,Fully Meets,2932,2023-04-28,4,4,Communication Skills,External,Completed,Simpsonland,275.36
Triston,Ewing,2021-10-24,2022-08-29,Production Technician I,Diana Stewart,triston.ewing@bilearner.com,WBL,Active,Contract,Temporary,Resignation,Production       ,Field Operations,1963-11-14,MA,Male,Fully Meets,2934,2022-11-16,4,3,Technical Skills,Internal,Passed,West Marissa,927.08
Pablo,Yates,2020-10-03,2023-05-06,Production Technician I,Christopher Martin,pablo.yates@bilearner.com,NEL,Active,Contract,Part-Time,Involuntary,Production       ,Wireline Construction,1995-12-09,MA,Male,Fully Meets,2935,2023-02-14,5,1,Communication Skills,External,Passed,South Robin,395.52
Paul,Steele,2023-01-08,2023-05-10,Production Technician I,Kenneth Powell,paul.steele@bilearner.com,CCDR,Active,Full-Time,Full-Time,Involuntary,Production       ,Aerial,1972-12-11,MA,Male,Needs Improvement,2938,2023-01-30,2,5,Communication Skills,Internal,Passed,Stephenstad,478.07
Jason,Moyer,2022-07-26,2022-11-08,Production Technician I,Timothy Kidd,jason.moyer@bilearner.com,SVG,Active,Contract,Full-Time,Resignation,Production       ,General - Eng,1980-07-23,MA,Female,Needs Improvement,2939,2023-04-13,4,3,Project Management,External,Completed,New Randyborough,285.5
Larissa,Taylor,2020-08-31,2023-06-09,Production Technician I,Dawn Stark,larissa.taylor@bilearner.com,EW,Active,Contract,Part-Time,Resignation,Production       ,Yard (Material Handling),1972-12-05,MA,Female,Needs Improvement,2940,2023-04-18,5,1,Communication Skills,External,Passed,Smithburgh,490.26
Aryanna,Larson,2022-11-05,2023-02-22,Production Technician I,Lisa Griffin,aryanna.larson@bilearner.com,MSC,Active,Part-Time,Full-Time,Involuntary,Production       ,Engineers,1994-04-26,MA,Male,Needs Improvement,2941,2022-12-14,5,2,Customer Service,Internal,Completed,Mahoneyberg,828.68
Eliana,Hammond,2019-05-30,2020-01-08,Production Technician I,Susan Herrera,eliana.hammond@bilearner.com,TNS,Active,Full-Time,Part-Time,Retirement,Production       ,General - Sga,1949-03-01,MA,Female,Needs Improvement,2942,2022-10-17,3,3,Technical Skills,External,Incomplete,South Julie,858.29
Kamryn,Mckinney,2019-09-03,2022-03-18,Production Technician I,Emily King,kamryn.mckinney@bilearner.com,NEL,Voluntarily Terminated,Full-Time,Temporary,Voluntary,Production       ,Aerial,1976-08-21,MA,Male,Needs Improvement,2945,2022-09-21,4,2,Communication Skills,External,Failed,New Ronaldmouth,826.82
Harley,Soto,2019-10-08,2023-06-16,Production Technician II,Aaron Erickson,harley.soto@bilearner.com,SVG,Leave of Absence,Contract,Temporary,Involuntary,Production       ,Shop (Fleet),1999-10-29,MA,Male,Needs Improvement,2948,2022-10-04,2,4,Technical Skills,Internal,Failed,Changmouth,482.47
Belen,Vasquez,2021-06-03,2023-04-14,Production Technician II,Roy Mora,belen.vasquez@bilearner.com,EW,Leave of Absence,Contract,Temporary,Voluntary,Production       ,Splicing,1957-11-04,MA,Female,Fully Meets,2949,2023-02-02,2,2,Communication Skills,Internal,Passed,North Lauramouth,310.41
Charlize,Rocha,2018-09-14,2019-01-04,Production Technician II,James Chapman,charlize.rocha@bilearner.com,MSC,Voluntarily Terminated,Part-Time,Temporary,Involuntary,Production       ,People Services,1943-01-04,MA,Female,Needs Improvement,2950,2022-08-21,3,3,Technical Skills,Internal,Completed,New Jennifer,331.52
Weston,Ramsey,2019-07-22,2021-10-18,Production Technician I,Ryan Larson,weston.ramsey@bilearner.com,WBL,Active,Part-Time,Part-Time,Voluntary,Production       ,Field Operations,1955-08-10,MA,Female,Fully Meets,2954,2023-07-24,5,2,Project Management,External,Passed,South Brian,833.13
Adison,Ray,2020-09-21,2023-03-22,Production Technician I,Carly Rogers,adison.ray@bilearner.com,PYZ,Active,Full-Time,Part-Time,Retirement,Production       ,General - Con,1959-06-14,MA,Male,Fully Meets,2955,2023-06-12,5,2,Project Management,External,Failed,East Jimmy,191.49
Marquis,Cardenas,2022-10-26,2022-11-01,Production Technician I,Mr. Justin Moore,marquis.cardenas@bilearner.com,BPC,Terminated for Cause,Part-Time,Temporary,Resignation,Production       ,Aerial,1942-08-30,MA,Male,Fully Meets,2959,2023-07-05,1,5,Customer Service,Internal,Incomplete,Carolburgh,657.64
Miya,Cruz,2019-02-12,2023-04-17,Production Technician I,Brett Davies,miya.cruz@bilearner.com,CCDR,Active,Full-Time,Part-Time,Resignation,Production       ,General - Con,1976-09-21,MA,Female,Fully Meets,2960,2022-09-23,2,4,Project Management,Internal,Incomplete,Evansborough,449.66
Erin,Floyd,2022-10-19,2023-07-22,Production Technician I,Susan Hahn,erin.floyd@bilearner.com,SVG,Active,Full-Time,Full-Time,Voluntary,Production       ,Field Operations,1977-12-20,MA,Female,Fully Meets,2961,2023-02-12,2,2,Leadership Development,External,Passed,North Josephbury,587.25
Manuel,Stout,2023-01-27,2023-05-06,Production Technician I,Gabriella Wilson,manuel.stout@bilearner.com,PYZ,Active,Contract,Temporary,Involuntary,Production       ,Field Operations,1957-01-04,MA,Female,Fully Meets,2965,2023-07-13,4,4,Project Management,External,Completed,Lake Anna,426.26
Joanna,Bradley,2020-07-03,2023-07-02,Production Technician I,Eric Houston,joanna.bradley@bilearner.com,WBL,Active,Full-Time,Temporary,Voluntary,Production       ,Aerial,1961-04-23,MA,Male,Fully Meets,2966,2023-03-06,5,2,Project Management,Internal,Passed,Christopherbury,197.73
Sade,Smith,2022-12-26,2023-06-25,Production Technician I,Paul Gonzalez,sade.smith@bilearner.com,NEL,Active,Full-Time,Part-Time,Retirement,Production       ,Field Operations,1983-12-06,MA,Female,Fully Meets,2967,2022-08-11,2,3,Customer Service,External,Incomplete,Emilymouth,145.68
Lauren,Peters,2020-09-28,2021-10-16,Production Technician II,Alexandra Riley,lauren.peters@bilearner.com,WBL,Voluntarily Terminated,Contract,Part-Time,Voluntary,Production       ,General - Con,1987-12-28,MA,Female,Fully Meets,2969,2022-11-21,4,5,Customer Service,Internal,Passed,Elizabethtown,405.4
Shenice,Gold,2020-09-16,2021-09-10,Production Technician I,Jennifer Munoz,shenice.gold@bilearner.com,MSC,Active,Full-Time,Temporary,Voluntary,Production       ,General - Con,1982-04-30,MA,Female,Fully Meets,2970,2022-10-23,5,5,Leadership Development,External,Failed,Morrisonshire,689.49
Brigit,McCarthy,2020-02-09,2021-03-14,Production Technician II,Ian Jenkins,brigit.mccarthy@bilearner.com,TNS,Active,Contract,Temporary,Involuntary,Production       ,Aerial,1996-10-07,MA,Female,Fully Meets,2971,2022-10-14,3,5,Project Management,Internal,Incomplete,Port Ryanmouth,141.14
Bradley J,Knapp,2021-04-14,2022-06-22,Production Technician I,Kayla Reyes,bradley j.knapp@bilearner.com,WBL,Active,Full-Time,Temporary,Voluntary,Production       ,Billable Consultants,1948-06-17,MA,Male,Fully Meets,2975,2022-12-29,2,3,Leadership Development,External,Completed,West Scottshire,551.76
Richard,Newman,2021-08-13,2021-10-12,Production Technician I,Jesse Bell,richard.newman@bilearner.com,TNS,Leave of Absence,Full-Time,Temporary,Involuntary,Production       ,Field Operations,1992-01-19,MA,Male,Fully Meets,2976,2022-09-02,4,3,Communication Skills,Internal,Passed,Port Richard,720.1
Caroline,Cierpiszewski,2022-07-23,2023-03-06,Production Technician I,Travis Andrade,caroline.cierpiszewski@bilearner.com,TNS,Active,Part-Time,Full-Time,Voluntary,Production       ,Aerial,1979-12-25,MA,Female,Fully Meets,2981,2022-09-21,5,3,Communication Skills,External,Completed,Alyssaside,197.96
Tayana,Jeannite,2020-03-28,2020-11-21,Production Technician II,Patricia Lowe,tayana.jeannite@bilearner.com,PYZ,Active,Contract,Temporary,Voluntary,Production       ,Engineers,1975-04-03,MA,Female,Fully Meets,2984,2022-12-09,4,1,Project Management,Internal,Incomplete,Lake Laurenville,671.21
Anthony,Heitzman,2019-02-05,2020-07-10,Production Technician I,Catherine Rodriguez,anthony.heitzman@bilearner.com,SVG,Active,Contract,Part-Time,Retirement,Production       ,General - Sga,1970-09-17,MA,Male,Fully Meets,2985,2023-07-14,3,5,Customer Service,Internal,Failed,West Andrew,813.43
Justice,Gentry,2020-11-14,2023-01-15,Production Technician I,Monica Cochran,justice.gentry@bilearner.com,MSC,Active,Full-Time,Part-Time,Resignation,Production       ,General - Con,1972-01-18,MA,Male,Fully Meets,2988,2023-07-15,4,4,Customer Service,Internal,Failed,Port Melissa,312.8
Moshe,Copeland,2022-04-16,2023-04-20,Production Technician I,Brittney Stone,moshe.copeland@bilearner.com,NEL,Active,Full-Time,Part-Time,Resignation,Production       ,Field Operations,1973-10-18,MA,Female,Fully Meets,2992,2022-12-07,1,4,Leadership Development,Internal,Passed,Davisbury,125.34
Harley,Nunez,2019-03-18,2022-11-23,Production Technician I,Pamela Suarez,harley.nunez@bilearner.com,PL,Active,Full-Time,Full-Time,Involuntary,Production       ,General - Con,1946-01-07,MA,Male,Fully Meets,2993,2022-12-14,5,5,Communication Skills,Internal,Incomplete,Judithborough,559.24
Ronnie,Haas,2018-09-03,2018-11-29,Production Technician I,Jason Huber,ronnie.haas@bilearner.com,CCDR,Active,Full-Time,Full-Time,Resignation,Production       ,General - Con,1954-10-17,MA,Male,Needs Improvement,2995,2023-01-19,1,5,Technical Skills,Internal,Passed,Wardchester,440.35
Kira,Robertson,2022-06-15,2022-08-16,Production Technician I,Zachary Hill,kira.robertson@bilearner.com,SVG,Active,Contract,Temporary,Involuntary,Production       ,General - Con,1989-09-30,MA,Female,Fully Meets,2996,2022-08-27,3,2,Technical Skills,Internal,Passed,Dunnchester,727.12
Travis,Cardenas,2018-10-28,2019-08-04,Production Technician I,Charles Brock,travis.cardenas@bilearner.com,TNS,Active,Contract,Part-Time,Voluntary,Production       ,Field Operations,1970-03-16,MA,Male,Fully Meets,2999,2023-01-24,2,1,Customer Service,Internal,Passed,Raymondshire,800.21
Trent,Sandoval,2018-09-27,2022-12-12,Production Technician I,Thomas Nguyen,trent.sandoval@bilearner.com,WBL,Active,Full-Time,Part-Time,Retirement,Production       ,General - Con,1942-10-15,MA,Male,Fully Meets,3001,2023-04-13,5,4,Communication Skills,Internal,Passed,Alexanderchester,346.93
Tiara,Velez,2019-08-29,2022-06-19,Production Technician II,Lisa Walters,tiara.velez@bilearner.com,EW,Active,Full-Time,Full-Time,Retirement,Production       ,General - Con,1996-01-24,MA,Female,Fully Meets,3004,2022-10-21,4,3,Technical Skills,Internal,Incomplete,Christopherchester,183.63
Madeline,Powell,2019-03-21,2022-09-25,Production Technician II,Gabriela Boyd,madeline.powell@bilearner.com,PL,Active,Part-Time,Full-Time,Resignation,Production       ,General - Con,1949-10-13,MA,Female,Fully Meets,3007,2023-05-15,2,5,Customer Service,External,Incomplete,Thomaschester,147.35
Alfred,Goodman,2020-04-03,2021-12-27,Production Technician II,Kevin Robertson,alfred.goodman@bilearner.com,PYZ,Active,Full-Time,Full-Time,Involuntary,Production       ,General - Sga,1977-03-06,MA,Female,Fully Meets,3008,2023-04-09,2,1,Leadership Development,Internal,Incomplete,Nguyenmouth,967.08
Aracely,Kelly,2019-06-02,2021-07-14,Production Technician I,Tony Moyer,aracely.kelly@bilearner.com,EW,Active,Part-Time,Part-Time,Resignation,Production       ,Billable Consultants,1997-05-01,MA,Male,Fully Meets,3009,2022-10-27,1,2,Leadership Development,Internal,Incomplete,East William,637.86
Morgan,Velazquez,2019-05-31,2020-09-04,Production Technician I,Heidi Ruiz,morgan.velazquez@bilearner.com,MSC,Leave of Absence,Part-Time,Temporary,Retirement,Production       ,General - Con,1947-03-15,MA,Male,Fully Meets,3010,2022-11-19,1,5,Project Management,External,Failed,South Andrew,299.13
Isla,Becker,2020-01-06,2020-05-04,Production Technician I,Valerie Gallagher,isla.becker@bilearner.com,TNS,Leave of Absence,Part-Time,Full-Time,Involuntary,Production       ,Engineers,1954-02-11,MA,Female,Fully Meets,3011,2022-12-07,4,4,Leadership Development,External,Incomplete,Lynnburgh,935.75
Scott,Sanford,2018-08-19,2021-02-18,Production Technician I,Walter Sanchez,scott.sanford@bilearner.com,BPC,Leave of Absence,Contract,Temporary,Retirement,Production       ,General - Sga,1950-05-28,MA,Female,Exceeds,3012,2023-01-22,3,5,Technical Skills,External,Failed,South Jameshaven,494.02
Amelia,Gamble,2022-11-23,2022-12-09,Production Technician I,Danielle Long,amelia.gamble@bilearner.com,EW,Active,Contract,Temporary,Resignation,Production       ,Field Operations,1967-07-17,MA,Male,PIP,3014,2023-03-19,3,4,Leadership Development,Internal,Completed,Lake Jeffreyborough,326.37
Arjun,Gibson,2023-04-16,2023-08-04,Production Technician I,Douglas Washington,arjun.gibson@bilearner.com,PL,Active,Full-Time,Full-Time,Voluntary,Production       ,Field Operations,1994-12-12,MA,Female,PIP,3017,2022-09-28,3,5,Technical Skills,Internal,Incomplete,West Elizabethborough,795.89
Alaina,Jenkins,2020-10-10,2023-06-23,Production Technician I,John Jordan,alaina.jenkins@bilearner.com,PYZ,Active,Contract,Part-Time,Retirement,Production       ,Project Management - Con,1974-06-13,MA,Female,PIP,3018,2022-09-13,1,1,Communication Skills,External,Passed,Juanton,980.49
Elyse,Morrow,2022-04-15,2023-07-04,Production Technician I,Thomas Humphrey,elyse.morrow@bilearner.com,SVG,Active,Contract,Full-Time,Voluntary,Production       ,Finance & Accounting,1979-09-21,MA,Female,PIP,3019,2022-09-11,3,4,Technical Skills,External,Failed,Port Thomaston,155.46
Leonel,Chang,2018-10-10,2020-05-17,Production Technician I,Miguel Rodgers,leonel.chang@bilearner.com,BPC,Active,Full-Time,Full-Time,Retirement,Production       ,Splicing,1976-07-16,MA,Male,PIP,3022,2023-02-05,2,2,Communication Skills,External,Completed,New Kevin,848.52
Marshall,Lucas,2019-01-15,2021-04-03,Production Technician II,Grant Brooks,marshall.lucas@bilearner.com,TNS,Voluntarily Terminated,Contract,Part-Time,Retirement,Production       ,General - Con,1958-01-30,MA,Female,PIP,3023,2022-09-19,3,5,Project Management,Internal,Passed,South Gregborough,321.61
Alan,Woods,2023-05-27,2023-07-28,Production Technician II,Erin George,alan.woods@bilearner.com,MSC,Active,Part-Time,Full-Time,Voluntary,Production       ,General - Eng,1943-05-08,MA,Female,Fully Meets,3027,2023-02-17,3,2,Communication Skills,External,Incomplete,New Kelseyland,707.06
Teagan,Phelps,2018-08-10,2021-07-25,Production Technician II,Brian Green,teagan.phelps@bilearner.com,NEL,Voluntarily Terminated,Contract,Temporary,Resignation,Production       ,Engineers,2000-05-02,MA,Female,Fully Meets,3028,2023-04-01,5,4,Communication Skills,Internal,Completed,Nguyenstad,690.29
Malachi,Burnett,2021-10-24,2023-02-03,Production Technician II,Tommy Lee,malachi.burnett@bilearner.com,PL,Active,Contract,Full-Time,Voluntary,Production       ,Finance & Accounting,1959-06-14,MA,Female,Fully Meets,3029,2023-02-08,1,1,Project Management,External,Incomplete,Bridgesside,721.83
Kadin,Mcdowell,2022-07-05,2023-01-03,Production Technician II,Kevin Davis,kadin.mcdowell@bilearner.com,PYZ,Active,Full-Time,Part-Time,Voluntary,Production       ,Wireline Construction,1953-08-10,MA,Female,Fully Meets,3030,2022-12-05,2,2,Technical Skills,Internal,Passed,Port Codyburgh,287.34
Reed,Brandt,2022-01-22,2023-03-03,Production Technician I,Jamie Anderson,reed.brandt@bilearner.com,SVG,Active,Contract,Temporary,Resignation,Production       ,Project Management - Con,1960-07-13,MA,Male,Fully Meets,3031,2022-12-20,2,3,Technical Skills,External,Incomplete,Jacksonborough,783.36
Cristofer,Schwartz,2023-03-27,2023-07-23,Production Technician I,Maria Hall,cristofer.schwartz@bilearner.com,EW,Leave of Absence,Part-Time,Full-Time,Voluntary,Production       ,General - Con,1941-11-10,MA,Male,Fully Meets,3032,2023-07-06,1,3,Technical Skills,External,Passed,North Justinbury,709.78
Jaelynn,Salazar,2019-08-26,2022-03-09,Production Technician I,Bryan Clark,jaelynn.salazar@bilearner.com,MSC,Leave of Absence,Contract,Part-Time,Voluntary,Production       ,Engineers,1946-03-17,MA,Male,Fully Meets,3033,2022-08-28,3,3,Customer Service,Internal,Incomplete,Ramirezburgh,714.64
Heidi,Manning,2020-11-11,2021-04-28,Production Technician I,David Stark,heidi.manning@bilearner.com,PL,Active,Part-Time,Temporary,Involuntary,Production       ,Field Operations,1955-08-20,MA,Male,Fully Meets,3038,2022-10-06,5,5,Customer Service,Internal,Incomplete,Edwardsside,244.22
Deven,Gillespie,2023-06-09,2023-07-12,Production Technician I,Alisha Ramirez,deven.gillespie@bilearner.com,EW,Active,Contract,Temporary,Resignation,Production       ,Fielders,1961-06-24,MA,Female,Exceeds,3042,2023-01-13,4,1,Technical Skills,Internal,Incomplete,New Kimberlyview,513.54
Cullen,Ruiz,2020-08-26,2020-12-30,Production Technician I,Charles Dean,cullen.ruiz@bilearner.com,TNS,Active,Contract,Part-Time,Retirement,Production       ,General - Con,1966-02-27,MA,Male,Exceeds,3044,2023-06-07,1,1,Leadership Development,Internal,Passed,Courtneyshire,643.75
Claudia,Melton,2023-06-02,2023-07-09,Production Technician II,Anna Davidson,claudia.melton@bilearner.com,TNS,Voluntarily Terminated,Part-Time,Full-Time,Resignation,Production       ,Wireline Construction,1983-06-05,MA,Female,Exceeds,3046,2023-03-06,2,5,Communication Skills,Internal,Passed,Lake Jerry,767.56
Carlie,Wagner,2023-07-02,2023-07-25,Production Technician II,Joshua Diaz,carlie.wagner@bilearner.com,NEL,Active,Part-Time,Temporary,Involuntary,Production       ,General - Con,1948-05-12,MA,Female,Fully Meets,3049,2022-10-10,5,3,Project Management,External,Incomplete,Martinberg,510.95
Briley,Huerta,2021-08-27,2022-05-01,Production Technician II,Alex Holt,briley.huerta@bilearner.com,BPC,Voluntarily Terminated,Contract,Temporary,Voluntary,Production       ,Underground,1972-02-13,MA,Female,Fully Meets,3051,2023-02-09,3,5,Leadership Development,External,Incomplete,Danielmouth,992.48
Ean,Barajas,2020-01-25,2023-02-05,Production Technician II,Ralph Delgado,ean.barajas@bilearner.com,CCDR,Active,Full-Time,Full-Time,Involuntary,Production       ,General - Sga,1948-06-09,MA,Female,Fully Meets,3052,2023-07-22,5,1,Technical Skills,External,Incomplete,Derekbury,824.73
Dayana,Gregory,2020-03-26,2021-10-08,Production Technician II,Rodney Burch,dayana.gregory@bilearner.com,SVG,Active,Part-Time,Full-Time,Resignation,Production       ,General - Con,1958-01-04,MA,Female,Fully Meets,3053,2023-02-03,2,1,Communication Skills,External,Failed,Lake Katrinastad,588.35
Matthias,Simon,2020-12-27,2021-12-07,Production Technician I,Anthony Guerrero,matthias.simon@bilearner.com,EW,Leave of Absence,Part-Time,Part-Time,Retirement,Production       ,Field Operations,1987-11-04,MA,Male,Fully Meets,3055,2022-09-29,5,1,Technical Skills,Internal,Failed,North Janice,833.23
Bridger,Duran,2022-11-09,2023-07-09,Production Technician I,Richard Contreras,bridger.duran@bilearner.com,TNS,Leave of Absence,Full-Time,Temporary,Retirement,Production       ,General - Con,1988-02-01,MA,Female,Fully Meets,3057,2023-02-06,1,2,Leadership Development,Internal,Completed,Johnsonville,961.84
Amirah,Cline,2019-02-11,2020-07-30,Production Technician I,Shelia Goodwin,amirah.cline@bilearner.com,PYZ,Leave of Absence,Part-Time,Temporary,Involuntary,Production       ,Yard (Material Handling),1965-08-19,MA,Male,Fully Meets,3058,2023-07-04,4,1,Leadership Development,Internal,Completed,South Kevinside,193.58
Kaylynn,Odom,2023-01-03,2023-08-05,Production Technician I,Brandon Hernandez,kaylynn.odom@bilearner.com,PL,Active,Part-Time,Full-Time,Resignation,Production       ,Wireline Construction,1956-09-26,MA,Male,Fully Meets,3061,2023-07-19,5,1,Technical Skills,External,Incomplete,Baileyton,602.56
Patience,Henry,2021-12-22,2023-08-03,Production Technician I,Deborah Diaz,patience.henry@bilearner.com,CCDR,Active,Contract,Part-Time,Voluntary,Production       ,Field Operations,1983-10-21,MA,Female,Fully Meets,3063,2022-10-06,1,5,Project Management,External,Failed,Bellmouth,767.52
Anna,Salazar,2021-04-21,2021-09-21,Production Technician I,Thomas Jackson,anna.salazar@bilearner.com,EW,Active,Part-Time,Temporary,Resignation,Production       ,Field Operations,1976-10-07,MA,Female,Fully Meets,3065,2022-12-01,3,1,Project Management,Internal,Incomplete,Port James,997.24
Vicente,Davis,2022-07-28,2022-10-20,Production Technician I,Jamie Pope,vicente.davis@bilearner.com,MSC,Active,Full-Time,Full-Time,Retirement,Production       ,Field Operations,1967-04-12,MA,Male,Fully Meets,3066,2022-12-04,5,4,Communication Skills,External,Failed,Mitchellbury,258.73
Alana,Nunez,2022-05-22,2022-12-08,Production Technician I,Rose Johnson,alana.nunez@bilearner.com,PYZ,Terminated for Cause,Full-Time,Temporary,Resignation,Production       ,Finance & Accounting,1947-05-02,MA,Male,Fully Meets,3068,2023-05-12,3,2,Customer Service,External,Completed,East Jeanetteberg,261.81
Jaylen,Donaldson,2019-10-19,2021-12-03,Production Technician II,David Hicks,jaylen.donaldson@bilearner.com,WBL,Active,Full-Time,Temporary,Involuntary,Production       ,General - Con,1999-02-14,MA,Female,Fully Meets,3069,2023-05-14,1,2,Technical Skills,External,Incomplete,North Ashley,767.33
Malakai,Shelton,2019-12-25,2021-07-24,Production Technician II,Geoffrey Curtis,malakai.shelton@bilearner.com,BPC,Active,Full-Time,Temporary,Involuntary,Production       ,Wireline Construction,1972-05-05,MA,Female,Fully Meets,3070,2023-04-15,1,5,Communication Skills,External,Failed,West Steve,848.76
Erick,Wood,2022-11-04,2022-11-26,Production Technician II,Holly Miller,erick.wood@bilearner.com,CCDR,Active,Full-Time,Part-Time,Voluntary,Production       ,General - Con,1956-01-26,MA,Female,Fully Meets,3071,2022-09-19,1,4,Project Management,External,Incomplete,New John,647.01
Daniel,Frye,2023-04-26,2023-05-30,Production Technician II,Ronald Shepherd DDS,daniel.frye@bilearner.com,EW,Active,Full-Time,Part-Time,Involuntary,Production       ,Wireless,1986-02-15,MA,Female,Fully Meets,3072,2022-11-01,2,4,Project Management,Internal,Failed,New Cody,230.6
Jayvon,Simpson,2022-10-26,2023-05-16,Production Technician II,Jeremy Ray,jayvon.simpson@bilearner.com,MSC,Voluntarily Terminated,Contract,Part-Time,Retirement,Production       ,General - Con,1987-04-26,MA,Female,Fully Meets,3073,2023-01-03,2,3,Customer Service,Internal,Completed,Clarkechester,681.4
Bryant,Singleton,2020-07-14,2022-06-27,Production Technician II,Barbara Clark,bryant.singleton@bilearner.com,NEL,Voluntarily Terminated,Contract,Full-Time,Resignation,Production       ,Splicing,1963-10-04,MA,Female,Fully Meets,3074,2022-10-23,1,3,Leadership Development,Internal,Passed,Trujilloville,356.98
Asher,Miles,2022-09-17,2023-06-12,Production Technician I,Audrey Hamilton,asher.miles@bilearner.com,CCDR,Active,Contract,Temporary,Involuntary,Production       ,General - Con,1958-08-16,MA,Male,Fully Meets,3077,2023-07-05,2,1,Project Management,External,Failed,Darrenland,726.88
Makaila,Baxter,2021-01-08,2023-04-01,Production Technician I,Aaron Andrews,makaila.baxter@bilearner.com,SVG,Active,Contract,Part-Time,Voluntary,Production       ,General - Con,1960-04-14,MA,Male,Fully Meets,3078,2023-01-28,1,1,Leadership Development,Internal,Completed,East Mikayla,548.95
Tommy,Carter,2020-12-18,2022-09-16,Production Technician I,David Moore,tommy.carter@bilearner.com,EW,Leave of Absence,Part-Time,Part-Time,Retirement,Production       ,Aerial,1973-07-09,MA,Female,Fully Meets,3079,2022-11-12,3,5,Communication Skills,External,Completed,Lake Anna,519.81
Zavier,Reese,2020-09-12,2022-11-22,Production Technician I,Brittany Ray,zavier.reese@bilearner.com,MSC,Leave of Absence,Contract,Part-Time,Voluntary,Production       ,General - Con,1999-06-19,MA,Female,Fully Meets,3080,2023-02-05,3,3,Technical Skills,Internal,Incomplete,Mayofort,121.62
Mekhi,Hopkins,2020-10-27,2022-06-08,Production Technician I,Erica Davis,mekhi.hopkins@bilearner.com,NEL,Active,Part-Time,Temporary,Voluntary,Production       ,General - Con,1996-06-29,MA,Male,Fully Meets,3084,2022-12-06,5,3,Customer Service,External,Completed,Port Timothyport,109.14
Alani,Cooley,2019-12-23,2023-08-05,Production Technician I,Julie Donovan,alani.cooley@bilearner.com,BPC,Active,Part-Time,Temporary,Retirement,Production       ,Aerial,1987-03-29,MA,Female,Fully Meets,3086,2023-07-13,4,2,Communication Skills,Internal,Incomplete,West Joshua,288.09
Baylee,Castaneda,2020-05-09,2023-07-25,Production Technician I,Laura Mayo,baylee.castaneda@bilearner.com,EW,Active,Contract,Temporary,Voluntary,Production       ,Field Operations,1963-05-16,MA,Female,Fully Meets,3089,2023-06-08,5,3,Leadership Development,Internal,Failed,Kathrynview,788.1
Kali,Hensley,2019-02-27,2020-08-31,Production Technician I,Charles Cruz,kali.hensley@bilearner.com,TNS,Terminated for Cause,Contract,Part-Time,Involuntary,Production       ,Billable Consultants,1958-03-06,MA,Male,Fully Meets,3091,2023-02-10,2,2,Project Management,External,Completed,Vazquezbury,872.29
Beckett,Sandoval,2020-01-12,2023-07-12,Production Technician II,Carolyn Stewart,beckett.sandoval@bilearner.com,TNS,Active,Contract,Full-Time,Voluntary,Production       ,Field Operations,1979-12-10,MA,Female,Fully Meets,3092,2023-04-15,4,4,Leadership Development,Internal,Passed,South Keithside,372.99
Isabell,Meadows,2019-06-29,2021-01-10,Production Technician II,Daniel Hinton,isabell.meadows@bilearner.com,PYZ,Active,Full-Time,Full-Time,Voluntary,Production       ,Splicing,1976-09-21,MA,Female,Fully Meets,3093,2022-12-31,3,4,Communication Skills,Internal,Passed,Lawrenceborough,229.87
Jordin,Alexander,2021-07-15,2021-09-29,Production Technician II,Joshua Foster,jordin.alexander@bilearner.com,WBL,Active,Contract,Full-Time,Voluntary,Production       ,Engineers,1963-10-18,MA,Female,Fully Meets,3094,2023-04-26,2,3,Project Management,Internal,Failed,Melindahaven,544.31
Baron,Lindsey,2019-09-23,2023-04-09,Production Technician II,Mr. Joseph Ashley,baron.lindsey@bilearner.com,PL,Voluntarily Terminated,Contract,Part-Time,Involuntary,Production       ,Engineers,1974-09-07,MA,Female,Fully Meets,3096,2023-05-05,1,3,Technical Skills,Internal,Failed,Andreastad,108.99
Rigoberto,Gentry,2020-10-11,2021-01-06,Production Technician II,Bethany Gaines,rigoberto.gentry@bilearner.com,BPC,Voluntarily Terminated,Part-Time,Temporary,Retirement,Production       ,Project Management - Con,1961-06-11,MA,Female,Fully Meets,3097,2022-09-08,5,3,Project Management,Internal,Incomplete,Matthewchester,166.08
Carsen,Schmidt,2020-10-25,2021-12-28,Production Technician I,Kevin Davis,carsen.schmidt@bilearner.com,SVG,Active,Contract,Temporary,Retirement,Production       ,General - Con,1950-06-08,MA,Female,Fully Meets,3100,2023-04-25,1,5,Technical Skills,External,Incomplete,Jamesberg,136.94
Eden,Robles,2019-03-15,2022-08-03,Production Technician I,Stephanie Frost,eden.robles@bilearner.com,MSC,Leave of Absence,Full-Time,Part-Time,Resignation,Production       ,Field Operations,1992-10-10,MA,Male,Exceeds,3102,2023-01-01,1,2,Customer Service,Internal,Incomplete,West Michelle,524.34
Abel,Snow,2023-07-06,2023-07-23,Production Technician I,Bryan Ortega DVM,abel.snow@bilearner.com,TNS,Leave of Absence,Full-Time,Part-Time,Involuntary,Production       ,Field Operations,1960-01-16,MA,Male,Fully Meets,3103,2023-01-26,2,5,Technical Skills,External,Failed,North Frances,141.25
Josie,Melton,2020-06-07,2022-07-09,Production Technician I,Scott Stone,josie.melton@bilearner.com,WBL,Active,Full-Time,Temporary,Resignation,Production       ,Fielders,1943-05-12,MA,Male,Fully Meets,3105,2022-10-31,2,1,Technical Skills,External,Failed,Hillville,805.93
Elijah,Barr,2021-06-21,2022-11-11,Production Technician I,Heather Adams,elijah.barr@bilearner.com,PL,Active,Full-Time,Temporary,Voluntary,Production       ,Wireline Construction,1971-12-26,MA,Female,Fully Meets,3107,2022-12-10,2,1,Leadership Development,Internal,Failed,Port Victoria,855.26
Oswaldo,Hanson,2021-10-22,2022-05-12,Production Technician I,Julie Hernandez,oswaldo.hanson@bilearner.com,BPC,Active,Full-Time,Temporary,Retirement,Production       ,General - Con,1945-07-05,MA,Female,Fully Meets,3108,2023-07-15,1,4,Customer Service,External,Completed,Markfort,755.13
Emanuel,George,2021-10-08,2022-08-11,Production Technician I,Molly Guerrero,emanuel.george@bilearner.com,MSC,Terminated for Cause,Part-Time,Full-Time,Involuntary,Production       ,Shop (Fleet),1946-11-15,MA,Male,Fully Meets,3112,2023-02-20,5,2,Technical Skills,Internal,Passed,Watsonchester,168.79
Giselle,Calderon,2019-02-03,2019-04-02,Production Technician II,Donna Duffy,giselle.calderon@bilearner.com,TNS,Active,Contract,Full-Time,Voluntary,Production       ,Project Management - Con,1981-07-02,MA,Female,Fully Meets,3113,2022-10-07,5,2,Leadership Development,Internal,Passed,South Tim,236.27
Braiden,Kirby,2021-07-12,2021-08-17,Production Technician II,Paul Brewer,braiden.kirby@bilearner.com,WBL,Active,Contract,Temporary,Voluntary,Production       ,Project Management - Con,1964-01-01,MA,Female,Fully Meets,3115,2023-06-29,1,3,Technical Skills,Internal,Incomplete,Eugenehaven,386.26
Jeramiah,Chandler,2019-01-28,2020-12-14,Production Technician II,Dr. Anna Hayes DVM,jeramiah.chandler@bilearner.com,BPC,Voluntarily Terminated,Part-Time,Full-Time,Voluntary,Production       ,Catv,1956-12-14,MA,Female,Fully Meets,3118,2022-10-25,3,2,Technical Skills,External,Incomplete,Thomashaven,543.74
Angelique,Hogan,2021-08-05,2023-03-02,Production Technician I,Andrew Davis,angelique.hogan@bilearner.com,PL,Active,Part-Time,Full-Time,Resignation,Production       ,Aerial,1946-02-03,MA,Female,Fully Meets,3120,2023-04-10,1,5,Project Management,External,Incomplete,Port Samuelburgh,144.25
Moriah,Dodson,2022-11-07,2023-03-02,Production Technician I,Rachel Chaney,moriah.dodson@bilearner.com,PYZ,Active,Part-Time,Full-Time,Retirement,Production       ,Project Management - Con,1949-10-17,MA,Female,Fully Meets,3121,2023-04-13,4,1,Leadership Development,External,Failed,Drakeborough,854.54
Connor,Bray,2022-01-23,2022-06-26,Production Technician I,Rachel Barr MD,connor.bray@bilearner.com,SVG,Leave of Absence,Contract,Part-Time,Voluntary,Production       ,Project Management - Con,1946-09-23,MA,Female,Fully Meets,3122,2023-04-03,1,1,Customer Service,External,Completed,Garrettchester,107.47
Taliyah,Yang,2019-01-05,2021-11-04,Production Technician I,Kristi Cox,taliyah.yang@bilearner.com,WBL,Leave of Absence,Full-Time,Part-Time,Resignation,Production       ,Engineers,1991-08-28,MA,Female,Fully Meets,3124,2022-08-13,2,4,Customer Service,External,Passed,Port Cameronstad,965.62
Boston,Cochran,2020-04-07,2021-03-21,Production Technician I,Tracey Wu,boston.cochran@bilearner.com,PYZ,Leave of Absence,Part-Time,Part-Time,Resignation,Production       ,Aerial,1992-09-08,MA,Male,Fully Meets,3125,2023-07-08,3,5,Leadership Development,External,Passed,Port Christina,459.53
Lillianna,Hull,2022-06-14,2022-12-05,Production Technician I,Stacey Robles,lillianna.hull@bilearner.com,NEL,Active,Part-Time,Part-Time,Resignation,Production       ,Project Management - Con,1991-10-26,MA,Male,Fully Meets,3127,2023-04-09,4,5,Project Management,External,Failed,West Brentstad,309.74
Kennedy,Beard,2020-08-10,2023-01-14,Production Technician I,Scott Dawson,kennedy.beard@bilearner.com,CCDR,Active,Part-Time,Temporary,Voluntary,Production       ,Wireline Construction,1981-05-09,MA,Female,Fully Meets,3130,2022-12-28,4,3,Customer Service,Internal,Incomplete,Larahaven,501.5
Alma,Hanna,2021-04-13,2022-06-11,Production Technician I,Patricia Potter,alma.hanna@bilearner.com,SVG,Active,Contract,Temporary,Resignation,Production       ,Wireline Construction,1954-01-28,MA,Female,Fully Meets,3131,2022-08-07,3,2,Leadership Development,Internal,Completed,Kennethview,937.85
Ximena,Suarez,2020-04-27,2022-10-18,Production Technician I,Brian Gregory,ximena.suarez@bilearner.com,EW,Active,Full-Time,Full-Time,Involuntary,Production       ,Field Operations,1979-09-20,MA,Female,Fully Meets,3132,2023-06-19,2,2,Communication Skills,Internal,Incomplete,Kimberlyshire,134.92
Aydin,Dixon,2022-02-25,2022-03-02,Production Technician I,Jackie Davis,aydin.dixon@bilearner.com,MSC,Terminated for Cause,Contract,Part-Time,Resignation,Production       ,Project Management - Con,1958-10-23,MA,Male,Fully Meets,3133,2022-09-21,1,5,Communication Skills,External,Incomplete,Ricardoberg,946.99
Heidi,Joyce,2018-12-06,2022-12-01,Production Technician II,Keith George,heidi.joyce@bilearner.com,TNS,Active,Part-Time,Full-Time,Voluntary,Production       ,Fielders,1947-04-15,MA,Female,Exceeds,3134,2022-11-20,3,2,Technical Skills,External,Completed,New Victor,945.68
Elle,Spears,2020-03-12,2023-06-06,Production Technician II,Jennifer Smith,elle.spears@bilearner.com,BPC,Active,Part-Time,Temporary,Involuntary,Production       ,Project Management - Con,1993-04-25,MA,Female,Fully Meets,3135,2022-10-24,1,2,Communication Skills,Internal,Passed,Bishopbury,142.21
Dean,Mckenzie,2018-12-09,2023-06-25,Production Technician II,Justin Wells,dean.mckenzie@bilearner.com,EW,Voluntarily Terminated,Contract,Temporary,Involuntary,Production       ,Field Operations,1995-06-03,MA,Female,Fully Meets,3137,2023-03-23,1,2,Technical Skills,External,Passed,Port Justinchester,641.68
Isabell,Wu,2022-12-25,2023-03-08,Production Technician II,Rachel Crawford,isabell.wu@bilearner.com,MSC,Voluntarily Terminated,Contract,Full-Time,Voluntary,Production       ,Field Operations,1987-04-07,MA,Female,Fully Meets,3138,2023-07-10,5,3,Project Management,Internal,Failed,Burtonburgh,295.67
Prince,Petty,2020-09-27,2022-03-04,Production Technician I,James Ware,prince.petty@bilearner.com,MSC,Leave of Absence,Part-Time,Temporary,Retirement,Production       ,Field Operations,1995-10-30,MA,Male,Fully Meets,3145,2023-06-13,1,2,Leadership Development,Internal,Passed,Spearsmouth,773.76
Bobby,Levy,2023-07-17,2023-07-28,Production Technician I,Donna Yang,bobby.levy@bilearner.com,PYZ,Active,Contract,Temporary,Involuntary,Production       ,General - Sga,1999-04-23,MA,Male,Fully Meets,3147,2023-07-24,2,2,Project Management,External,Completed,Powellshire,820.65
Gustavo,Durham,2020-05-28,2021-12-14,Production Technician I,Adrienne Barnett,gustavo.durham@bilearner.com,WBL,Active,Full-Time,Temporary,Voluntary,Production       ,Aerial,1950-03-01,MA,Male,Exceeds,3148,2023-06-24,4,5,Communication Skills,External,Completed,Port Charles,727.06
Teagan,Stevens,2021-03-01,2023-04-05,Production Technician I,Yvonne Bush,teagan.stevens@bilearner.com,NEL,Active,Full-Time,Part-Time,Voluntary,Production       ,Field Operations,1983-09-27,MA,Female,Exceeds,3149,2023-03-31,2,1,Customer Service,Internal,Failed,Pattersonborough,858.12
Alaina,Mayo,2022-07-05,2022-12-28,Production Technician I,Mr. Tony Collier,alaina.mayo@bilearner.com,CCDR,Active,Contract,Temporary,Voluntary,Production       ,Field Operations,1953-12-29,MA,Female,Exceeds,3152,2023-04-28,1,3,Communication Skills,Internal,Failed,East Renee,955.95
Jagger,Morgan,2019-11-29,2022-03-11,Production Technician I,Kathleen Johnson,jagger.morgan@bilearner.com,SVG,Active,Part-Time,Full-Time,Retirement,Production       ,Field Operations,1994-12-13,MA,Female,Fully Meets,3153,2022-11-04,1,5,Communication Skills,External,Passed,East Johnton,897.64
Amy,Frederick,2020-07-16,2022-02-15,Production Technician I,Amanda Carter,amy.frederick@bilearner.com,MSC,Terminated for Cause,Contract,Temporary,Voluntary,Production       ,General - Con,1951-03-14,MA,Male,Fully Meets,3155,2022-08-18,2,5,Communication Skills,External,Failed,West Greg,336.64
Pierce,Charles,2019-07-18,2020-02-19,Production Technician II,Jenny Ray,pierce.charles@bilearner.com,MSC,Voluntarily Terminated,Contract,Part-Time,Voluntary,Production       ,General - Con,1962-07-16,MA,Female,Fully Meets,3156,2023-01-27,4,2,Communication Skills,External,Failed,Rebeccaburgh,171.46
Deegan,Pham,2019-03-10,2021-11-16,Production Technician II,Kimberly Collier,deegan.pham@bilearner.com,TNS,Active,Contract,Full-Time,Voluntary,Production       ,Billable Consultants,1984-03-16,MA,Female,Exceeds,3157,2023-04-11,4,1,Project Management,Internal,Incomplete,Dunnchester,401.9
Seth,Oneill,2023-05-30,2023-07-21,Production Technician II,Michael Hendricks,seth.oneill@bilearner.com,PYZ,Active,Part-Time,Full-Time,Retirement,Production       ,General - Sga,1976-01-21,MA,Female,Exceeds,3158,2023-02-02,1,1,Communication Skills,Internal,Passed,Benjaminhaven,266.62
Mollie,Woodward,2018-08-23,2019-06-19,Production Technician II,Lindsay White,mollie.woodward@bilearner.com,WBL,Active,Full-Time,Part-Time,Voluntary,Production       ,Field Operations,1978-05-29,MA,Female,Fully Meets,3159,2023-04-23,1,1,Technical Skills,External,Failed,New Tina,913.36
Celeste,Allison,2023-08-01,2023-08-02,Production Technician II,Erin Maxwell,celeste.allison@bilearner.com,PL,Voluntarily Terminated,Full-Time,Full-Time,Involuntary,Production       ,General - Con,1983-04-17,MA,Female,Fully Meets,3161,2023-07-15,1,5,Customer Service,External,Passed,West Timothy,398.98
Camryn,Clark,2020-02-24,2020-12-24,Production Technician II,Kaitlin Thomas MD,camryn.clark@bilearner.com,BPC,Active,Part-Time,Temporary,Resignation,Production       ,Isp,1997-08-27,MA,Male,Fully Meets,3162,2023-03-20,4,4,Technical Skills,Internal,Failed,Jamesville,569.76
Danielle,Blanchard,2022-12-07,2023-06-08,Production Technician I,Natalie Hogan,danielle.blanchard@bilearner.com,BPC,Voluntarily Terminated,Full-Time,Temporary,Resignation,Production       ,Field Operations,1997-03-18,MA,Female,Fully Meets,3164,2022-10-02,4,2,Project Management,External,Passed,Harmontown,981.17
Kasey,Pineda,2019-03-08,2021-02-08,Production Technician I,Kenneth Wilkinson,kasey.pineda@bilearner.com,CCDR,Active,Part-Time,Full-Time,Retirement,Production       ,Field Operations,1994-12-24,MA,Female,Fully Meets,3165,2023-06-17,1,5,Leadership Development,External,Failed,Johnstonchester,972.9
Kenzie,Friedman,2019-08-06,2022-07-27,Production Technician I,Michelle Beasley,kenzie.friedman@bilearner.com,SVG,Active,Part-Time,Full-Time,Resignation,Production       ,Field Operations,1993-11-02,MA,Female,Exceeds,3166,2023-01-26,2,4,Project Management,Internal,Incomplete,Port Ronaldville,928.71
Deshawn,Henry,2022-02-08,2023-07-18,Production Technician I,Timothy Price,deshawn.henry@bilearner.com,MSC,Leave of Absence,Part-Time,Full-Time,Voluntary,Production       ,Sales & Marketing,1990-05-24,MA,Male,Fully Meets,3168,2023-08-05,5,2,Leadership Development,External,Failed,Brandonland,613.58
Cristian,Ritter,2019-06-08,2021-01-29,Production Technician I,Jade Howell,cristian.ritter@bilearner.com,TNS,Active,Part-Time,Part-Time,Resignation,Production       ,Aerial,1951-04-03,MA,Female,Exceeds,3169,2023-04-27,3,2,Communication Skills,Internal,Completed,New Duaneshire,109.96
Demarcus,Huffman,2022-01-28,2023-06-23,Production Technician I,David Harrison,demarcus.huffman@bilearner.com,PYZ,Active,Full-Time,Full-Time,Retirement,Production       ,Field Operations,1992-01-23,MA,Male,Fully Meets,3170,2022-11-28,1,3,Technical Skills,External,Failed,Elizabethfurt,361.28
Regina,Lopez,2020-08-26,2022-08-11,Production Technician I,Courtney Neal,regina.lopez@bilearner.com,WBL,Active,Part-Time,Part-Time,Involuntary,Production       ,Engineers,1995-02-25,MA,Female,Fully Meets,3171,2023-01-08,4,1,Leadership Development,External,Failed,Port Tylerview,248.66
Tucker,Sweeney,2022-12-21,2023-05-30,Production Technician I,Gloria Vaughn,tucker.sweeney@bilearner.com,PL,Active,Contract,Part-Time,Resignation,Production       ,Billable Consultants,1957-03-14,MA,Female,Fully Meets,3173,2023-07-13,5,4,Communication Skills,External,Incomplete,Mataport,573.31
Roy,Pratt,2022-10-12,2023-07-03,Production Technician I,Tracy Warner,roy.pratt@bilearner.com,BPC,Active,Full-Time,Part-Time,Involuntary,Production       ,Catv,1961-06-13,MA,Female,Fully Meets,3174,2023-01-02,1,5,Communication Skills,External,Completed,Lake Ronald,860.91
Raphael,Whitney,2023-07-23,2023-08-01,Production Technician I,Richard Cox,raphael.whitney@bilearner.com,CCDR,Active,Full-Time,Full-Time,Voluntary,Production       ,Fielders,1947-07-11,MA,Female,Fully Meets,3175,2023-02-03,5,4,Technical Skills,External,Failed,Lake Donaldtown,686.77
Cade,Palmer,2018-12-13,2020-06-23,Production Technician I,Jessica Morgan,cade.palmer@bilearner.com,SVG,Active,Full-Time,Full-Time,Resignation,Production       ,Project Management - Con,2000-02-24,MA,Female,Exceeds,3176,2023-02-09,5,3,Leadership Development,External,Passed,West Ericchester,638.26
Abel,Potts,2019-09-30,2021-06-23,Production Technician I,Lori Martin,abel.potts@bilearner.com,EW,Terminated for Cause,Full-Time,Full-Time,Resignation,Production       ,Project Management - Con,2000-03-13,MA,Female,Fully Meets,3177,2023-04-20,3,4,Leadership Development,External,Incomplete,Lake Jenniferhaven,423.71
Wayne,Leon,2020-01-24,2023-06-09,Production Technician II,Eric Lopez,wayne.leon@bilearner.com,MSC,Voluntarily Terminated,Part-Time,Part-Time,Involuntary,Production       ,Field Operations,1990-04-30,MA,Female,PIP,3178,2022-10-07,5,2,Communication Skills,Internal,Incomplete,Lake Aaronton,708.78
Amya,Armstrong,2020-12-23,2021-03-17,Production Technician II,Victoria Thomas,amya.armstrong@bilearner.com,TNS,Active,Full-Time,Full-Time,Voluntary,Production       ,Field Operations,1941-12-22,MA,Male,Fully Meets,3179,2023-05-27,5,2,Leadership Development,Internal,Passed,South Sharon,376.96
Johnny,Whitehead,2019-06-07,2020-01-11,Production Technician II,Jennifer Dean,johnny.whitehead@bilearner.com,PYZ,Voluntarily Terminated,Full-Time,Temporary,Retirement,Production       ,Field Operations,1997-10-27,MA,Female,Fully Meets,3180,2023-01-30,2,1,Project Management,External,Completed,West Russell,829.59
Antwan,Clayton,2019-12-25,2021-11-14,Production Technician II,Cameron Harris,antwan.clayton@bilearner.com,WBL,Active,Contract,Temporary,Voluntary,Production       ,General - Con,1959-07-17,MA,Female,Fully Meets,3181,2023-04-05,5,4,Leadership Development,Internal,Incomplete,Justinland,900.21
Uriah,Guerrero,2022-11-03,2023-08-03,Production Technician II,Victor Warren,uriah.guerrero@bilearner.com,PL,Voluntarily Terminated,Full-Time,Temporary,Resignation,Production       ,Engineers,1953-02-15,MA,Male,PIP,3183,2023-05-06,1,1,Customer Service,External,Completed,Johnsonborough,205.22
Selena,Yoder,2020-09-23,2023-03-15,Production Technician I,Tina Wright,selena.yoder@bilearner.com,NEL,Voluntarily Terminated,Contract,Temporary,Voluntary,Production       ,Field Operations,1999-11-10,MA,Female,PIP,3185,2022-08-20,5,4,Communication Skills,External,Passed,New Michael,491.87
Kaila,Flowers,2021-08-29,2022-11-08,Production Technician I,Mary Weber,kaila.flowers@bilearner.com,PL,Active,Part-Time,Full-Time,Voluntary,Production       ,Aerial,1967-05-03,MA,Female,Fully Meets,3186,2023-06-12,5,2,Technical Skills,Internal,Failed,Elizabethchester,927.48
Dashawn,Ramirez,2022-12-13,2023-01-11,Production Technician I,Eric Riley Jr.,dashawn.ramirez@bilearner.com,PYZ,Active,Contract,Full-Time,Resignation,Production       ,Wireline Construction,1962-04-08,MA,Female,PIP,3187,2023-01-02,4,2,Leadership Development,Internal,Completed,South Jacobchester,831.15
Monserrat,Miranda,2022-07-06,2022-08-12,Production Technician I,Krystal Newton,monserrat.miranda@bilearner.com,BPC,Active,Part-Time,Part-Time,Retirement,Production       ,Technology / It,1945-01-28,MA,Male,Fully Meets,3191,2023-02-24,1,2,Project Management,External,Incomplete,Yolandashire,476.39
Johnathon,Lynch,2019-04-21,2022-01-12,Production Technician I,Alexandra Goodman,johnathon.lynch@bilearner.com,CCDR,Active,Full-Time,Part-Time,Resignation,Production       ,Aerial,1997-01-12,MA,Female,Fully Meets,3192,2023-06-26,5,4,Technical Skills,Internal,Incomplete,Lloydside,752.12
Kaylen,Hogan,2020-07-16,2020-10-15,Production Technician I,Latasha Garrison,kaylen.hogan@bilearner.com,NEL,Active,Full-Time,Full-Time,Resignation,Production       ,General - Con,1981-01-31,MA,Female,Fully Meets,3195,2023-03-23,5,4,Customer Service,External,Failed,Morenoville,556.09
Karley,Michael,2018-11-28,2021-08-14,Production Technician I,James Hawkins,karley.michael@bilearner.com,PL,Active,Full-Time,Temporary,Involuntary,Production       ,Engineers,1974-11-12,MA,Female,Fully Meets,3196,2022-10-31,3,3,Customer Service,Internal,Passed,Port Masonmouth,518.62
Dallas,Leach,2020-06-21,2023-06-23,Production Technician I,Andrea Walls,dallas.leach@bilearner.com,WBL,Voluntarily Terminated,Contract,Full-Time,Involuntary,Production       ,Engineers,1999-03-28,MA,Female,Fully Meets,3202,2022-12-25,2,5,Customer Service,Internal,Passed,Jenniferborough,194.06
Marianne,Eaton,2021-01-19,2022-09-11,Production Technician I,John Lutz,marianne.eaton@bilearner.com,PYZ,Voluntarily Terminated,Contract,Part-Time,Voluntary,Production       ,General - Sga,1961-09-10,MA,Female,Fully Meets,3203,2022-11-11,4,4,Project Management,External,Passed,Port Nicole,317.06
Roxana,Goyal,2020-08-13,2021-09-17,Production Technician I,Roy Bradshaw,roxana.goyal@bilearner.com,TNS,Leave of Absence,Contract,Part-Time,Voluntary,Production       ,Aerial,1988-02-02,MA,Female,Fully Meets,3205,2022-11-03,3,1,Customer Service,External,Incomplete,Lake Shane,407.29
Abdellah,Veera,2020-12-25,2023-03-08,Production Technician I,Jeffrey Gray,abdellah.veera@bilearner.com,CCDR,Voluntarily Terminated,Contract,Temporary,Resignation,Production       ,Field Operations,1973-09-04,MA,Male,Fully Meets,3208,2023-03-22,5,1,Leadership Development,Internal,Passed,North Rebecca,955.32
Mohammed,Latif,2020-12-27,2022-05-22,Production Technician II,Matthew Brown,mohammed.latif@bilearner.com,PYZ,Voluntarily Terminated,Full-Time,Part-Time,Resignation,Production       ,Field Operations,1972-06-30,MA,Male,Fully Meets,3212,2023-03-09,2,5,Customer Service,External,Failed,West Emilyport,944.89
Hamish,Garneau,2018-11-17,2019-12-27,Production Technician I,Brandy Ferguson,hamish.garneau@bilearner.com,WBL,Active,Full-Time,Part-Time,Involuntary,Production       ,Field Operations,1952-06-28,MA,Male,Fully Meets,3213,2023-01-08,2,5,Communication Skills,External,Passed,Alexanderberg,494.29
Sarah,Akinkuolie,2019-01-20,2019-10-01,Production Technician II,Karen Munoz,sarah.akinkuolie@bilearner.com,BPC,Voluntarily Terminated,Contract,Full-Time,Resignation,Production       ,General - Con,1968-09-28,MA,Female,Fully Meets,3217,2022-11-01,1,2,Customer Service,External,Passed,North Anne,723.2
Saniya,Bradley,2021-06-07,2023-06-23,Production Technician I,Emily Rodriguez,saniya.bradley@bilearner.com,EW,Active,Contract,Part-Time,Retirement,Production       ,General - Con,1977-07-29,MA,Female,Fully Meets,3225,2022-09-30,3,1,Communication Skills,Internal,Completed,Leonardland,374.1
Rosemary,Manning,2021-11-20,2022-06-06,Production Technician I,Michelle Kramer,rosemary.manning@bilearner.com,TNS,Leave of Absence,Contract,Temporary,Involuntary,Production       ,Aerial,1969-07-08,MA,Female,Fully Meets,3227,2022-11-21,3,5,Technical Skills,External,Incomplete,Figueroafort,431.12
Adrianna,Johnston,2019-05-27,2022-08-18,Production Technician I,Melissa Bennett,adrianna.johnston@bilearner.com,PYZ,Voluntarily Terminated,Full-Time,Temporary,Involuntary,Production       ,Field Operations,1946-06-03,MA,Male,Fully Meets,3228,2022-11-13,3,5,Customer Service,External,Passed,Websterstad,272.77
Annalise,Avila,2021-05-13,2023-07-13,Production Technician I,Patricia Lee,annalise.avila@bilearner.com,NEL,Leave of Absence,Full-Time,Full-Time,Resignation,Production       ,Field Operations,1991-04-20,MA,Female,Fully Meets,3230,2023-04-08,4,3,Project Management,External,Completed,East Vincentstad,466.81
Makenzie,Mercer,2021-10-06,2022-05-19,Production Technician I,Carlos Miller,makenzie.mercer@bilearner.com,BPC,Leave of Absence,Part-Time,Temporary,Resignation,Production       ,General - Con,1974-11-18,MA,Male,Fully Meets,3232,2023-07-01,5,2,Communication Skills,External,Failed,Danielleton,318.34
Julia,Vargas,2020-08-22,2020-08-26,Production Technician I,Jim Mccormick,julia.vargas@bilearner.com,CCDR,Leave of Absence,Contract,Part-Time,Voluntary,Production       ,Engineers,1969-02-08,MA,Male,Fully Meets,3233,2022-12-31,5,3,Communication Skills,Internal,Incomplete,Tracyshire,403.42
Emmett,York,2021-12-23,2022-10-17,Production Technician I,Jeffrey Webb,emmett.york@bilearner.com,EW,Active,Contract,Temporary,Resignation,Production       ,Engineers,1963-08-01,MA,Male,Fully Meets,3235,2022-10-22,3,4,Project Management,Internal,Failed,Murphyland,667.23
Landin,Walton,2022-01-24,2022-03-27,Production Technician II,James Williamson,landin.walton@bilearner.com,NEL,Active,Contract,Full-Time,Involuntary,Production       ,People Services,1979-06-04,MA,Female,Fully Meets,3236,2023-04-28,2,4,Communication Skills,Internal,Completed,Jonesview,209.99
Abby,Estes,2018-12-04,2022-07-01,Production Technician II,Anne Gomez,abby.estes@bilearner.com,PYZ,Voluntarily Terminated,Contract,Part-Time,Voluntary,Production       ,Wireline Construction,2000-09-04,MA,Male,Fully Meets,3238,2023-04-05,5,3,Project Management,External,Incomplete,Monicahaven,964.12
Kyan,Fritz,2018-08-12,2019-07-05,Production Technician II,Taylor Kim,kyan.fritz@bilearner.com,TNS,Voluntarily Terminated,Full-Time,Temporary,Voluntary,Production       ,Shop (Fleet),1980-03-05,MA,Female,Fully Meets,3240,2022-08-22,2,5,Project Management,External,Passed,Carlosland,801.31
Alma,Fischer,2021-11-23,2022-04-21,Production Technician I,Krista Hernandez,alma.fischer@bilearner.com,NEL,Voluntarily Terminated,Contract,Full-Time,Resignation,Production       ,Aerial,1955-04-13,MA,Male,Fully Meets,3242,2023-06-09,3,3,Communication Skills,Internal,Incomplete,New Ericberg,364.55
Leonel,Tanner,2019-06-07,2021-12-30,Production Technician I,Mrs. Vickie Barber,leonel.tanner@bilearner.com,CCDR,Terminated for Cause,Full-Time,Full-Time,Voluntary,Production       ,Field Operations,1948-04-10,MA,Female,Fully Meets,3245,2022-11-18,3,5,Project Management,External,Incomplete,New Kennethside,163.79
Natalia,Burns,2019-06-12,2021-05-25,Production Technician I,Barry Hernandez,natalia.burns@bilearner.com,SVG,Terminated for Cause,Part-Time,Part-Time,Retirement,Production       ,Safety,1988-04-15,MA,Female,Fully Meets,3246,2023-05-03,1,1,Technical Skills,Internal,Failed,Seanstad,325.19
Hailee,Raymond,2023-04-20,2023-08-06,Production Technician I,Glenn Kelly,hailee.raymond@bilearner.com,EW,Active,Full-Time,Part-Time,Resignation,Production       ,General - Con,1943-07-18,MA,Female,Fully Meets,3247,2023-06-26,2,5,Communication Skills,Internal,Completed,West Brianborough,834.12
Micah,Douglas,2018-08-07,2023-07-19,Production Technician I,Amy Reeves,micah.douglas@bilearner.com,MSC,Active,Contract,Part-Time,Resignation,Production       ,General - Con,1967-03-18,MA,Female,Fully Meets,3248,2022-11-04,4,3,Customer Service,External,Completed,Jacksonshire,222.11
Elliana,Thomas,2019-02-15,2019-04-25,Production Technician I,Natalie Cox,elliana.thomas@bilearner.com,WBL,Voluntarily Terminated,Contract,Part-Time,Resignation,Production       ,Field Operations,1956-04-12,MA,Male,Fully Meets,3251,2023-04-09,5,1,Leadership Development,Internal,Completed,Castanedaville,719.24
Tessa,Estes,2019-09-01,2021-06-01,Production Technician I,Terrance Pitts,tessa.estes@bilearner.com,PL,Leave of Absence,Part-Time,Part-Time,Involuntary,Production       ,Field Operations,1993-05-15,MA,Female,Fully Meets,3253,2023-03-28,1,3,Communication Skills,External,Failed,Heatherstad,869.46
Charlie,Carson,2021-02-23,2022-07-13,Production Technician I,Samantha Gilbert,charlie.carson@bilearner.com,BPC,Leave of Absence,Full-Time,Temporary,Voluntary,Production       ,General - Sga,1989-08-20,MA,Male,Fully Meets,3254,2022-10-30,2,4,Leadership Development,External,Failed,Port Dillon,823.95
Dania,Hale,2022-05-09,2022-06-10,Production Technician II,Matthew York,dania.hale@bilearner.com,CCDR,Voluntarily Terminated,Full-Time,Full-Time,Resignation,Production       ,Field Operations,1946-11-25,MA,Male,Fully Meets,3259,2022-11-07,5,2,Project Management,Internal,Failed,Jeffreytown,577.84
Kaylen,Fisher,2021-01-17,2023-06-25,Production Technician II,Philip Jackson,kaylen.fisher@bilearner.com,EW,Leave of Absence,Part-Time,Temporary,Involuntary,Production       ,Field Operations,1948-03-01,MA,Male,Fully Meets,3261,2023-06-07,2,2,Project Management,External,Failed,Scottmouth,253.14
Cruz,Davila,2022-04-20,2023-04-30,Production Technician I,Renee Jones DVM,cruz.davila@bilearner.com,NEL,Voluntarily Terminated,Full-Time,Part-Time,Involuntary,Production       ,Engineers,1990-04-14,MA,Male,PIP,3263,2023-06-18,1,3,Project Management,Internal,Passed,Jonathanstad,320.26
Alani,Phillips,2021-12-31,2023-05-10,Production Technician I,Jim Melton,alani.phillips@bilearner.com,PL,Terminated for Cause,Part-Time,Part-Time,Involuntary,Production       ,General - Eng,1950-06-09,MA,Male,Fully Meets,3264,2023-07-19,1,4,Leadership Development,Internal,Failed,Stephentown,506.18
Perla,Terry,2019-12-12,2020-01-17,Production Technician I,Lindsey Aguilar,perla.terry@bilearner.com,SVG,Active,Contract,Part-Time,Voluntary,Production       ,Splicing,1963-11-07,MA,Female,Fully Meets,3267,2023-06-14,1,5,Communication Skills,External,Incomplete,East Rebekah,980.78
Taryn,Snow,2019-07-02,2022-11-26,Production Technician I,Kenneth Bender,taryn.snow@bilearner.com,PYZ,Voluntarily Terminated,Contract,Part-Time,Involuntary,Production       ,Engineers,1970-04-29,MA,Male,Fully Meets,3271,2023-03-12,1,5,Technical Skills,External,Passed,South Brittanyhaven,747.02
Arely,May,2020-01-21,2020-07-29,Production Technician I,Anthony Bass,arely.may@bilearner.com,PL,Leave of Absence,Part-Time,Full-Time,Retirement,Production       ,Aerial,1965-06-28,MA,Female,PIP,3274,2023-06-25,3,5,Customer Service,External,Failed,Millerview,293.34
Wade,Beltran,2023-06-16,2023-06-24,Production Technician II,Darlene Garcia,wade.beltran@bilearner.com,NEL,Active,Part-Time,Temporary,Retirement,Production       ,Aerial,1980-05-21,MA,Female,Fully Meets,3277,2023-01-07,3,2,Project Management,Internal,Passed,South Felicia,997.87
Mina,Bryant,2020-09-08,2021-10-17,Production Technician II,Angela Griffin MD,mina.bryant@bilearner.com,PL,Active,Contract,Part-Time,Retirement,Production       ,Field Operations,1944-11-15,MA,Female,Fully Meets,3278,2022-10-14,1,4,Leadership Development,Internal,Failed,Tonyachester,855.9
Jonas,Everett,2019-01-23,2020-11-24,Production Technician II,Katrina Davis,jonas.everett@bilearner.com,BPC,Active,Full-Time,Full-Time,Involuntary,Production       ,Engineers,1994-01-31,MA,Male,Fully Meets,3279,2023-04-01,5,2,Technical Skills,Internal,Incomplete,Frankland,518.24
Makaila,Pham,2023-05-29,2023-07-23,Production Technician II,Tamara Bailey,makaila.pham@bilearner.com,CCDR,Voluntarily Terminated,Part-Time,Temporary,Involuntary,Production       ,Project Management - Con,1983-07-09,MA,Male,Fully Meets,3280,2023-08-03,4,5,Project Management,External,Incomplete,South Connieborough,580.09
Kennedi,Howell,2022-08-21,2023-03-29,Production Technician I,Jonathan Franco,kennedi.howell@bilearner.com,EW,Voluntarily Terminated,Contract,Part-Time,Resignation,Production       ,Fielders,1948-10-17,MA,Male,Fully Meets,3284,2022-12-09,2,4,Technical Skills,External,Incomplete,Loritown,538.22
Rashad,Sutton,2021-07-16,2023-06-12,Production Technician I,Mark Mills,rashad.sutton@bilearner.com,MSC,Terminated for Cause,Contract,Part-Time,Retirement,Production       ,Wireline Construction,1954-01-15,MA,Male,PIP,3285,2023-05-29,3,3,Project Management,External,Incomplete,Lake Michaelhaven,698.54
Nadia,Romero,2019-01-12,2020-01-09,Production Technician I,Connor Wallace,nadia.romero@bilearner.com,PYZ,Voluntarily Terminated,Part-Time,Part-Time,Retirement,Production       ,Field Operations,1946-05-13,MA,Male,Fully Meets,3292,2022-08-14,5,4,Leadership Development,Internal,Passed,Lake Ronaldfort,237.3
Lillianna,Hill,2021-04-09,2022-11-29,Production Technician I,Cindy Ruiz,lillianna.hill@bilearner.com,WBL,Voluntarily Terminated,Contract,Full-Time,Retirement,Production       ,General - Con,1967-09-01,MA,Female,Fully Meets,3293,2023-06-29,5,3,Leadership Development,Internal,Incomplete,Mirandamouth,261.25
Brent,Henry,2022-06-04,2022-12-24,Production Technician I,Regina Dickerson,brent.henry@bilearner.com,NEL,Leave of Absence,Full-Time,Temporary,Retirement,Production       ,Aerial,1965-06-06,MA,Female,Fully Meets,3294,2023-01-28,3,2,Communication Skills,External,Incomplete,South William,582.07
Isis,Brooks,2019-01-07,2019-10-08,Production Technician I,Michael Palmer,isis.brooks@bilearner.com,BPC,Leave of Absence,Part-Time,Full-Time,Voluntary,Production       ,Field Operations,1947-10-07,MA,Male,PIP,3296,2022-10-13,1,4,Communication Skills,Internal,Passed,New Ernest,602.7
Axel,Dunlap,2020-07-18,2021-04-20,Production Technician I,Bryan Beasley,axel.dunlap@bilearner.com,CCDR,Leave of Absence,Contract,Temporary,Retirement,Production       ,Field Operations,1955-10-12,MA,Male,Fully Meets,3297,2022-10-22,2,3,Communication Skills,External,Incomplete,Lake Danny,440.54
Tatum,Petty,2020-11-19,2021-05-21,Production Technician II,Sarah Escobar,tatum.petty@bilearner.com,EW,Active,Full-Time,Full-Time,Involuntary,Production       ,Field Operations,1996-03-10,MA,Female,Fully Meets,3298,2022-12-12,3,4,Customer Service,Internal,Completed,Millerburgh,549.56
Rosemary,Becker,2021-03-25,2022-05-08,Production Technician II,Mr. Gregory Mullins MD,rosemary.becker@bilearner.com,NEL,Active,Full-Time,Part-Time,Resignation,Production       ,Field Operations,1946-11-27,MA,Male,Fully Meets,3300,2023-02-09,1,1,Leadership Development,External,Incomplete,Port Gregory,897.32
Amiah,Sweeney,2019-05-13,2022-08-13,Production Technician II,Michael Clark,amiah.sweeney@bilearner.com,PL,Voluntarily Terminated,Contract,Full-Time,Retirement,Production       ,Field Operations,1997-08-27,MA,Male,Fully Meets,3301,2022-11-10,2,2,Customer Service,Internal,Incomplete,North Christopherberg,443.13
Maya,Mccoy,2019-06-07,2022-11-06,Production Technician II,Shawn Johnson,maya.mccoy@bilearner.com,PYZ,Leave of Absence,Full-Time,Part-Time,Retirement,Production       ,General - Con,1943-07-25,MA,Female,Fully Meets,3302,2022-09-24,5,1,Communication Skills,External,Incomplete,Andreton,584.29
Jace,Galloway,2020-11-30,2022-10-23,Production Technician I,Alex Lopez,jace.galloway@bilearner.com,WBL,Voluntarily Terminated,Contract,Part-Time,Involuntary,Production       ,Project Management - Con,1992-07-09,MA,Female,Fully Meets,3305,2022-08-08,5,4,Project Management,Internal,Completed,North Charles,149.24
Justice,Guerra,2022-09-24,2022-10-27,Production Technician I,Angela Terry,justice.guerra@bilearner.com,NEL,Voluntarily Terminated,Full-Time,Temporary,Voluntary,Production       ,Field Operations,1992-03-31,MA,Male,PIP,3306,2022-12-17,3,5,Project Management,External,Incomplete,East Derek,267.72
George,Fritz,2022-02-02,2023-02-04,Production Technician I,Sheryl Austin,george.fritz@bilearner.com,SVG,Active,Part-Time,Part-Time,Retirement,Production       ,Executive,1975-07-25,MA,Female,Fully Meets,3310,2022-11-04,4,5,Project Management,External,Incomplete,West Vincent,514.23
William,Avila,2021-06-17,2021-12-03,Production Technician I,Christina Kennedy,william.avila@bilearner.com,EW,Active,Contract,Temporary,Retirement,Production       ,Field Operations,1974-03-12,MA,Female,Fully Meets,3311,2023-07-31,5,2,Communication Skills,Internal,Passed,Benjaminchester,773.82
Amy,Pace,2018-10-13,2020-03-18,Production Technician I,Crystal Richmond,amy.pace@bilearner.com,WBL,Voluntarily Terminated,Full-Time,Temporary,Involuntary,Production       ,Field Operations,1957-04-15,MA,Female,Fully Meets,3315,2023-06-20,5,3,Leadership Development,Internal,Incomplete,Tonyamouth,976.59
Bronson,Houston,2020-04-25,2022-12-13,Production Technician I,Theresa Holmes,bronson.houston@bilearner.com,NEL,Leave of Absence,Part-Time,Full-Time,Retirement,Production       ,Catv,1975-11-11,MA,Female,Fully Meets,3316,2022-08-10,2,1,Communication Skills,Internal,Failed,Riveramouth,780.12
Maddison,Dixon,2019-11-18,2022-02-10,Production Technician I,Thomas Figueroa,maddison.dixon@bilearner.com,BPC,Leave of Absence,Part-Time,Full-Time,Resignation,Production       ,People Services,1996-12-08,MA,Male,Fully Meets,3318,2022-11-17,4,3,Leadership Development,Internal,Incomplete,North Taylorfurt,728.28
Roland,Berg,2020-07-31,2022-09-27,Production Technician II,Kathleen Bowen,roland.berg@bilearner.com,CCDR,Voluntarily Terminated,Part-Time,Full-Time,Voluntary,Production       ,Aerial,1943-10-09,MA,Male,Fully Meets,3322,2022-11-27,2,5,Communication Skills,External,Failed,South Davidtown,371.76
Lilliana,Cowan,2023-06-17,2023-07-13,Production Technician II,Chloe Berg,lilliana.cowan@bilearner.com,SVG,Leave of Absence,Full-Time,Temporary,Voluntary,Production       ,Project Management - Con,1962-06-04,MA,Female,Fully Meets,3323,2022-11-09,5,3,Communication Skills,External,Incomplete,South Johnside,967.51
Beatrice,Vance,2019-06-30,2022-07-24,Production Technician II,Anna Martinez,beatrice.vance@bilearner.com,EW,Leave of Absence,Part-Time,Part-Time,Involuntary,Production       ,Splicing,1952-11-04,MA,Female,PIP,3324,2022-09-06,3,2,Technical Skills,External,Failed,East Lauraton,468.78
Andrea,Khan,2021-07-13,2022-03-11,Production Technician II,Christopher Blankenship,andrea.khan@bilearner.com,MSC,Voluntarily Terminated,Contract,Part-Time,Involuntary,Production       ,Field Operations,1993-10-14,MA,Female,Fully Meets,3325,2023-03-20,4,5,Technical Skills,External,Completed,South William,747.42
Braylen,Cruz,2020-10-24,2023-04-11,Production Technician I,Pamela Carter,braylen.cruz@bilearner.com,NEL,Voluntarily Terminated,Part-Time,Full-Time,Resignation,Production       ,Engineers,1961-02-06,MA,Male,Fully Meets,3328,2023-05-19,2,5,Technical Skills,Internal,Failed,South Christopher,391.22
Sydney,Chang,2019-03-24,2020-10-16,Production Technician I,Stephanie Pierce,sydney.chang@bilearner.com,CCDR,Active,Full-Time,Part-Time,Voluntary,Production       ,Field Operations,1963-11-06,MA,Female,Fully Meets,3331,2022-08-26,1,5,Communication Skills,Internal,Passed,Franklinfurt,242.55
Abbigail,Solis,2019-06-28,2021-12-16,Production Technician I,Mary Rivera,abbigail.solis@bilearner.com,TNS,Voluntarily Terminated,Part-Time,Temporary,Resignation,Production       ,Field Operations,1992-04-07,MA,Male,Fully Meets,3335,2022-12-01,5,1,Project Management,Internal,Incomplete,North Rebecca,388.61
Sincere,Preston,2023-03-25,2023-05-17,Production Technician I,Eric Huber,sincere.preston@bilearner.com,PYZ,Voluntarily Terminated,Contract,Part-Time,Retirement,Production       ,General - Con,1979-06-21,MA,Male,Fully Meets,3336,2023-01-25,4,4,Leadership Development,Internal,Incomplete,Estradamouth,290.13
Konner,Sheppard,2022-10-15,2023-01-25,Production Technician II,Paul Watson,konner.sheppard@bilearner.com,WBL,Active,Full-Time,Temporary,Involuntary,Production       ,General - Con,1955-01-28,MA,Female,Fully Meets,3341,2023-03-20,3,5,Technical Skills,Internal,Failed,South John,933.59
Seth,Huff,2022-02-21,2023-05-26,Production Technician II,Kari Walker,seth.huff@bilearner.com,PL,Active,Part-Time,Full-Time,Retirement,Production       ,Field Operations,1965-11-25,MA,Male,Fully Meets,3343,2023-07-21,4,2,Technical Skills,External,Failed,Lauramouth,819.62
Moshe,Anderson,2021-12-13,2023-01-29,Production Technician II,Michael Spencer,moshe.anderson@bilearner.com,CCDR,Voluntarily Terminated,Full-Time,Part-Time,Retirement,Production       ,Project Management - Con,1981-04-09,MA,Male,Fully Meets,3345,2023-02-22,1,1,Project Management,External,Incomplete,Alexishaven,127.93
Kadyn,Bush,2021-03-30,2022-02-12,Production Technician II,Juan Cooper,kadyn.bush@bilearner.com,SVG,Leave of Absence,Part-Time,Temporary,Involuntary,Production       ,Yard (Material Handling),1957-04-07,MA,Female,Fully Meets,3346,2023-05-25,5,3,Leadership Development,Internal,Incomplete,Johnsonberg,608.47
Ahmed,Lindsey,2021-02-02,2022-05-13,Production Technician II,John Taylor,ahmed.lindsey@bilearner.com,EW,Leave of Absence,Contract,Temporary,Resignation,Production       ,Catv,1962-08-22,MA,Female,Fully Meets,3347,2023-05-06,4,2,Technical Skills,External,Incomplete,East Vicki,501.92
Kayden,Hill,2021-12-15,2022-04-06,Production Technician I,Amanda White,kayden.hill@bilearner.com,CCDR,Voluntarily Terminated,Contract,Part-Time,Involuntary,Production       ,Shop (Fleet),1974-09-08,MA,Male,Fully Meets,3351,2023-02-14,4,2,Communication Skills,External,Incomplete,North Sabrina,388.02
Neil,Dunn,2021-08-09,2023-06-16,Production Technician I,Michael Brown,neil.dunn@bilearner.com,NEL,Active,Part-Time,Temporary,Retirement,Production       ,Field Operations,1961-04-21,MA,Female,Fully Meets,3354,2022-09-02,1,4,Communication Skills,Internal,Incomplete,South Elizabeth,503.22
Darryl,Ponce,2023-01-02,2023-06-18,Production Technician I,Elizabeth Scott,darryl.ponce@bilearner.com,PL,Active,Contract,Part-Time,Resignation,Production       ,Aerial,1991-02-23,MA,Female,Fully Meets,3355,2023-07-08,1,3,Leadership Development,Internal,Passed,Kristamouth,492.21
Johnathan,Mayo,2021-07-30,2022-12-03,Production Technician I,Jerry Williams,johnathan.mayo@bilearner.com,TNS,Leave of Absence,Full-Time,Part-Time,Voluntary,Production       ,Field Operations,2000-01-24,MA,Male,Fully Meets,3358,2022-09-27,1,1,Customer Service,External,Failed,South Melissa,806.4
Lilianna,Conway,2020-12-29,2022-02-23,Production Technician I,Patrick Hart,lilianna.conway@bilearner.com,CCDR,Voluntarily Terminated,Part-Time,Temporary,Voluntary,Production       ,General - Con,1943-10-04,MA,Female,Exceeds,3361,2023-03-23,1,3,Communication Skills,External,Passed,North Johnnyberg,921.81
Marisa,Frank,2021-03-05,2021-09-07,Production Technician II,Courtney Chambers,marisa.frank@bilearner.com,WBL,Active,Part-Time,Temporary,Retirement,Production       ,Engineers,1960-06-05,MA,Female,Exceeds,3364,2023-03-18,1,5,Leadership Development,Internal,Completed,Keyfurt,205.35
Andre,Allison,2019-01-20,2020-01-18,Production Technician II,Angela Fowler,andre.allison@bilearner.com,PL,Voluntarily Terminated,Contract,Full-Time,Voluntary,Production       ,General - Con,1976-05-14,MA,Male,Exceeds,3366,2022-08-21,4,5,Project Management,External,Passed,New Karahaven,546.47
Destiny,Bright,2020-05-30,2022-02-01,Production Technician II,Patricia Doyle,destiny.bright@bilearner.com,BPC,Voluntarily Terminated,Full-Time,Full-Time,Retirement,Production       ,Field Operations,1962-10-16,MA,Male,Exceeds,3367,2022-09-11,4,1,Leadership Development,Internal,Passed,West Lisabury,448.21
Karli,Parks,2019-11-14,2023-05-14,Production Technician II,Benjamin Cook,karli.parks@bilearner.com,CCDR,Leave of Absence,Part-Time,Part-Time,Retirement,Production       ,Field Operations,1990-02-07,MA,Male,Exceeds,3368,2023-06-15,5,1,Leadership Development,Internal,Incomplete,West Kelly,970.35
Mylie,Callahan,2022-07-27,2023-03-24,Production Technician II,Jeff Cabrera,mylie.callahan@bilearner.com,SVG,Leave of Absence,Part-Time,Temporary,Resignation,Production       ,General - Con,1950-08-29,MA,Female,Exceeds,3369,2023-06-16,2,5,Project Management,Internal,Completed,Hicksland,152.86
Aliya,Moss,2022-12-20,2023-03-22,Production Technician II,Keith Rasmussen,aliya.moss@bilearner.com,MSC,Voluntarily Terminated,Full-Time,Full-Time,Resignation,Production       ,Wireless,1970-11-22,MA,Female,Exceeds,3371,2022-08-08,4,2,Communication Skills,Internal,Passed,Spencerstad,210.15
Kylie,Roman,2023-01-14,2023-03-14,Production Technician I,Tammy Small,kylie.roman@bilearner.com,TNS,Voluntarily Terminated,Contract,Part-Time,Involuntary,Production       ,Project Management - Con,1992-05-27,MA,Female,Fully Meets,3372,2023-07-13,1,3,Technical Skills,External,Passed,West Ellentown,627.18
Ronald,Bullock,2022-09-24,2023-03-10,Production Technician I,Thomas Rios,ronald.bullock@bilearner.com,WBL,Voluntarily Terminated,Part-Time,Temporary,Involuntary,Production       ,Field Operations,1999-12-04,MA,Male,Exceeds,3374,2023-03-17,1,3,Communication Skills,Internal,Completed,Gabrielleport,123.64
Sharon,Beltran,2020-06-08,2021-07-13,Production Technician I,Kathy Kelley,sharon.beltran@bilearner.com,NEL,Voluntarily Terminated,Full-Time,Full-Time,Voluntary,Production       ,Engineers,1999-09-20,MA,Female,Exceeds,3375,2023-01-24,2,4,Technical Skills,Internal,Failed,North Michaelborough,655.61
Cruz,Ashley,2020-02-24,2023-05-13,Production Technician I,Evan Schultz,cruz.ashley@bilearner.com,BPC,Active,Part-Time,Temporary,Resignation,Production       ,Splicing,1989-09-06,MA,Female,Exceeds,3377,2022-12-19,3,5,Communication Skills,Internal,Completed,New Ryan,485.17
Marquis,Joseph,2023-04-09,2023-06-14,Production Technician I,Walter Henry,marquis.joseph@bilearner.com,SVG,Leave of Absence,Contract,Part-Time,Voluntary,Production       ,Technology / It,1973-06-23,MA,Female,Exceeds,3379,2022-12-31,2,1,Technical Skills,Internal,Failed,Joannaview,849.25
Aimee,Hughes,2020-08-13,2020-10-02,Production Technician I,Jose Brown,aimee.hughes@bilearner.com,PYZ,Voluntarily Terminated,Part-Time,Part-Time,Resignation,Production       ,General - Con,1985-04-01,MA,Female,Exceeds,3383,2022-11-12,3,2,Leadership Development,Internal,Failed,Amybury,750.79
Darnell,Shelton,2019-11-25,2021-01-28,Production Technician II,Alec Phillips,darnell.shelton@bilearner.com,WBL,Active,Contract,Temporary,Voluntary,Production       ,General - Con,1995-02-18,MA,Female,Fully Meets,3386,2023-01-01,2,1,Leadership Development,External,Incomplete,Savageborough,348.3
Lizeth,Middleton,2022-10-21,2023-01-05,Production Technician II,Joanna Nguyen,lizeth.middleton@bilearner.com,CCDR,Leave of Absence,Part-Time,Temporary,Voluntary,Production       ,Billable Consultants,1969-01-10,MA,Female,Fully Meets,3390,2023-08-02,2,4,Leadership Development,Internal,Failed,Davismouth,765.2
Dakota,Lowery,2019-11-18,2021-09-22,Production Technician II,Sean Walsh,dakota.lowery@bilearner.com,EW,Voluntarily Terminated,Full-Time,Full-Time,Voluntary,Production       ,General - Con,1988-02-29,MA,Female,Fully Meets,3392,2022-10-02,3,4,Technical Skills,External,Completed,New Julieshire,319.39
Summer,Barber,2021-06-09,2022-01-13,Production Technician I,Penny Campbell DDS,summer.barber@bilearner.com,TNS,Voluntarily Terminated,Part-Time,Part-Time,Resignation,Production       ,Field Operations,1975-02-09,MA,Female,Needs Improvement,3395,2023-05-30,4,4,Communication Skills,Internal,Failed,Port John,745.69
Stephen,Mcmillan,2021-04-05,2021-11-29,Production Technician I,Stephanie Petty,stephen.mcmillan@bilearner.com,SVG,Voluntarily Terminated,Part-Time,Full-Time,Voluntary,Production       ,General - Con,1949-11-30,MA,Female,Fully Meets,3396,2022-09-13,4,3,Leadership Development,External,Passed,Lake Susan,743.92
Kyler,Cherry,2019-11-09,2022-09-03,Production Technician I,Danielle Hanson,kyler.cherry@bilearner.com,PL,Active,Part-Time,Full-Time,Retirement,Production       ,General - Con,1956-12-11,MA,Female,Fully Meets,3398,2022-08-15,5,2,Project Management,External,Passed,New Jennifer,155.61
Corinne,Reeves,2022-06-05,2023-06-01,Production Technician I,Paige Savage,corinne.reeves@bilearner.com,NEL,Active,Full-Time,Full-Time,Involuntary,Production       ,Aerial,1984-02-25,MA,Female,Fully Meets,3399,2023-05-23,4,4,Leadership Development,External,Failed,Jennafort,898.26
Taniya,Kane,2021-11-10,2023-06-04,Production Technician I,Scott Powell,taniya.kane@bilearner.com,EW,Leave of Absence,Contract,Full-Time,Involuntary,Production       ,Field Operations,1973-04-11,MA,Male,Fully Meets,3401,2022-11-06,4,4,Project Management,Internal,Passed,New Michellestad,605.29
Nevaeh,Mcmillan,2021-03-03,2022-04-12,Production Technician I,Laura Wong,nevaeh.mcmillan@bilearner.com,CCDR,Voluntarily Terminated,Part-Time,Full-Time,Voluntary,Production       ,Field Operations,1971-11-30,MA,Male,Fully Meets,3402,2023-04-23,1,4,Customer Service,External,Incomplete,Kellychester,783.25
Dillon,Larson,2021-02-19,2022-11-15,Production Technician I,Erin Allen,dillon.larson@bilearner.com,BPC,Voluntarily Terminated,Contract,Full-Time,Retirement,Production       ,Field Operations,1975-09-03,MA,Female,Exceeds,3403,2023-03-06,4,4,Communication Skills,External,Completed,Turnermouth,406.68
Willie,Howe,2019-04-25,2022-11-11,Production Technician I,Ivan Bryant,willie.howe@bilearner.com,PYZ,Leave of Absence,Part-Time,Full-Time,Involuntary,Production       ,Field Operations,1985-01-20,MA,Female,Fully Meets,3404,2023-03-22,4,1,Customer Service,Internal,Incomplete,North Kelly,518.46
Selina,Jefferson,2020-01-13,2022-10-21,Production Technician I,Karen Lin,selina.jefferson@bilearner.com,WBL,Leave of Absence,Contract,Full-Time,Voluntary,Production       ,Field Operations,1979-03-02,MA,Female,Fully Meets,3405,2022-08-16,2,1,Customer Service,External,Completed,Kellermouth,397.18
Serenity,Montgomery,2020-03-25,2023-04-26,Production Technician I,Tina Munoz,serenity.montgomery@bilearner.com,NEL,Voluntarily Terminated,Contract,Temporary,Involuntary,Production       ,Finance & Accounting,1955-05-17,MA,Female,Fully Meets,3406,2023-07-16,5,5,Customer Service,Internal,Incomplete,New Roberthaven,538.94
Kamila,Sanders,2021-04-15,2023-05-11,Production Technician II,Aaron Stewart,kamila.sanders@bilearner.com,WBL,Active,Part-Time,Temporary,Voluntary,Production       ,Field Operations,1953-02-26,MA,Female,Fully Meets,3407,2023-05-09,1,3,Leadership Development,External,Incomplete,West Mark,501.87
Rose,Mcguire,2022-12-15,2023-04-25,Production Technician II,Nicole Holland,rose.mcguire@bilearner.com,NEL,Voluntarily Terminated,Contract,Full-Time,Resignation,Production       ,Field Operations,1965-01-07,MA,Male,Fully Meets,3408,2023-06-02,2,2,Leadership Development,External,Failed,South Anthonyfort,877.62
Brenton,Zavala,2022-10-08,2023-02-04,Production Technician II,Jonathan Brown,brenton.zavala@bilearner.com,PL,Active,Contract,Full-Time,Resignation,Production       ,Yard (Material Handling),1943-03-15,MA,Male,Fully Meets,3409,2022-10-03,5,5,Technical Skills,Internal,Failed,Johnsonfort,575.11
Julien,Cisneros,2022-09-09,2023-03-16,Production Technician I,Jerry Johnson,julien.cisneros@bilearner.com,TNS,Voluntarily Terminated,Full-Time,Part-Time,Retirement,Production       ,Splicing,1974-10-14,MA,Male,Fully Meets,3415,2023-06-08,2,5,Leadership Development,Internal,Completed,Fredericktown,103.35
Levi,Hayden,2020-10-10,2022-08-05,Production Technician I,Lynn Smith,levi.hayden@bilearner.com,NEL,Active,Contract,Full-Time,Voluntary,Production       ,Field Operations,1944-08-10,MA,Female,Fully Meets,3420,2023-03-08,2,3,Project Management,External,Passed,North Christophermouth,489.02
Brenden,Leach,2022-05-09,2022-09-08,Production Technician I,Donna Lawson,brenden.leach@bilearner.com,PL,Active,Part-Time,Part-Time,Retirement,Production       ,Wireless,1959-06-11,MA,Female,Fully Meets,3421,2023-02-15,5,4,Customer Service,External,Passed,Greeneside,786.71
Jakobe,Erickson,2022-06-22,2022-08-07,Production Technician I,Bethany Carter,jakobe.erickson@bilearner.com,PYZ,Leave of Absence,Part-Time,Part-Time,Retirement,Production       ,Engineers,1998-06-23,MA,Female,Fully Meets,3422,2023-06-08,1,1,Communication Skills,Internal,Failed,Alyssaview,707.96
Annabel,Wilkins,2020-12-09,2022-08-04,Production Technician I,Mr. James Castillo,annabel.wilkins@bilearner.com,TNS,Voluntarily Terminated,Contract,Temporary,Involuntary,Production       ,Wireline Construction,1997-01-27,MA,Male,Fully Meets,3424,2023-03-14,2,4,Project Management,Internal,Completed,Lozanoburgh,981.13
Kendra,Braun,2019-05-28,2021-10-23,Production Technician I,Michael Woods,kendra.braun@bilearner.com,WBL,Voluntarily Terminated,Contract,Full-Time,Resignation,Production       ,Aerial,1954-05-28,MA,Female,Fully Meets,3425,2022-12-25,5,2,Technical Skills,External,Completed,Hughesburgh,184.27
